{"type":"FeatureCollection","features":[{"type":"Feature","geometry":{"type":"Polygon","coordinates":[[[-116.88,46],[-116.9,46.11],[-116.93,46.2],[-116.99,46.29],[-117.02,46.39],[-117.03,46.55],[-117.04,46.76],[-117.04,47.32],[-117.04,47.65],[-117.04,48.01],[-117.04,48.4],[-117.04,48.81],[-117.04,48.99],[-117.31,48.99],[-117.31,49.02],[-117.29,49.06],[-117.27,49.09],[-117.23,49.12],[-117.19,49.14],[-117.15,49.16],[-117.09,49.17],[-117.04,49.17],[-117.5,49.17],[-122.31,49.17],[-122.55,49.16],[-122.74,49.15],[-122.85,49.12],[-122.9,49.11],[-122.94,49.09],[-122.97,49.06],[-123,49.03],[-123.02,49],[-123.03,48.97],[-123.02,48.89],[-123.01,48.85],[-122.99,48.82],[-122.88,48.72],[-122.78,48.66],[-122.75,48.63],[-122.74,48.59],[-122.74,48.53],[-122.77,48.48],[-122.77,48.37],[-122.76,48.33],[-122.74,48.3],[-122.66,48.22],[-122.64,48.18],[-122.85,48.24],[-123.08,48.29],[-123.53,48.33],[-123.87,48.35],[-123.94,48.36],[-124.02,48.38],[-124.12,48.41],[-124.27,48.46],[-124.4,48.49],[-124.44,48.5],[-124.57,48.5],[-124.62,48.5],[-124.67,48.49],[-124.77,48.45],[-124.81,48.43],[-124.84,48.41],[-124.92,48.31],[-124.96,48.23],[-124.97,48.14],[-124.96,48.04],[-124.89,47.88],[-124.78,47.74],[-124.72,47.7],[-124.7,47.67],[-124.67,47.62],[-124.64,47.56],[-124.59,47.38],[-124.52,47.2],[-124.48,47.1],[-124.39,46.97],[-124.37,46.95],[-124.31,46.9],[-124.32,46.87],[-124.32,46.84],[-124.31,46.74],[-124.3,46.71],[-124.29,46.67],[-124.26,46.65],[-124.23,46.62],[-124.19,46.6],[-124.17,46.59],[-124.17,46.56],[-124.17,46.52],[-124.19,46.51],[-124.22,46.48],[-124.27,46.41],[-124.28,46.38],[-124.29,46.34],[-124.28,46.31],[-124.27,46.28],[-124.2,46.2],[-124.17,46.17],[-124.16,46.16],[-124.13,46.14],[-124.1,46.15],[-124.02,46.17],[-123.97,46.19],[-123.94,46.2],[-123.89,46.2],[-123.82,46.22],[-123.72,46.25],[-123.64,46.25],[-123.58,46.26],[-123.53,46.25],[-123.47,46.23],[-123.45,46.22],[-123.38,46.18],[-123.33,46.17],[-123.31,46.16],[-123.27,46.16],[-123.25,46.15],[-123.23,46.16],[-123.2,46.17],[-123.18,46.18],[-123.01,46.14],[-122.95,46.11],[-122.94,46.11],[-122.87,46.06],[-122.82,45.98],[-122.8,45.93],[-122.77,45.78],[-122.72,45.71],[-122.65,45.66],[-122.56,45.63],[-122.44,45.6],[-122.32,45.6],[-122.2,45.6],[-122.08,45.63],[-121.97,45.66],[-121.85,45.69],[-121.72,45.71],[-121.59,45.72],[-121.36,45.71],[-121.22,45.68],[-121.14,45.64],[-121.04,45.63],[-120.93,45.64],[-120.72,45.7],[-120.56,45.73],[-120.38,45.74],[-120.26,45.75],[-120.13,45.77],[-119.99,45.81],[-119.83,45.85],[-119.68,45.89],[-119.54,45.91],[-119.4,45.93],[-119.28,45.94],[-119.1,45.96],[-119.03,45.98],[-118.95,45.99],[-118.8,46],[-118.59,46],[-117.79,46],[-117.27,46],[-116.88,46]]]},"properties":{"codigo_iso_3166_2":"US-WA"}},{"type":"Feature","geometry":{"type":"Polygon","coordinates":[[[-116.88,46],[-116.8,45.9],[-116.72,45.83],[-116.62,45.78],[-116.53,45.72],[-116.49,45.64],[-116.5,45.55],[-116.58,45.44],[-116.67,45.28],[-116.76,45.08],[-116.85,44.92],[-117.03,44.71],[-117.13,44.58],[-117.19,44.46],[-117.2,44.37],[-117.19,44.33],[-117.12,44.29],[-116.99,44.26],[-116.93,44.22],[-116.93,44.12],[-116.97,43.94],[-117,43.81],[-117.01,43.65],[-117.02,43.47],[-117.02,43.03],[-117.02,42.58],[-117.02,42],[-116.53,42],[-116.04,42],[-115.86,42],[-115.49,42],[-115.09,42],[-114.67,42],[-114.04,42],[-113.41,42],[-112.99,42],[-112.59,42],[-112.22,42],[-111.54,42],[-111.05,42],[-111.05,42.53],[-111.05,42.88],[-111.05,43.21],[-111.05,43.53],[-111.05,44.09],[-111.05,44.5],[-111.21,44.64],[-111.27,44.69],[-111.36,44.73],[-111.43,44.71],[-111.47,44.66],[-111.48,44.61],[-111.53,44.58],[-111.61,44.56],[-111.72,44.55],[-111.86,44.54],[-112.07,44.55],[-112.17,44.56],[-112.24,44.55],[-112.31,44.51],[-112.41,44.48],[-112.63,44.5],[-112.74,44.48],[-112.81,44.45],[-112.89,44.45],[-112.97,44.47],[-113.02,44.54],[-113.07,44.67],[-113.13,44.74],[-113.2,44.79],[-113.27,44.79],[-113.33,44.83],[-113.39,44.92],[-113.48,45.04],[-113.6,45.19],[-113.66,45.26],[-113.71,45.33],[-113.74,45.4],[-113.76,45.48],[-113.82,45.58],[-113.9,45.65],[-113.95,45.66],[-114.02,45.64],[-114.1,45.61],[-114.19,45.56],[-114.27,45.53],[-114.35,45.51],[-114.41,45.52],[-114.46,45.54],[-114.53,45.61],[-114.55,45.71],[-114.52,45.79],[-114.43,45.89],[-114.42,45.96],[-114.45,46],[-114.47,46.09],[-114.46,46.19],[-114.43,46.31],[-114.38,46.43],[-114.35,46.54],[-114.35,46.62],[-114.41,46.68],[-114.46,46.7],[-114.59,46.72],[-114.73,46.77],[-114.8,46.8],[-114.89,46.85],[-114.94,46.93],[-115,46.98],[-115.18,47.14],[-115.35,47.26],[-115.49,47.31],[-115.56,47.38],[-115.65,47.52],[-115.69,47.62],[-115.78,47.74],[-115.93,47.89],[-115.99,48.01],[-116.03,48.17],[-116.05,48.37],[-116.05,48.81],[-116.05,48.99],[-116.32,48.99],[-116.32,49.02],[-116.3,49.06],[-116.28,49.09],[-116.24,49.12],[-116.2,49.14],[-116.16,49.16],[-116.1,49.17],[-116.05,49.17],[-116.42,49.17],[-117.04,49.17],[-117.09,49.17],[-117.15,49.16],[-117.19,49.14],[-117.23,49.12],[-117.27,49.09],[-117.29,49.06],[-117.31,49.02],[-117.31,48.99],[-117.04,48.99],[-117.04,48.81],[-117.04,48.4],[-117.04,48.01],[-117.04,47.65],[-117.04,47.32],[-117.04,46.76],[-117.03,46.55],[-117.02,46.39],[-116.99,46.29],[-116.93,46.2],[-116.9,46.11],[-116.88,46]]]},"properties":{"codigo_iso_3166_2":"US-ID"}},{"type":"Feature","geometry":{"type":"Polygon","coordinates":[[[-111.05,44.5],[-111.05,44.81],[-110.98,44.91],[-110.84,44.97],[-110.62,45],[-110.05,45],[-109.46,45],[-108.85,45],[-108.15,45],[-107.76,45],[-107.02,45],[-106.31,45],[-105.55,45],[-105.13,45],[-104.71,45],[-104.06,45],[-104.05,45.59],[-104.04,45.94],[-104.04,46.39],[-104.05,46.96],[-104.05,47.45],[-104.05,47.88],[-104.05,48.35],[-104.05,48.81],[-104.05,48.99],[-103.78,48.99],[-103.78,49.02],[-103.8,49.06],[-103.82,49.09],[-103.86,49.12],[-103.9,49.14],[-103.94,49.16],[-104,49.17],[-104.05,49.17],[-104.6,49.17],[-115.48,49.17],[-116.05,49.17],[-116.1,49.17],[-116.16,49.16],[-116.2,49.14],[-116.24,49.12],[-116.28,49.09],[-116.3,49.06],[-116.32,49.02],[-116.32,48.99],[-116.05,48.99],[-116.05,48.81],[-116.05,48.37],[-116.03,48.17],[-115.99,48.01],[-115.93,47.89],[-115.78,47.74],[-115.69,47.62],[-115.65,47.52],[-115.56,47.38],[-115.49,47.31],[-115.35,47.26],[-115.18,47.14],[-115,46.98],[-114.94,46.93],[-114.89,46.85],[-114.8,46.8],[-114.73,46.77],[-114.59,46.72],[-114.46,46.7],[-114.41,46.68],[-114.35,46.62],[-114.35,46.54],[-114.38,46.43],[-114.43,46.31],[-114.46,46.19],[-114.47,46.09],[-114.45,46],[-114.42,45.96],[-114.43,45.89],[-114.52,45.79],[-114.55,45.71],[-114.53,45.61],[-114.46,45.54],[-114.41,45.52],[-114.35,45.51],[-114.27,45.53],[-114.19,45.56],[-114.1,45.61],[-114.02,45.64],[-113.95,45.66],[-113.9,45.65],[-113.82,45.58],[-113.76,45.48],[-113.74,45.4],[-113.71,45.33],[-113.66,45.26],[-113.6,45.19],[-113.48,45.04],[-113.39,44.92],[-113.33,44.83],[-113.27,44.79],[-113.2,44.79],[-113.13,44.74],[-113.07,44.67],[-113.02,44.54],[-112.97,44.47],[-112.89,44.45],[-112.81,44.45],[-112.74,44.48],[-112.63,44.5],[-112.41,44.48],[-112.31,44.51],[-112.24,44.55],[-112.17,44.56],[-112.07,44.55],[-111.86,44.54],[-111.72,44.55],[-111.61,44.56],[-111.53,44.58],[-111.48,44.61],[-111.47,44.66],[-111.43,44.71],[-111.36,44.73],[-111.27,44.69],[-111.21,44.64],[-111.05,44.5]]]},"properties":{"codigo_iso_3166_2":"US-MT"}},{"type":"Feature","geometry":{"type":"Polygon","coordinates":[[[-104.04,45.94],[-103.5,45.94],[-103.15,45.94],[-102.44,45.94],[-101.74,45.94],[-101.35,45.94],[-100.91,45.94],[-100.43,45.94],[-99.91,45.94],[-99.41,45.94],[-98.95,45.94],[-98.51,45.94],[-98.1,45.94],[-97.42,45.94],[-96.91,45.94],[-96.56,45.94],[-96.58,46.18],[-96.6,46.27],[-96.63,46.36],[-96.67,46.44],[-96.72,46.52],[-96.76,46.63],[-96.79,46.78],[-96.81,46.96],[-96.83,47.17],[-96.86,47.37],[-96.9,47.56],[-96.95,47.75],[-97.02,47.92],[-97.08,48.07],[-97.11,48.22],[-97.12,48.35],[-97.11,48.47],[-97.11,48.58],[-97.13,48.68],[-97.15,48.78],[-97.16,48.81],[-97.16,48.82],[-97.23,48.99],[-97.5,48.99],[-97.5,49.02],[-97.48,49.06],[-97.46,49.09],[-97.42,49.12],[-97.38,49.14],[-97.34,49.16],[-97.28,49.17],[-97.23,49.17],[-97.78,49.17],[-103.28,49.17],[-104.05,49.17],[-104,49.17],[-103.94,49.16],[-103.9,49.14],[-103.86,49.12],[-103.82,49.09],[-103.8,49.06],[-103.78,49.02],[-103.78,48.99],[-104.05,48.99],[-104.05,48.81],[-104.05,48.35],[-104.05,47.88],[-104.05,47.45],[-104.05,46.96],[-104.04,46.39],[-104.04,45.94]]]},"properties":{"codigo_iso_3166_2":"US-ND"}},{"type":"Feature","geometry":{"type":"Polygon","coordinates":[[[-96.56,45.94],[-96.61,45.83],[-96.68,45.74],[-96.78,45.66],[-96.81,45.62],[-96.81,45.57],[-96.8,45.53],[-96.71,45.44],[-96.6,45.37],[-96.54,45.34],[-96.49,45.26],[-96.46,45.13],[-96.45,44.96],[-96.45,44.72],[-96.45,44.27],[-96.45,43.83],[-96.45,43.5],[-95.84,43.5],[-95.44,43.5],[-95.01,43.5],[-94.57,43.5],[-94.1,43.5],[-93.61,43.5],[-93.14,43.5],[-92.7,43.5],[-92.27,43.5],[-91.86,43.5],[-91.25,43.5],[-91.28,43.76],[-91.3,43.85],[-91.32,43.91],[-91.38,43.98],[-91.46,44.02],[-91.63,44.07],[-91.68,44.09],[-91.77,44.14],[-91.88,44.22],[-92,44.34],[-92.12,44.43],[-92.28,44.49],[-92.38,44.56],[-92.46,44.59],[-92.56,44.61],[-92.67,44.67],[-92.73,44.7],[-92.77,44.74],[-92.8,44.82],[-92.77,44.95],[-92.78,45.02],[-92.77,45.14],[-92.72,45.31],[-92.71,45.39],[-92.72,45.45],[-92.75,45.5],[-92.84,45.56],[-92.88,45.63],[-92.87,45.71],[-92.85,45.75],[-92.77,45.84],[-92.63,45.93],[-92.44,46.02],[-92.37,46.08],[-92.32,46.18],[-92.29,46.3],[-92.29,46.44],[-92.28,46.56],[-92.26,46.64],[-92.22,46.7],[-92.18,46.73],[-92.09,46.76],[-92.02,46.75],[-91.88,46.77],[-91.78,46.8],[-91.51,46.91],[-91.16,47.07],[-90.96,47.16],[-90.76,47.24],[-90.57,47.28],[-90.39,47.3],[-89.96,47.29],[-89.79,47.56],[-89.61,47.82],[-89.61,47.84],[-89.5,48],[-89.77,48.01],[-89.76,48.03],[-89.75,48.07],[-89.72,48.1],[-89.69,48.13],[-89.65,48.15],[-89.6,48.17],[-89.55,48.18],[-89.5,48.18],[-89.46,48.18],[-89.49,48.18],[-89.77,48.19],[-89.89,48.2],[-89.99,48.24],[-90.11,48.27],[-90.26,48.29],[-90.41,48.29],[-90.56,48.29],[-90.65,48.29],[-90.66,48.29],[-90.68,48.31],[-90.73,48.34],[-90.84,48.36],[-90.9,48.37],[-91.08,48.36],[-91.22,48.32],[-91.36,48.27],[-91.44,48.25],[-91.48,48.24],[-91.54,48.26],[-91.64,48.3],[-91.76,48.36],[-91.78,48.39],[-91.83,48.42],[-91.95,48.48],[-92,48.49],[-92.04,48.5],[-92.18,48.5],[-92.2,48.51],[-92.26,48.53],[-92.44,48.65],[-92.66,48.73],[-92.87,48.78],[-93.06,48.8],[-93.23,48.8],[-93.27,48.8],[-93.46,48.76],[-93.52,48.74],[-93.6,48.72],[-93.63,48.71],[-93.67,48.74],[-93.7,48.76],[-93.75,48.78],[-93.96,48.82],[-94.14,48.83],[-94.29,48.85],[-94.35,48.87],[-94.38,48.88],[-94.39,48.88],[-94.39,48.89],[-94.43,48.95],[-94.49,49.09],[-94.52,49.2],[-94.58,49.31],[-94.68,49.4],[-94.77,49.46],[-94.81,49.47],[-94.94,49.51],[-94.99,49.52],[-95.04,49.52],[-95.16,49.51],[-95.2,49.5],[-95.25,49.48],[-95.29,49.46],[-95.36,49.4],[-95.39,49.37],[-95.44,49.26],[-95.44,49.22],[-95.61,49.19],[-95.96,49.17],[-96.46,49.17],[-97.23,49.17],[-97.28,49.17],[-97.34,49.16],[-97.38,49.14],[-97.42,49.12],[-97.46,49.09],[-97.48,49.06],[-97.5,49.02],[-97.5,48.99],[-97.23,48.99],[-97.16,48.82],[-97.16,48.81],[-97.15,48.78],[-97.13,48.68],[-97.11,48.58],[-97.11,48.47],[-97.12,48.35],[-97.11,48.22],[-97.08,48.07],[-97.02,47.92],[-96.95,47.75],[-96.9,47.56],[-96.86,47.37],[-96.83,47.17],[-96.81,46.96],[-96.79,46.78],[-96.76,46.63],[-96.72,46.52],[-96.67,46.44],[-96.63,46.36],[-96.6,46.27],[-96.58,46.18],[-96.56,45.94]]]},"properties":{"codigo_iso_3166_2":"US-MN"}},{"type":"Feature","geometry":{"type":"Polygon","coordinates":[[[-89.96,47.29],[-90.24,46.85],[-90.31,46.71],[-90.35,46.61],[-90.34,46.55],[-90.26,46.51],[-90.19,46.45],[-90.16,46.4],[-90.08,46.36],[-89.94,46.32],[-89.74,46.27],[-89.63,46.25],[-89.29,46.18],[-89.13,46.14],[-89.02,46.11],[-88.94,46.08],[-88.8,46.05],[-88.65,46.03],[-88.48,46.01],[-88.28,45.96],[-88.2,45.93],[-88.1,45.87],[-88.06,45.81],[-87.97,45.75],[-87.9,45.73],[-87.85,45.7],[-87.82,45.66],[-87.8,45.61],[-87.8,45.51],[-87.75,45.44],[-87.69,45.38],[-87.68,45.32],[-87.7,45.29],[-87.71,45.22],[-87.68,45.17],[-87.62,45.12],[-87.52,45.1],[-87.48,45.1],[-87.43,45.13],[-87.39,45.19],[-87.34,45.24],[-87.21,45.35],[-87.13,45.4],[-87.05,45.43],[-86.97,45.44],[-86.88,45.44],[-86.79,45.43],[-86.68,45.4],[-86.57,45.37],[-86.44,45.32],[-86.36,45.27],[-86.32,45.23],[-86.32,45.19],[-86.38,45.16],[-86.49,45.07],[-86.61,44.95],[-86.68,44.86],[-86.75,44.74],[-86.82,44.6],[-86.95,44.27],[-87.04,44.02],[-87.09,43.82],[-87.12,43.62],[-87.14,43.53],[-87.13,43.4],[-87.12,43.24],[-87.1,43.05],[-87.02,42.5],[-87.09,42.22],[-87.21,41.76],[-86.71,41.76],[-86.38,41.76],[-85.76,41.76],[-85.21,41.76],[-85.01,41.76],[-84.88,41.75],[-84.81,41.74],[-84.81,41.7],[-84.28,41.72],[-83.93,41.73],[-83.65,41.75],[-83.44,41.78],[-83.31,41.81],[-83.3,41.82],[-83.13,41.94],[-83.12,41.92],[-83.01,41.98],[-82.92,42.03],[-82.91,42.02],[-82.9,41.99],[-82.89,41.99],[-82.89,42.04],[-82.89,42.12],[-82.88,42.16],[-82.88,42.18],[-82.86,42.2],[-82.76,42.24],[-82.6,42.32],[-82.43,42.45],[-82.34,42.55],[-82.28,42.65],[-82.23,42.76],[-82.21,42.86],[-82.18,42.96],[-82.13,43.06],[-82.08,43.18],[-82.01,43.31],[-81.96,43.48],[-81.94,43.65],[-81.96,43.83],[-82.06,44.31],[-82.22,45.05],[-82.28,45.29],[-82.32,45.39],[-82.34,45.42],[-82.37,45.46],[-82.62,45.59],[-83,45.77],[-83.14,45.84],[-83.21,45.9],[-83.22,45.9],[-83.21,45.92],[-83.24,46.03],[-83.25,46.06],[-83.33,46.16],[-83.37,46.2],[-83.47,46.24],[-83.51,46.26],[-83.65,46.28],[-83.78,46.28],[-83.83,46.27],[-83.85,46.29],[-83.88,46.37],[-83.88,46.42],[-83.87,46.46],[-83.87,46.49],[-83.87,46.53],[-83.89,46.56],[-83.91,46.59],[-83.94,46.62],[-83.98,46.64],[-84.1,46.68],[-84.14,46.69],[-84.19,46.69],[-84.42,46.68],[-84.48,46.68],[-84.51,46.71],[-84.56,46.79],[-84.59,46.85],[-84.61,46.89],[-84.79,47.03],[-85.06,47.17],[-85.41,47.33],[-87.27,48.08],[-87.62,48.22],[-87.93,48.33],[-88.2,48.42],[-88.37,48.46],[-88.42,48.46],[-88.47,48.46],[-88.61,48.45],[-88.87,48.37],[-89.21,48.24],[-89.34,48.19],[-89.41,48.17],[-89.45,48.18],[-89.46,48.18],[-89.5,48.18],[-89.55,48.18],[-89.6,48.17],[-89.65,48.15],[-89.69,48.13],[-89.72,48.1],[-89.75,48.07],[-89.76,48.03],[-89.77,48.01],[-89.5,48],[-89.61,47.84],[-89.61,47.82],[-89.79,47.56],[-89.96,47.29]]]},"properties":{"codigo_iso_3166_2":"US-MI"}},{"type":"Feature","geometry":{"type":"Polygon","coordinates":[[[-84.81,41.7],[-84.8,41.44],[-84.8,41.07],[-84.81,40.48],[-84.81,39.9],[-84.82,39.43],[-84.82,39.1],[-84.58,39.1],[-84.5,39.1],[-84.39,39.07],[-84.33,39.03],[-84.3,38.99],[-84.24,38.89],[-84.2,38.85],[-84.15,38.81],[-84.08,38.79],[-83.92,38.76],[-83.86,38.74],[-83.73,38.67],[-83.64,38.67],[-83.55,38.69],[-83.45,38.67],[-83.34,38.62],[-83.24,38.61],[-83.15,38.63],[-82.98,38.7],[-82.93,38.71],[-82.87,38.68],[-82.83,38.61],[-82.74,38.53],[-82.59,38.42],[-82.43,38.43],[-82.37,38.46],[-82.32,38.5],[-82.28,38.57],[-82.22,38.74],[-82.15,38.87],[-82.12,38.92],[-82.07,38.96],[-82.02,38.97],[-81.96,38.97],[-81.88,38.96],[-81.83,38.96],[-81.79,38.98],[-81.77,39.03],[-81.76,39.09],[-81.73,39.15],[-81.68,39.21],[-81.61,39.25],[-81.45,39.33],[-81.24,39.41],[-81.1,39.49],[-81.01,39.54],[-80.94,39.61],[-80.88,39.7],[-80.83,39.79],[-80.76,40],[-80.69,40.16],[-80.65,40.22],[-80.63,40.29],[-80.62,40.35],[-80.63,40.42],[-80.65,40.49],[-80.65,40.54],[-80.65,40.58],[-80.62,40.61],[-80.52,40.65],[-80.52,41.28],[-80.52,41.69],[-80.52,42.14],[-80.52,42.32],[-80.35,42.35],[-80.29,42.37],[-80.3,42.39],[-80.32,42.42],[-80.35,42.45],[-80.38,42.47],[-80.43,42.49],[-80.47,42.5],[-80.52,42.5],[-80.57,42.5],[-81.06,42.43],[-81.3,42.37],[-81.55,42.28],[-81.82,42.17],[-82.12,42.03],[-82.34,41.94],[-82.5,41.88],[-82.57,41.86],[-82.58,41.86],[-82.62,41.86],[-82.67,41.88],[-82.72,41.9],[-82.86,41.97],[-82.89,41.99],[-82.9,41.99],[-82.91,42.02],[-82.92,42.03],[-83.01,41.98],[-83.12,41.92],[-83.13,41.94],[-83.3,41.82],[-83.31,41.81],[-83.44,41.78],[-83.65,41.75],[-83.93,41.73],[-84.28,41.72],[-84.81,41.7]]]},"properties":{"codigo_iso_3166_2":"US-OH"}},{"type":"Feature","geometry":{"type":"Polygon","coordinates":[[[-80.52,40.65],[-80.52,40.07],[-80.45,39.89],[-80.32,39.78],[-80.13,39.72],[-79.48,39.72],[-79.09,39.72],[-78.56,39.72],[-77.96,39.72],[-77.32,39.72],[-76.65,39.72],[-76.31,39.72],[-75.79,39.72],[-75.78,39.72],[-75.67,39.8],[-75.65,39.8],[-75.62,39.82],[-75.53,39.83],[-75.42,39.81],[-75.25,39.87],[-75.21,39.88],[-75.2,39.88],[-75.2,39.87],[-75.16,39.89],[-75.11,39.93],[-75.09,39.95],[-75.05,39.99],[-75.04,39.99],[-75.04,40],[-75.03,40.01],[-75.02,40.02],[-74.84,40.12],[-74.84,40.13],[-74.82,40.17],[-74.84,40.24],[-74.9,40.33],[-75.02,40.42],[-75.1,40.51],[-75.15,40.58],[-75.18,40.64],[-75.19,40.69],[-75.16,40.77],[-75.11,40.84],[-75.08,40.9],[-75.11,40.95],[-75.1,40.99],[-75.05,41.05],[-74.97,41.12],[-74.7,41.36],[-74.82,41.42],[-74.91,41.48],[-75,41.56],[-75.05,41.65],[-75.07,41.75],[-75.09,41.8],[-75.13,41.85],[-75.18,41.89],[-75.24,41.94],[-75.37,41.97],[-75.56,41.99],[-75.81,42],[-76.46,42],[-77.16,42],[-77.92,42],[-78.31,42],[-78.72,42],[-79.13,42],[-79.45,42.03],[-79.66,42.1],[-79.76,42.2],[-79.76,42.34],[-79.76,42.36],[-79.76,42.54],[-79.54,42.62],[-79.56,42.64],[-79.59,42.67],[-79.62,42.69],[-79.67,42.71],[-79.71,42.72],[-79.76,42.72],[-79.81,42.72],[-79.85,42.71],[-79.86,42.7],[-80.17,42.6],[-80.27,42.57],[-80.42,42.52],[-80.57,42.5],[-80.52,42.5],[-80.47,42.5],[-80.43,42.49],[-80.38,42.47],[-80.35,42.45],[-80.32,42.42],[-80.3,42.39],[-80.29,42.37],[-80.35,42.35],[-80.52,42.32],[-80.52,42.14],[-80.52,41.69],[-80.52,41.28],[-80.52,40.65]]]},"properties":{"codigo_iso_3166_2":"US-PA"}},{"type":"Feature","geometry":{"type":"Polygon","coordinates":[[[-74.7,41.36],[-74.21,41.13],[-74.11,41.08],[-73.91,40.99],[-73.91,40.98],[-73.9,40.97],[-73.9,40.93],[-73.91,40.81],[-73.94,40.68],[-73.94,40.64],[-73.93,40.61],[-73.93,40.58],[-73.92,40.57],[-73.92,40.56],[-73.9,40.53],[-73.85,40.48],[-73.84,40.47],[-73.8,40.46],[-73.67,40.44],[-73.63,40.44],[-73.47,40.45],[-73.34,40.49],[-73.09,40.54],[-72.78,40.59],[-72.61,40.63],[-72.44,40.67],[-72.25,40.73],[-71.96,40.83],[-71.92,40.85],[-71.88,40.88],[-71.81,40.95],[-71.81,40.96],[-71.78,41],[-71.77,41.03],[-71.77,41.07],[-71.78,41.1],[-71.78,41.11],[-71.79,41.12],[-71.8,41.14],[-71.8,41.15],[-71.82,41.14],[-71.84,41.14],[-71.85,41.14],[-71.9,41.16],[-72,41.19],[-72.02,41.19],[-72.07,41.18],[-72.24,41.15],[-72.45,41.12],[-72.46,41.12],[-72.47,41.12],[-72.48,41.12],[-72.8,41.11],[-73.14,41.06],[-73.55,40.98],[-73.66,40.98],[-73.64,41],[-73.69,41.06],[-73.67,41.12],[-73.58,41.17],[-73.57,41.18],[-73.51,41.23],[-73.51,41.25],[-73.53,41.32],[-73.53,41.43],[-73.52,41.58],[-73.48,42.05],[-73.5,42.07],[-73.49,42.12],[-73.42,42.33],[-73.27,42.75],[-73.26,43.25],[-73.26,43.41],[-73.28,43.52],[-73.31,43.59],[-73.36,43.61],[-73.4,43.66],[-73.38,43.75],[-73.39,43.8],[-73.41,43.94],[-73.42,44.02],[-73.41,44.11],[-73.38,44.21],[-73.35,44.31],[-73.32,44.4],[-73.32,44.51],[-73.35,44.58],[-73.36,44.73],[-73.36,44.82],[-73.35,45],[-73.1,45],[-73.1,45.03],[-73.11,45.07],[-73.14,45.1],[-73.17,45.13],[-73.21,45.15],[-73.25,45.17],[-73.3,45.18],[-73.35,45.18],[-73.87,45.18],[-74.67,45.18],[-74.81,45.19],[-74.85,45.18],[-75.03,45.15],[-75.24,45.07],[-75.37,45.02],[-75.59,44.89],[-75.8,44.75],[-75.89,44.69],[-76.03,44.57],[-76.08,44.54],[-76.18,44.5],[-76.3,44.43],[-76.38,44.36],[-76.53,44.26],[-76.62,44.2],[-76.71,44.11],[-76.8,44.02],[-76.87,43.93],[-76.98,43.88],[-77.21,43.84],[-77.55,43.81],[-78,43.81],[-78.39,43.8],[-78.7,43.78],[-78.95,43.74],[-79.12,43.68],[-79.22,43.62],[-79.25,43.6],[-79.32,43.54],[-79.34,43.51],[-79.36,43.48],[-79.37,43.4],[-79.37,43.36],[-79.31,43.23],[-79.29,43.14],[-79.28,43.08],[-79.25,42.98],[-79.23,42.94],[-79.28,42.91],[-79.41,42.86],[-79.86,42.7],[-79.85,42.71],[-79.81,42.72],[-79.76,42.72],[-79.71,42.72],[-79.67,42.71],[-79.62,42.69],[-79.59,42.67],[-79.56,42.64],[-79.54,42.62],[-79.76,42.54],[-79.76,42.36],[-79.76,42.34],[-79.76,42.2],[-79.66,42.1],[-79.45,42.03],[-79.13,42],[-78.72,42],[-78.31,42],[-77.92,42],[-77.16,42],[-76.46,42],[-75.81,42],[-75.56,41.99],[-75.37,41.97],[-75.24,41.94],[-75.18,41.89],[-75.13,41.85],[-75.09,41.8],[-75.07,41.75],[-75.05,41.65],[-75,41.56],[-74.91,41.48],[-74.82,41.42],[-74.7,41.36]]]},"properties":{"codigo_iso_3166_2":"US-NY"}},{"type":"Feature","geometry":{"type":"Polygon","coordinates":[[[-73.27,42.75],[-72.77,42.74],[-72.47,42.73],[-72.53,42.82],[-72.54,42.86],[-72.53,42.92],[-72.49,42.99],[-72.45,43.11],[-72.43,43.18],[-72.4,43.32],[-72.4,43.44],[-72.39,43.5],[-72.33,43.62],[-72.24,43.76],[-72.15,43.92],[-72.11,44.01],[-72.06,44.14],[-72.04,44.23],[-71.97,44.3],[-71.9,44.34],[-71.74,44.43],[-71.63,44.51],[-71.58,44.58],[-71.58,44.65],[-71.62,44.73],[-71.59,44.83],[-71.59,44.84],[-71.56,44.9],[-71.51,45.01],[-71.59,45.01],[-71.62,45.11],[-71.65,45.19],[-71.69,45.19],[-72.2,45.19],[-72.66,45.18],[-73.35,45.18],[-73.3,45.18],[-73.25,45.17],[-73.21,45.15],[-73.17,45.13],[-73.14,45.1],[-73.11,45.07],[-73.1,45.03],[-73.1,45],[-73.35,45],[-73.36,44.82],[-73.36,44.73],[-73.35,44.58],[-73.32,44.51],[-73.32,44.4],[-73.35,44.31],[-73.38,44.21],[-73.41,44.11],[-73.42,44.02],[-73.41,43.94],[-73.39,43.8],[-73.38,43.75],[-73.4,43.66],[-73.36,43.61],[-73.31,43.59],[-73.28,43.52],[-73.26,43.41],[-73.26,43.25],[-73.27,42.75]]]},"properties":{"codigo_iso_3166_2":"US-VT"}},{"type":"Feature","geometry":{"type":"MultiPolygon","coordinates":[[[[-72.47,42.73],[-71.74,42.71],[-71.5,42.72],[-71.31,42.74],[-71.17,42.77],[-71.06,42.82],[-71.04,42.83],[-70.99,42.85],[-70.89,42.89],[-70.81,42.88],[-70.8,42.91],[-70.79,42.9],[-70.74,42.9],[-70.7,42.9],[-70.65,42.91],[-70.64,42.91],[-70.63,42.91],[-70.6,42.92],[-70.59,42.92],[-70.65,42.96],[-70.74,43.05],[-70.75,43.06],[-70.74,43.08],[-70.86,43.24],[-70.88,43.27],[-70.93,43.34],[-70.97,43.45],[-70.96,43.56],[-70.97,43.77],[-71,44.1],[-71.03,44.57],[-71.05,44.86],[-71.07,45.12],[-71.08,45.3],[-70.87,45.4],[-70.9,45.43],[-70.94,45.45],[-70.98,45.47],[-71.03,45.48],[-71.08,45.48],[-71.13,45.48],[-71.15,45.47],[-71.19,45.47],[-71.37,45.43],[-71.49,45.38],[-71.59,45.32],[-71.66,45.24],[-71.67,45.22],[-71.69,45.19],[-71.65,45.19],[-71.62,45.11],[-71.59,45.01],[-71.51,45.01],[-71.56,44.9],[-71.59,44.84],[-71.59,44.83],[-71.62,44.73],[-71.58,44.65],[-71.58,44.58],[-71.63,44.51],[-71.74,44.43],[-71.9,44.34],[-71.97,44.3],[-72.04,44.23],[-72.06,44.14],[-72.11,44.01],[-72.15,43.92],[-72.24,43.76],[-72.33,43.62],[-72.39,43.5],[-72.4,43.44],[-72.4,43.32],[-72.43,43.18],[-72.45,43.11],[-72.49,42.99],[-72.53,42.92],[-72.54,42.86],[-72.53,42.82],[-72.47,42.73]]],[[[-70.57,42.85],[-70.55,42.89],[-70.53,42.95],[-70.54,42.94],[-70.55,42.94],[-70.56,42.94],[-70.56,42.93],[-70.57,42.93],[-70.58,42.93],[-70.59,42.92],[-70.57,42.9],[-70.56,42.88],[-70.57,42.87],[-70.57,42.85]]]]},"properties":{"codigo_iso_3166_2":"US-NH"}},{"type":"Feature","geometry":{"type":"Polygon","coordinates":[[[-70.59,42.92],[-70.58,42.93],[-70.57,42.93],[-70.56,42.93],[-70.56,42.94],[-70.55,42.94],[-70.54,42.94],[-70.53,42.95],[-70.52,42.95],[-70.52,42.96],[-70.49,42.98],[-70.44,43.03],[-70.43,43.04],[-70.42,43.05],[-70.35,43.16],[-70.32,43.21],[-70.26,43.24],[-70.19,43.3],[-70.16,43.33],[-70.14,43.39],[-70.11,43.41],[-70.03,43.47],[-70,43.5],[-69.98,43.53],[-69.97,43.56],[-69.97,43.62],[-69.94,43.61],[-69.81,43.6],[-69.76,43.6],[-69.71,43.6],[-69.66,43.62],[-69.62,43.64],[-69.53,43.71],[-69.51,43.72],[-69.5,43.73],[-69.46,43.73],[-69.36,43.74],[-69.19,43.78],[-69.14,43.79],[-69.02,43.86],[-68.98,43.89],[-68.87,44.05],[-68.81,44.2],[-68.78,44.19],[-68.63,44.19],[-68.49,44.22],[-68.36,44.26],[-68.3,44.28],[-68.29,44.28],[-68.26,44.26],[-68.21,44.24],[-68.06,44.22],[-68.02,44.22],[-67.92,44.23],[-67.88,44.24],[-67.75,44.3],[-67.71,44.33],[-67.66,44.38],[-67.58,44.38],[-67.37,44.41],[-67.25,44.44],[-67.04,44.52],[-66.9,44.62],[-66.86,44.65],[-66.8,44.74],[-66.79,44.78],[-66.78,44.9],[-66.83,45.02],[-66.9,45.13],[-66.96,45.22],[-67.02,45.27],[-67.05,45.29],[-67.13,45.33],[-67.17,45.35],[-67.21,45.36],[-67.2,45.5],[-67.22,45.58],[-67.23,45.61],[-67.29,45.69],[-67.32,45.72],[-67.44,45.8],[-67.52,45.82],[-67.52,45.88],[-67.53,46.41],[-67.54,46.63],[-67.55,46.85],[-67.58,47.03],[-67.61,47.13],[-67.62,47.17],[-67.69,47.25],[-67.8,47.34],[-67.96,47.44],[-68.08,47.48],[-68.21,47.5],[-68.35,47.51],[-68.47,47.49],[-68.67,47.45],[-68.81,47.41],[-68.82,47.43],[-68.84,47.47],[-68.87,47.51],[-68.98,47.57],[-69.02,47.59],[-69.07,47.61],[-69.18,47.62],[-69.22,47.61],[-69.27,47.61],[-69.32,47.6],[-69.46,47.52],[-69.6,47.42],[-69.75,47.28],[-69.94,47.09],[-70.1,46.92],[-70.21,46.77],[-70.28,46.65],[-70.32,46.52],[-70.33,46.5],[-70.37,46.48],[-70.39,46.45],[-70.45,46.38],[-70.52,46.22],[-70.55,46.07],[-70.54,45.96],[-70.55,45.92],[-70.6,45.87],[-70.69,45.8],[-70.82,45.72],[-70.88,45.68],[-70.9,45.65],[-70.93,45.6],[-70.96,45.57],[-71.01,45.55],[-71.19,45.47],[-71.15,45.47],[-71.13,45.48],[-71.08,45.48],[-71.03,45.48],[-70.98,45.47],[-70.94,45.45],[-70.9,45.43],[-70.87,45.4],[-71.08,45.3],[-71.07,45.12],[-71.05,44.86],[-71.03,44.57],[-71,44.1],[-70.97,43.77],[-70.96,43.56],[-70.97,43.45],[-70.93,43.34],[-70.88,43.27],[-70.86,43.24],[-70.74,43.08],[-70.75,43.06],[-70.74,43.05],[-70.65,42.96],[-70.59,42.92]]]},"properties":{"codigo_iso_3166_2":"US-ME"}},{"type":"Feature","geometry":{"type":"Polygon","coordinates":[[[-114.63,35],[-114.62,34.93],[-114.6,34.86],[-114.54,34.8],[-114.47,34.71],[-114.41,34.58],[-114.32,34.45],[-114.22,34.35],[-114.19,34.31],[-114.19,34.26],[-114.22,34.22],[-114.34,34.14],[-114.43,34.05],[-114.47,34.01],[-114.49,33.95],[-114.52,33.88],[-114.53,33.8],[-114.53,33.7],[-114.55,33.62],[-114.57,33.56],[-114.61,33.51],[-114.65,33.47],[-114.68,33.43],[-114.7,33.37],[-114.71,33.3],[-114.71,33.21],[-114.69,33.15],[-114.66,33.09],[-114.61,33.05],[-114.56,33.03],[-114.52,32.99],[-114.5,32.95],[-114.5,32.9],[-114.51,32.83],[-114.53,32.8],[-114.54,32.78],[-114.57,32.75],[-114.61,32.73],[-114.72,32.71],[-114.76,32.71],[-114.8,32.67],[-114.91,32.55],[-114.94,32.51],[-114.98,32.51],[-114.96,32.48],[-114.94,32.44],[-114.91,32.41],[-114.76,32.31],[-114.58,32.23],[-114.02,32.06],[-112.62,31.63],[-111.61,31.31],[-111.29,31.23],[-110.97,31.18],[-110.67,31.15],[-109.39,31.15],[-109.05,31.15],[-109.09,31.15],[-109.13,31.16],[-109.17,31.18],[-109.2,31.2],[-109.22,31.23],[-109.24,31.26],[-109.26,31.29],[-109.26,31.33],[-109.05,31.33],[-109.05,31.51],[-109.05,31.73],[-109.05,32],[-109.05,32.53],[-109.05,33.06],[-109.05,33.59],[-109.05,33.86],[-109.05,34.37],[-109.05,34.79],[-109.05,35.16],[-109.05,35.63],[-109.05,35.89],[-109.05,36.36],[-109.05,36.73],[-109.05,37],[-109.69,37],[-110.12,37],[-110.52,37],[-111.23,37],[-111.86,37],[-112.54,37],[-112.89,37],[-113.45,37],[-114.04,37],[-114.04,36.51],[-114.04,36.36],[-114.05,36.24],[-114.07,36.16],[-114.09,36.11],[-114.12,36.09],[-114.16,36.08],[-114.21,36.08],[-114.32,36.12],[-114.42,36.15],[-114.52,36.15],[-114.61,36.13],[-114.66,36.12],[-114.7,36.05],[-114.7,36.01],[-114.68,35.89],[-114.67,35.74],[-114.66,35.57],[-114.63,35.4],[-114.59,35.24],[-114.59,35.12],[-114.63,35]]]},"properties":{"codigo_iso_3166_2":"US-AZ"}},{"type":"Feature","geometry":{"type":"Polygon","coordinates":[[[-114.63,35],[-115.15,35.41],[-115.56,35.73],[-116.07,36.12],[-116.34,36.34],[-116.63,36.56],[-116.94,36.79],[-117.21,37],[-117.67,37.35],[-118.03,37.62],[-118.39,37.87],[-118.77,38.14],[-119.27,38.49],[-119.56,38.69],[-119.78,38.93],[-119.93,39.2],[-120,39.51],[-120,39.84],[-120,40.2],[-120,40.58],[-120,40.97],[-120,41.38],[-120,42],[-120.69,42],[-121.14,42],[-121.58,42],[-122.01,42],[-122.42,42],[-122.81,42],[-123.45,42],[-123.97,42],[-124.21,42],[-124.3,41.96],[-124.42,41.9],[-124.46,41.93],[-124.46,41.9],[-124.46,41.88],[-124.43,41.75],[-124.35,41.55],[-124.33,41.47],[-124.32,41.41],[-124.32,41.36],[-124.35,41.24],[-124.36,41.05],[-124.38,40.94],[-124.43,40.8],[-124.5,40.68],[-124.55,40.62],[-124.59,40.54],[-124.62,40.45],[-124.63,40.38],[-124.62,40.35],[-124.58,40.23],[-124.56,40.2],[-124.44,40.08],[-124.37,40.03],[-124.26,39.95],[-124.14,39.83],[-124.1,39.78],[-124.07,39.73],[-124.05,39.68],[-124.02,39.57],[-124.02,39.49],[-124.03,39.44],[-124.03,39.34],[-124.01,39.24],[-123.98,39.13],[-123.94,38.99],[-123.87,38.85],[-123.78,38.73],[-123.68,38.61],[-123.57,38.52],[-123.41,38.39],[-123.31,38.32],[-123.23,38.24],[-123.19,38.18],[-123.16,38.06],[-123.1,37.97],[-123.02,37.88],[-122.92,37.81],[-122.78,37.74],[-122.68,37.71],[-122.64,37.7],[-122.6,37.7],[-122.59,37.7],[-122.61,37.69],[-122.64,37.66],[-122.7,37.57],[-122.71,37.53],[-122.71,37.49],[-122.69,37.4],[-122.64,37.32],[-122.61,37.18],[-122.59,37.14],[-122.49,37],[-122.4,36.93],[-122.31,36.87],[-122.24,36.84],[-122.2,36.82],[-122.08,36.81],[-122.06,36.8],[-122.05,36.79],[-122.05,36.78],[-122.06,36.74],[-122.1,36.67],[-122.13,36.58],[-122.15,36.49],[-122.15,36.4],[-122.13,36.32],[-122.07,36.23],[-122,36.15],[-121.92,36.07],[-121.73,35.92],[-121.67,35.86],[-121.65,35.82],[-121.58,35.71],[-121.47,35.58],[-121.38,35.52],[-121.35,35.5],[-121.31,35.48],[-121.24,35.41],[-121.15,35.34],[-121.13,35.32],[-121.11,35.31],[-121.11,35.29],[-121.09,35.23],[-121.08,35.2],[-121.01,35.12],[-120.92,35.06],[-120.87,35.04],[-120.88,34.94],[-120.86,34.8],[-120.83,34.71],[-120.84,34.67],[-120.85,34.63],[-120.82,34.53],[-120.81,34.5],[-120.8,34.47],[-120.7,34.38],[-120.67,34.36],[-120.57,34.31],[-120.46,34.28],[-120.35,34.28],[-120.19,34.28],[-120.08,34.27],[-120.02,34.26],[-119.86,34.24],[-119.73,34.24],[-119.7,34.23],[-119.65,34.22],[-119.59,34.2],[-119.47,34.13],[-119.42,34.1],[-119.39,34.06],[-119.37,34.04],[-119.22,33.95],[-119.13,33.91],[-119.02,33.89],[-118.91,33.87],[-118.8,33.86],[-118.71,33.86],[-118.67,33.85],[-118.65,33.85],[-118.62,33.81],[-118.55,33.74],[-118.47,33.69],[-118.38,33.64],[-118.3,33.61],[-118.23,33.57],[-118.13,33.52],[-118,33.44],[-117.87,33.35],[-117.75,33.27],[-117.67,33.2],[-117.61,33.14],[-117.54,33.05],[-117.5,32.97],[-117.48,32.89],[-117.46,32.69],[-117.4,32.56],[-117.36,32.5],[-117.33,32.47],[-117.31,32.45],[-117.27,32.43],[-117.11,32.39],[-116.89,32.38],[-116.61,32.39],[-115.1,32.5],[-114.98,32.51],[-114.94,32.51],[-114.91,32.55],[-114.8,32.67],[-114.76,32.71],[-114.72,32.71],[-114.61,32.73],[-114.57,32.75],[-114.54,32.78],[-114.53,32.8],[-114.51,32.83],[-114.5,32.9],[-114.5,32.95],[-114.52,32.99],[-114.56,33.03],[-114.61,33.05],[-114.66,33.09],[-114.69,33.15],[-114.71,33.21],[-114.71,33.3],[-114.7,33.37],[-114.68,33.43],[-114.65,33.47],[-114.61,33.51],[-114.57,33.56],[-114.55,33.62],[-114.53,33.7],[-114.53,33.8],[-114.52,33.88],[-114.49,33.95],[-114.47,34.01],[-114.43,34.05],[-114.34,34.14],[-114.22,34.22],[-114.19,34.26],[-114.19,34.31],[-114.22,34.35],[-114.32,34.45],[-114.41,34.58],[-114.47,34.71],[-114.54,34.8],[-114.6,34.86],[-114.62,34.93],[-114.63,35]]]},"properties":{"codigo_iso_3166_2":"US-CA"}},{"type":"Feature","geometry":{"type":"Polygon","coordinates":[[[-109.05,31.15],[-108.5,31.15],[-108.32,31.18],[-108.29,31.19],[-108.15,31.26],[-108.12,31.28],[-108.1,31.31],[-108.03,31.42],[-108.01,31.44],[-108.01,31.47],[-108,31.53],[-108,31.54],[-107.86,31.57],[-107.57,31.6],[-107.15,31.59],[-106.55,31.59],[-106.59,31.6],[-106.63,31.62],[-106.66,31.64],[-106.69,31.67],[-106.71,31.7],[-106.72,31.73],[-106.72,31.77],[-106.51,31.77],[-106.6,31.91],[-106.54,31.95],[-106.53,31.95],[-106.52,31.96],[-106.31,31.99],[-105.98,32],[-105.52,32],[-105.07,32],[-104.62,32],[-104.18,32],[-103.73,32],[-103.4,32.06],[-103.18,32.18],[-103.07,32.36],[-103.06,32.85],[-103.06,33.34],[-103.06,33.85],[-103.06,34.47],[-103.05,34.82],[-103.05,35.15],[-103.05,35.47],[-103.04,36.07],[-103.04,36.28],[-103.03,36.43],[-103.02,36.5],[-103,36.5],[-103,37],[-103.57,37],[-103.94,37],[-104.31,37],[-105,37],[-105.67,37],[-106.33,37],[-107.03,37],[-107.43,37],[-107.87,37],[-108.34,37],[-109.05,37],[-109.05,36.73],[-109.05,36.36],[-109.05,35.89],[-109.05,35.63],[-109.05,35.16],[-109.05,34.79],[-109.05,34.37],[-109.05,33.86],[-109.05,33.59],[-109.05,33.06],[-109.05,32.53],[-109.05,32],[-109.05,31.73],[-109.05,31.51],[-109.05,31.33],[-109.26,31.33],[-109.26,31.29],[-109.24,31.26],[-109.22,31.23],[-109.2,31.2],[-109.17,31.18],[-109.13,31.16],[-109.09,31.15],[-109.05,31.15]]]},"properties":{"codigo_iso_3166_2":"US-NM"}},{"type":"Feature","geometry":{"type":"Polygon","coordinates":[[[-106.55,31.59],[-106.53,31.58],[-106.49,31.55],[-106.35,31.38],[-106.22,31.28],[-106.13,31.24],[-106.11,31.23],[-106.01,31.14],[-105.89,31.04],[-105.79,30.97],[-105.7,30.91],[-105.59,30.8],[-105.43,30.69],[-105.26,30.6],[-105.2,30.55],[-105.13,30.49],[-105.06,30.4],[-104.99,30.29],[-104.93,30.19],[-104.9,30.12],[-104.89,30.07],[-104.88,29.94],[-104.82,29.77],[-104.77,29.68],[-104.71,29.6],[-104.64,29.53],[-104.56,29.47],[-104.43,29.4],[-104.2,29.22],[-104.04,29.15],[-103.92,29.12],[-103.87,29.09],[-103.79,29.04],[-103.63,28.95],[-103.53,28.9],[-103.36,28.84],[-103.25,28.82],[-103.2,28.81],[-103.16,28.82],[-103.04,28.87],[-102.96,28.93],[-102.88,29.02],[-102.81,29.12],[-102.67,29.32],[-102.57,29.51],[-102.54,29.56],[-102.51,29.58],[-102.46,29.59],[-102.34,29.63],[-102.3,29.64],[-102.26,29.67],[-102.17,29.64],[-102.13,29.63],[-101.96,29.63],[-101.89,29.63],[-101.65,29.61],[-101.55,29.59],[-101.49,29.58],[-101.47,29.57],[-101.39,29.49],[-101.35,29.43],[-101.24,29.33],[-101.01,29.17],[-100.92,29.09],[-100.87,29.04],[-100.85,28.98],[-100.81,28.87],[-100.72,28.72],[-100.62,28.55],[-100.54,28.41],[-100.51,28.34],[-100.47,28.26],[-100.41,28.18],[-100.35,28.12],[-100.24,28.04],[-100.16,27.95],[-100.09,27.85],[-100.07,27.82],[-100.05,27.75],[-100.03,27.72],[-99.95,27.63],[-99.84,27.54],[-99.71,27.46],[-99.7,27.35],[-99.68,27.28],[-99.65,27.19],[-99.64,27.07],[-99.64,27.03],[-99.55,26.87],[-99.49,26.81],[-99.46,26.76],[-99.43,26.72],[-99.41,26.66],[-99.34,26.48],[-99.3,26.39],[-99.28,26.36],[-99.26,26.33],[-99.16,26.26],[-99.13,26.25],[-99.03,26.22],[-98.91,26.2],[-98.85,26.17],[-98.75,26.1],[-98.6,26.05],[-98.48,26.02],[-98.46,26.01],[-98.37,25.96],[-98.28,25.93],[-98.17,25.9],[-98.04,25.88],[-97.91,25.87],[-97.82,25.85],[-97.74,25.83],[-97.7,25.81],[-97.63,25.77],[-97.56,25.73],[-97.53,25.72],[-97.45,25.71],[-97.41,25.7],[-97.32,25.72],[-97.28,25.73],[-97.21,25.77],[-97.17,25.8],[-97.11,25.88],[-97.1,25.91],[-97.08,26.02],[-97.09,26.14],[-97.2,26.54],[-97.28,26.8],[-97.31,26.92],[-97.32,26.99],[-97.32,27],[-97.3,27.02],[-97.28,27.05],[-97.27,27.09],[-97.27,27.18],[-97.28,27.21],[-97.25,27.25],[-97.17,27.39],[-97.13,27.49],[-97.1,27.6],[-97.09,27.68],[-97.09,27.7],[-97.03,27.74],[-96.96,27.8],[-96.92,27.85],[-96.82,27.95],[-96.66,28.08],[-96.51,28.17],[-96.37,28.24],[-96.32,28.29],[-96.29,28.31],[-96.27,28.34],[-96.25,28.41],[-96.25,28.43],[-96.23,28.43],[-96.11,28.44],[-95.99,28.47],[-95.81,28.54],[-95.69,28.57],[-95.63,28.57],[-95.53,28.61],[-95.42,28.66],[-95.31,28.72],[-95.2,28.8],[-95.1,28.87],[-95.03,28.94],[-94.99,28.99],[-94.97,29.02],[-94.95,29.07],[-94.83,29.18],[-94.78,29.24],[-94.76,29.27],[-94.75,29.3],[-94.73,29.3],[-94.6,29.3],[-94.48,29.33],[-94.35,29.37],[-94.07,29.48],[-93.88,29.57],[-93.82,29.63],[-93.83,29.72],[-93.81,29.91],[-93.81,29.97],[-93.8,29.99],[-93.75,30.05],[-93.73,30.13],[-93.73,30.16],[-93.74,30.27],[-93.73,30.36],[-93.71,30.45],[-93.68,30.55],[-93.64,30.66],[-93.57,30.83],[-93.53,30.96],[-93.54,31.03],[-93.57,31.13],[-93.63,31.25],[-93.71,31.38],[-93.77,31.49],[-93.81,31.58],[-93.82,31.64],[-93.82,31.7],[-93.83,31.73],[-93.87,31.82],[-93.92,31.89],[-93.99,31.96],[-94.01,32.04],[-94.03,32.18],[-94.04,32.38],[-94.04,33.01],[-94.05,33.35],[-94.07,33.46],[-94.13,33.53],[-94.21,33.59],[-94.48,33.65],[-94.72,33.72],[-94.87,33.77],[-95.02,33.87],[-95.13,33.92],[-95.18,33.94],[-95.27,33.93],[-95.35,33.89],[-95.45,33.9],[-95.57,33.93],[-95.66,33.92],[-95.75,33.88],[-95.83,33.88],[-95.92,33.88],[-96.04,33.85],[-96.1,33.81],[-96.17,33.79],[-96.24,33.77],[-96.31,33.77],[-96.47,33.79],[-96.81,33.85],[-96.94,33.85],[-97.05,33.83],[-97.13,33.85],[-97.16,33.87],[-97.23,33.89],[-97.31,33.86],[-97.36,33.85],[-97.42,33.86],[-97.49,33.89],[-97.56,33.92],[-97.63,33.95],[-97.68,33.95],[-97.72,33.95],[-97.8,33.92],[-97.85,33.92],[-97.91,33.94],[-97.98,33.98],[-98.07,34.04],[-98.11,34.12],[-98.18,34.14],[-98.3,34.14],[-98.35,34.13],[-98.43,34.1],[-98.49,34.1],[-98.57,34.11],[-98.66,34.13],[-98.88,34.19],[-99.15,34.24],[-99.22,34.3],[-99.24,34.34],[-99.28,34.38],[-99.34,34.39],[-99.42,34.4],[-99.53,34.4],[-99.62,34.4],[-99.69,34.42],[-99.75,34.45],[-99.85,34.53],[-99.89,34.55],[-99.95,34.57],[-99.98,34.64],[-99.99,34.76],[-100,34.94],[-100,35.42],[-100,35.66],[-100,36.14],[-100.11,36.32],[-100.34,36.44],[-100.68,36.5],[-101.13,36.5],[-101.54,36.5],[-101.92,36.5],[-102.55,36.5],[-103,36.5],[-103.02,36.5],[-103.03,36.43],[-103.04,36.28],[-103.04,36.07],[-103.05,35.47],[-103.05,35.15],[-103.05,34.82],[-103.06,34.47],[-103.06,33.85],[-103.06,33.34],[-103.06,32.85],[-103.07,32.36],[-103.18,32.18],[-103.4,32.06],[-103.73,32],[-104.18,32],[-104.62,32],[-105.07,32],[-105.52,32],[-105.98,32],[-106.31,31.99],[-106.52,31.96],[-106.53,31.95],[-106.54,31.95],[-106.6,31.91],[-106.51,31.77],[-106.72,31.77],[-106.72,31.73],[-106.71,31.7],[-106.69,31.67],[-106.66,31.64],[-106.63,31.62],[-106.59,31.6],[-106.55,31.59]]]},"properties":{"codigo_iso_3166_2":"US-TX"}},{"type":"Feature","geometry":{"type":"MultiPolygon","coordinates":[[[[-165.31,60.81],[-165.33,60.8],[-165.46,60.72],[-165.49,60.7],[-165.56,60.61],[-165.57,60.56],[-165.55,60.46],[-165.54,60.45],[-165.72,60.5],[-166.02,60.56],[-166.23,60.57],[-166.3,60.58],[-166.51,60.56],[-166.57,60.55],[-166.72,60.51],[-166.93,60.42],[-166.98,60.41],[-167.01,60.4],[-167.02,60.4],[-167.08,60.41],[-167.14,60.41],[-167.28,60.4],[-167.35,60.39],[-167.42,60.37],[-167.52,60.32],[-167.56,60.29],[-167.59,60.25],[-167.61,60.18],[-167.61,60.15],[-167.57,60.05],[-167.47,59.96],[-167.34,59.88],[-167.18,59.82],[-167.01,59.77],[-166.86,59.73],[-166.72,59.7],[-166.49,59.66],[-166.44,59.65],[-166.24,59.65],[-166.05,59.66],[-165.87,59.69],[-165.65,59.74],[-165.51,59.79],[-165.46,59.81],[-165.35,59.88],[-165.31,59.92],[-165.28,60.01],[-165.28,60.05],[-165.32,60.14],[-165.35,60.2],[-165.34,60.24],[-165.34,60.27],[-165.35,60.29],[-165.29,60.26],[-165.04,60.14],[-164.78,60.06],[-164.64,60],[-164.55,59.95],[-164.5,59.89],[-164.48,59.86],[-164.47,59.83],[-164.39,59.77],[-164.35,59.74],[-164.23,59.69],[-164.19,59.68],[-163.99,59.64],[-163.67,59.63],[-163.35,59.65],[-163.04,59.69],[-162.73,59.75],[-162.56,59.79],[-162.43,59.83],[-162.28,59.68],[-162.19,59.56],[-162.16,59.52],[-162.18,59.51],[-162.22,59.48],[-162.31,59.32],[-162.31,59.15],[-162.24,59.01],[-162.15,58.93],[-162.11,58.85],[-162.06,58.74],[-162.02,58.67],[-161.93,58.58],[-161.9,58.55],[-161.81,58.5],[-161.75,58.48],[-161.69,58.47],[-161.63,58.46],[-161.56,58.46],[-161.4,58.47],[-161.33,58.49],[-161.27,58.51],[-161.19,58.55],[-160.98,58.64],[-160.55,58.79],[-160.49,58.8],[-160.36,58.73],[-160.21,58.67],[-160.09,58.65],[-160.02,58.64],[-159.95,58.63],[-159.76,58.65],[-159.71,58.66],[-159.69,58.65],[-159.63,58.61],[-159.56,58.55],[-159.47,58.46],[-159.37,58.38],[-159.34,58.36],[-159.22,58.32],[-159.17,58.3],[-159.11,58.29],[-158.97,58.28],[-158.89,58.28],[-158.82,58.29],[-158.68,58.33],[-158.64,58.35],[-158.6,58.38],[-158.5,58.47],[-158.48,58.51],[-158.47,58.53],[-158.44,58.52],[-158.38,58.5],[-158.2,58.48],[-158.14,58.48],[-157.87,58.5],[-157.76,58.52],[-157.84,58.4],[-157.91,58.23],[-158,57.93],[-158.05,57.69],[-158.05,57.67],[-158.07,57.65],[-158.16,57.61],[-158.3,57.55],[-158.45,57.47],[-158.59,57.39],[-158.71,57.31],[-158.82,57.23],[-158.91,57.14],[-158.97,57.05],[-158.99,56.99],[-159,56.99],[-159.17,56.96],[-159.32,56.91],[-159.46,56.86],[-159.63,56.79],[-159.79,56.76],[-160.04,56.67],[-160.35,56.53],[-160.51,56.44],[-160.63,56.35],[-160.73,56.26],[-160.83,56.12],[-160.86,56.06],[-160.86,56.05],[-160.89,56.06],[-161.04,56.11],[-161.17,56.13],[-161.23,56.14],[-161.57,56.11],[-161.81,56.07],[-162.05,56],[-162.29,55.9],[-162.51,55.78],[-162.95,55.44],[-163.15,55.31],[-163.24,55.22],[-163.29,55.14],[-163.3,55.11],[-163.32,55.13],[-163.43,55.18],[-163.48,55.2],[-163.61,55.22],[-163.67,55.23],[-163.85,55.22],[-164.1,55.18],[-164.32,55.1],[-164.43,55.07],[-164.52,55.06],[-164.58,55.05],[-164.74,54.99],[-164.8,54.96],[-164.91,54.85],[-164.97,54.8],[-165.05,54.77],[-165.09,54.74],[-165.19,54.65],[-165.22,54.62],[-165.23,54.59],[-165.23,54.56],[-165.19,54.44],[-165.18,54.41],[-165.15,54.39],[-165.07,54.33],[-165.03,54.31],[-164.91,54.27],[-164.86,54.26],[-164.77,54.25],[-164.69,54.25],[-164.52,54.25],[-164.37,54.28],[-164.22,54.32],[-164.09,54.38],[-164.03,54.42],[-164.01,54.42],[-163.98,54.43],[-163.92,54.44],[-163.67,54.44],[-163.44,54.47],[-163.33,54.5],[-163.32,54.5],[-163.18,54.51],[-163.12,54.51],[-163.06,54.53],[-163.01,54.55],[-162.97,54.57],[-162.93,54.6],[-162.89,54.67],[-162.87,54.71],[-162.87,54.74],[-162.88,54.78],[-162.9,54.8],[-162.8,54.8],[-162.75,54.8],[-162.58,54.84],[-162.42,54.88],[-162.38,54.87],[-162.32,54.86],[-162.26,54.86],[-162.07,54.89],[-162.02,54.9],[-161.78,55],[-161.6,55.13],[-161.54,55.2],[-161.52,55.2],[-161.35,55.18],[-161.29,55.18],[-161.11,55.21],[-161.1,55.19],[-161.05,55.14],[-161.02,55.1],[-160.97,55.08],[-160.86,55.04],[-160.81,55.03],[-160.66,55.02],[-160.6,55.02],[-160.54,55.03],[-160.48,55.04],[-160.36,55.1],[-160.32,55.12],[-160.28,55.15],[-160.26,55.18],[-160.25,55.21],[-160.24,55.24],[-160.26,55.29],[-160.28,55.34],[-160.31,55.37],[-160.2,55.41],[-160.01,55.5],[-159.86,55.58],[-159.75,55.64],[-159.72,55.65],[-159.56,55.65],[-159.39,55.68],[-159.19,55.73],[-158.87,55.8],[-158.66,55.84],[-158.55,55.85],[-158.36,55.89],[-158.31,55.9],[-158.27,55.92],[-158.13,56],[-158.09,56.04],[-158.01,56.2],[-158.02,56.34],[-158.01,56.34],[-157.95,56.36],[-157.77,56.44],[-157.69,56.49],[-157.57,56.53],[-157.37,56.58],[-157.11,56.62],[-157.05,56.63],[-156.81,56.74],[-156.65,56.81],[-156.63,56.82],[-156.6,56.82],[-156.53,56.82],[-156.47,56.83],[-156.41,56.85],[-156.22,56.94],[-156.13,57.03],[-156.03,57.18],[-156.02,57.28],[-156.01,57.29],[-155.94,57.33],[-155.8,57.39],[-155.55,57.47],[-155.36,57.53],[-155.21,57.6],[-155.13,57.64],[-155.09,57.66],[-155.06,57.7],[-154.95,57.74],[-154.84,57.79],[-154.79,57.82],[-154.78,57.84],[-154.7,57.84],[-154.51,57.87],[-154.44,57.88],[-154.38,57.9],[-154.17,58.01],[-154.03,58.06],[-153.98,58.09],[-153.94,58.12],[-153.91,58.15],[-153.88,58.23],[-153.75,58.31],[-153.71,58.33],[-153.63,58.42],[-153.62,58.46],[-153.61,58.46],[-153.4,58.51],[-153.28,58.57],[-153.12,58.68],[-153.04,58.8],[-153.03,58.83],[-153.03,58.91],[-153.03,58.94],[-153.09,59.01],[-153.11,59.04],[-153.24,59.12],[-153.4,59.18],[-153.69,59.24],[-153.77,59.24],[-153.76,59.25],[-153.75,59.26],[-153.74,59.26],[-153.66,59.29],[-153.49,59.36],[-153.44,59.38],[-153.33,59.47],[-153.32,59.48],[-153.31,59.49],[-153.26,59.5],[-153.12,59.52],[-152.95,59.56],[-152.85,59.61],[-152.8,59.63],[-152.7,59.72],[-152.69,59.74],[-152.68,59.75],[-152.62,59.76],[-152.56,59.78],[-152.41,59.86],[-152.38,59.88],[-152.3,59.97],[-152.27,60.06],[-152.26,60.1],[-152.27,60.13],[-152.17,60.18],[-152.08,60.26],[-152.03,60.34],[-151.95,60.42],[-151.73,60.55],[-151.69,60.57],[-151.69,60.56],[-151.68,60.54],[-151.69,60.5],[-151.71,60.45],[-151.79,60.31],[-151.87,60.23],[-151.99,60.15],[-152.11,60.02],[-152.18,59.88],[-152.2,59.85],[-152.19,59.74],[-152.18,59.7],[-152.15,59.67],[-152.02,59.58],[-152,59.57],[-152.09,59.54],[-152.13,59.51],[-152.25,59.42],[-152.28,59.38],[-152.3,59.34],[-152.28,59.24],[-152.26,59.21],[-152.23,59.18],[-152.09,59.09],[-152.04,59.07],[-151.99,59.05],[-151.84,59.03],[-151.79,59.02],[-151.59,59.02],[-151.39,59.04],[-151.04,59.11],[-150.75,59.18],[-150.56,59.24],[-150.27,59.3],[-150.04,59.39],[-149.79,59.52],[-149.61,59.64],[-149.52,59.72],[-149.43,59.77],[-149.33,59.81],[-149.29,59.82],[-149.2,59.82],[-149.08,59.82],[-148.9,59.8],[-148.57,59.79],[-148.4,59.8],[-148.34,59.81],[-148.27,59.83],[-148.22,59.85],[-148.01,59.98],[-147.98,60.01],[-147.98,59.97],[-147.97,59.93],[-147.94,59.9],[-147.91,59.87],[-147.86,59.84],[-147.75,59.81],[-147.68,59.79],[-147.6,59.78],[-147.53,59.78],[-147.39,59.8],[-147.32,59.82],[-147.15,59.89],[-147.03,59.98],[-146.94,60.07],[-146.91,60.1],[-146.89,60.14],[-146.89,60.17],[-146.9,60.21],[-146.93,60.24],[-146.97,60.27],[-147.01,60.29],[-147.11,60.33],[-147.15,60.34],[-147.21,60.35],[-147.28,60.36],[-147.34,60.36],[-147.41,60.36],[-147.48,60.35],[-147.53,60.33],[-147.74,60.23],[-147.77,60.22],[-147.69,60.34],[-147.66,60.48],[-147.71,60.62],[-147.81,60.71],[-147.82,60.73],[-147.78,60.72],[-147.58,60.72],[-147.39,60.72],[-147.21,60.75],[-147.03,60.8],[-146.98,60.82],[-146.9,60.78],[-146.75,60.71],[-146.57,60.65],[-146.36,60.6],[-146.21,60.57],[-146.22,60.55],[-146.23,60.51],[-146.23,60.48],[-146.22,60.44],[-146.19,60.41],[-146.08,60.34],[-146.03,60.32],[-145.97,60.3],[-145.91,60.28],[-145.68,60.27],[-145.65,60.27],[-145.49,60.23],[-145.25,60.2],[-145.1,60.2],[-145.07,60.19],[-144.95,60.13],[-144.77,60.06],[-144.7,60.04],[-144.5,60.02],[-144.49,60.02],[-144.31,59.94],[-144.16,59.88],[-144.02,59.86],[-143.97,59.85],[-143.83,59.84],[-143.77,59.84],[-143.41,59.88],[-143.06,59.91],[-142.89,59.91],[-142.72,59.91],[-142.54,59.9],[-142.2,59.87],[-142,59.83],[-141.89,59.81],[-141.83,59.8],[-141.77,59.8],[-141.6,59.81],[-141.59,59.8],[-141.55,59.77],[-141.35,59.68],[-141.31,59.66],[-141.03,59.6],[-140.74,59.56],[-140.55,59.54],[-140.33,59.54],[-140.14,59.56],[-140.14,59.53],[-140.12,59.5],[-140.03,59.42],[-139.99,59.39],[-139.83,59.32],[-139.47,59.2],[-139.06,59.07],[-138.74,58.98],[-138.56,58.92],[-138.43,58.87],[-138.37,58.83],[-138.24,58.73],[-138.05,58.6],[-137.93,58.53],[-137.71,58.42],[-137.48,58.32],[-137.3,58.26],[-137.24,58.24],[-137.14,58.23],[-137.11,58.22],[-136.97,58.16],[-136.93,58.14],[-136.77,58.1],[-136.71,58.09],[-136.7,58.06],[-136.67,58],[-136.69,57.97],[-136.69,57.94],[-136.67,57.84],[-136.6,57.73],[-136.49,57.63],[-136.34,57.48],[-136.19,57.37],[-136.11,57.33],[-136.05,57.3],[-136,57.28],[-135.91,57.26],[-135.83,57.16],[-135.73,57.07],[-135.69,57.03],[-135.67,56.99],[-135.66,56.96],[-135.67,56.88],[-135.67,56.85],[-135.66,56.82],[-135.58,56.72],[-135.55,56.69],[-135.45,56.64],[-135.42,56.6],[-135.36,56.5],[-135.24,56.35],[-135.15,56.25],[-135.01,56.14],[-134.97,56.12],[-134.93,56.1],[-134.88,56.08],[-134.82,56.07],[-134.7,56.07],[-134.63,56.07],[-134.57,56.08],[-134.51,56.09],[-134.48,56.1],[-134.44,56.07],[-134.41,56.04],[-134.37,56.02],[-134.21,55.96],[-134.16,55.94],[-134.1,55.94],[-134.04,55.93],[-133.98,55.94],[-133.85,55.96],[-133.79,55.98],[-133.74,56],[-133.7,56.03],[-133.68,56.05],[-133.59,56.03],[-133.54,55.86],[-133.57,55.84],[-133.61,55.82],[-133.63,55.79],[-133.65,55.76],[-133.66,55.66],[-133.65,55.62],[-133.63,55.59],[-133.52,55.5],[-133.48,55.47],[-133.46,55.46],[-133.47,55.44],[-133.49,55.34],[-133.46,55.27],[-133.45,55.24],[-133.42,55.2],[-133.34,55.15],[-133.28,55.13],[-133.22,55.11],[-133.07,55.1],[-133.07,55.09],[-133.05,55.09],[-133.13,55.07],[-133.18,55.05],[-133.22,55.03],[-133.26,55.01],[-133.29,54.98],[-133.31,54.95],[-133.31,54.91],[-133.31,54.88],[-133.27,54.79],[-133.24,54.76],[-133.05,54.64],[-133,54.62],[-132.95,54.6],[-132.9,54.59],[-132.84,54.59],[-132.78,54.59],[-132.73,54.6],[-132.68,54.61],[-132.63,54.63],[-132.57,54.67],[-132.55,54.68],[-132.54,54.66],[-132.5,54.63],[-132.36,54.57],[-132.3,54.55],[-132.11,54.53],[-132.05,54.53],[-131.99,54.53],[-131.94,54.54],[-131.89,54.56],[-131.78,54.61],[-131.74,54.64],[-131.71,54.67],[-131.69,54.7],[-131.67,54.83],[-131.67,55.02],[-131.68,55.14],[-131.65,55.13],[-131.41,55.06],[-131.36,55.05],[-131.28,55.04],[-131.27,55.03],[-131.25,54.96],[-131.25,54.88],[-131.21,54.81],[-131.19,54.78],[-131.11,54.72],[-131.06,54.69],[-130.93,54.65],[-130.87,54.64],[-130.69,54.63],[-130.51,54.65],[-130.45,54.66],[-130.28,54.72],[-130.24,54.74],[-130.05,54.87],[-129.85,55.06],[-129.77,55.18],[-129.73,55.3],[-129.74,55.42],[-129.79,55.5],[-129.83,55.6],[-129.84,55.67],[-129.83,55.71],[-129.77,55.79],[-129.73,55.88],[-129.72,55.91],[-129.73,56.03],[-129.74,56.06],[-129.76,56.09],[-129.86,56.18],[-129.9,56.2],[-129.94,56.22],[-130.08,56.26],[-130.19,56.28],[-130.25,56.34],[-130.43,56.42],[-130.63,56.5],[-130.82,56.55],[-130.94,56.58],[-131.11,56.63],[-131.36,56.72],[-131.5,56.76],[-131.53,56.76],[-131.53,56.77],[-131.61,56.87],[-131.64,56.89],[-131.68,56.92],[-131.73,56.94],[-131.73,56.96],[-131.74,57.01],[-131.75,57.05],[-131.78,57.09],[-131.9,57.17],[-131.94,57.19],[-131.94,57.22],[-131.98,57.31],[-132.06,57.41],[-132.23,57.57],[-132.83,58.18],[-132.99,58.33],[-133.06,58.39],[-133.11,58.47],[-133.24,58.6],[-133.46,58.75],[-133.69,58.88],[-133.87,58.94],[-133.95,58.98],[-134.16,59.18],[-134.34,59.3],[-134.49,59.37],[-134.54,59.38],[-134.69,59.42],[-134.71,59.43],[-134.71,59.44],[-134.7,59.46],[-134.7,59.49],[-134.71,59.56],[-134.73,59.59],[-134.81,59.68],[-134.92,59.75],[-135.08,59.83],[-135.22,59.88],[-135.27,59.9],[-135.43,59.92],[-135.51,59.93],[-135.69,59.92],[-135.75,59.92],[-136.09,59.83],[-136.28,59.8],[-136.5,59.73],[-136.63,59.67],[-136.76,59.55],[-136.82,59.43],[-136.83,59.34],[-136.84,59.32],[-136.91,59.31],[-136.96,59.3],[-137.12,59.26],[-137.24,59.21],[-137.34,59.31],[-137.51,59.43],[-137.75,59.57],[-137.97,59.68],[-138.15,59.78],[-138.27,59.85],[-138.32,59.89],[-138.41,59.98],[-138.54,60.05],[-138.74,60.13],[-138.77,60.15],[-138.78,60.16],[-138.79,60.17],[-138.77,60.22],[-138.77,60.25],[-138.79,60.33],[-138.81,60.36],[-138.83,60.39],[-138.93,60.45],[-138.98,60.47],[-139.04,60.49],[-139.2,60.51],[-139.27,60.52],[-139.65,60.5],[-139.95,60.44],[-140.05,60.4],[-140.15,60.42],[-140.33,60.44],[-140.4,60.45],[-140.48,60.45],[-140.55,60.44],[-140.56,60.43],[-140.61,60.58],[-140.63,60.82],[-140.53,67.59],[-140.5,69.27],[-140.53,69.49],[-140.59,69.64],[-140.68,69.72],[-140.73,69.75],[-140.81,69.78],[-140.89,69.8],[-141,69.82],[-141.15,69.83],[-141.19,69.85],[-141.48,69.93],[-141.77,69.98],[-141.94,70.02],[-142.11,70.08],[-142.4,70.17],[-142.81,70.25],[-143.12,70.27],[-143.43,70.28],[-143.75,70.27],[-144.3,70.23],[-144.8,70.18],[-144.94,70.18],[-145.13,70.21],[-145.31,70.24],[-145.44,70.27],[-145.51,70.29],[-145.77,70.33],[-146.03,70.34],[-146.33,70.35],[-146.63,70.35],[-146.9,70.36],[-147.17,70.37],[-147.44,70.4],[-147.73,70.43],[-148,70.46],[-148.24,70.5],[-148.48,70.54],[-148.98,70.64],[-149.23,70.67],[-149.5,70.69],[-149.88,70.68],[-150.04,70.67],[-150.12,70.66],[-150.2,70.64],[-150.32,70.66],[-150.41,70.66],[-150.82,70.66],[-151.18,70.64],[-151.5,70.63],[-151.63,70.63],[-151.84,70.64],[-151.91,70.66],[-151.82,70.71],[-151.77,70.75],[-151.75,70.78],[-151.75,70.82],[-151.82,70.9],[-151.88,70.94],[-151.95,70.97],[-152.18,71.03],[-152.53,71.07],[-152.95,71.09],[-153.38,71.1],[-153.8,71.09],[-154.1,71.05],[-154.11,71.05],[-154.26,71.13],[-154.52,71.22],[-154.59,71.24],[-154.68,71.26],[-154.9,71.28],[-155.02,71.28],[-155.14,71.28],[-155.38,71.25],[-155.39,71.25],[-155.51,71.29],[-155.87,71.37],[-156.27,71.43],[-156.35,71.44],[-156.62,71.45],[-156.74,71.45],[-157.01,71.43],[-157.12,71.41],[-157.4,71.34],[-157.65,71.21],[-157.92,71.11],[-158.07,71.07],[-158.23,71.04],[-158.43,71.01],[-158.66,70.98],[-158.95,70.97],[-159.34,70.95],[-159.57,70.96],[-159.69,70.96],[-159.8,70.95],[-159.9,70.94],[-160.18,70.86],[-160.38,70.76],[-160.68,70.66],[-160.88,70.59],[-161.21,70.5],[-161.38,70.46],[-161.5,70.45],[-161.74,70.45],[-161.83,70.45],[-162.07,70.43],[-162.16,70.42],[-162.43,70.35],[-162.64,70.27],[-162.8,70.17],[-163.02,70.05],[-163.23,69.96],[-163.36,69.87],[-163.46,69.78],[-163.52,69.69],[-163.59,69.56],[-163.64,69.48],[-163.71,69.41],[-163.77,69.36],[-163.96,69.27],[-164.22,69.19],[-164.34,69.15],[-164.49,69.13],[-164.69,69.1],[-164.94,69.08],[-165.23,69.06],[-165.71,69.05],[-166.02,69.05],[-166.13,69.04],[-166.34,69.01],[-166.41,69],[-166.48,68.98],[-166.61,68.91],[-166.66,68.88],[-166.73,68.78],[-166.73,68.68],[-166.75,68.63],[-166.77,68.59],[-166.8,68.56],[-166.86,68.52],[-166.9,68.49],[-166.94,68.41],[-166.94,68.37],[-166.88,68.28],[-166.86,68.26],[-166.7,68.16],[-166.49,68.09],[-166.15,67.99],[-165.87,67.93],[-165.73,67.9],[-165.53,67.84],[-164.96,67.65],[-164.72,67.56],[-164.54,67.48],[-164.43,67.43],[-164.3,67.31],[-164.22,67.21],[-164.19,67.16],[-164.16,67.12],[-164,67.03],[-163.95,67.01],[-163.68,66.93],[-163.36,66.89],[-163,66.86],[-162.98,66.85],[-162.97,66.85],[-162.86,66.73],[-162.69,66.62],[-162.45,66.49],[-162.21,66.38],[-162.02,66.31],[-162.03,66.3],[-162.13,66.24],[-162.18,66.25],[-162.25,66.25],[-162.52,66.23],[-162.8,66.23],[-163.24,66.24],[-163.39,66.25],[-163.44,66.26],[-163.45,66.31],[-163.43,66.36],[-163.4,66.39],[-163.37,66.43],[-163.36,66.51],[-163.37,66.55],[-163.39,66.58],[-163.53,66.67],[-163.58,66.69],[-163.63,66.71],[-163.79,66.75],[-163.85,66.76],[-164.09,66.77],[-164.32,66.77],[-164.74,66.73],[-165.06,66.67],[-165.17,66.63],[-165.23,66.62],[-165.45,66.6],[-165.63,66.56],[-166.09,66.41],[-166.43,66.33],[-166.83,66.23],[-167.16,66.12],[-167.25,66.07],[-167.26,66.07],[-167.33,66.07],[-167.55,66.04],[-167.74,65.98],[-167.92,65.92],[-168.15,65.82],[-168.28,65.72],[-168.32,65.68],[-168.34,65.58],[-168.34,65.55],[-168.31,65.51],[-168.19,65.42],[-168.14,65.39],[-167.88,65.32],[-167.64,65.27],[-167.38,65.22],[-167.11,65.19],[-167,65.18],[-167.03,65.15],[-167.07,65.07],[-167.08,65.04],[-167.07,65.01],[-167.01,64.94],[-166.98,64.91],[-166.86,64.84],[-166.85,64.83],[-166.86,64.77],[-166.87,64.74],[-166.85,64.71],[-166.76,64.61],[-166.73,64.58],[-166.58,64.51],[-166.38,64.45],[-166.15,64.41],[-165.89,64.37],[-165.57,64.33],[-165.25,64.31],[-164.94,64.31],[-164.64,64.33],[-164.45,64.37],[-164.32,64.39],[-164.19,64.4],[-164.05,64.4],[-163.72,64.38],[-163.05,64.33],[-162.73,64.33],[-162.51,64.35],[-162.32,64.4],[-162.13,64.45],[-161.9,64.54],[-161.75,64.59],[-161.67,64.6],[-161.74,64.53],[-161.76,64.49],[-161.76,64.45],[-161.74,64.42],[-161.63,64.32],[-161.5,64.25],[-161.43,64.19],[-161.36,64.12],[-161.3,64.03],[-161.27,63.92],[-161.26,63.84],[-161.27,63.78],[-161.3,63.75],[-161.42,63.68],[-161.5,63.66],[-161.6,63.65],[-161.88,63.63],[-161.89,63.64],[-161.9,63.64],[-161.96,63.66],[-162.03,63.68],[-162.1,63.69],[-162.18,63.69],[-162.25,63.69],[-162.44,63.66],[-162.51,63.65],[-162.57,63.63],[-162.69,63.56],[-162.89,63.42],[-163.08,63.32],[-163.17,63.28],[-163.26,63.24],[-163.5,63.34],[-163.72,63.39],[-163.79,63.41],[-164.06,63.42],[-164.13,63.42],[-164.34,63.41],[-164.65,63.33],[-164.81,63.27],[-164.93,63.2],[-165.04,63.11],[-165.13,63.02],[-165.2,62.93],[-165.24,62.84],[-165.25,62.75],[-165.23,62.71],[-165.27,62.69],[-165.52,62.57],[-165.81,62.38],[-166.02,62.2],[-166.08,62.13],[-166.1,62.1],[-166.11,62],[-166.11,61.99],[-166.16,61.98],[-166.22,61.96],[-166.28,61.94],[-166.32,61.91],[-166.39,61.83],[-166.4,61.8],[-166.41,61.77],[-166.4,61.74],[-166.41,61.73],[-166.45,61.69],[-166.48,61.6],[-166.48,61.57],[-166.47,61.54],[-166.45,61.51],[-166.41,61.48],[-166.37,61.46],[-166.23,61.41],[-166.23,61.37],[-166.21,61.33],[-166.18,61.29],[-166,61.19],[-165.99,61.19],[-165.99,61.16],[-165.97,61.13],[-165.91,61.08],[-165.87,61.05],[-165.72,60.98],[-165.55,60.94],[-165.46,60.93],[-165.45,60.92],[-165.43,60.88],[-165.31,60.82],[-165.31,60.81]]],[[[-152.68,57.11],[-152.65,57.12],[-152.54,57.15],[-152.49,57.17],[-152.36,57.25],[-152.34,57.28],[-152.31,57.28],[-152.25,57.29],[-152.18,57.31],[-152.03,57.39],[-151.98,57.42],[-151.9,57.54],[-151.88,57.57],[-151.88,57.61],[-151.89,57.65],[-151.91,57.68],[-152.01,57.75],[-152.06,57.78],[-152.1,57.8],[-152.14,57.81],[-152.15,57.82],[-152.16,57.86],[-152.23,57.95],[-152.26,57.97],[-152.23,57.98],[-152.2,57.99],[-152.08,58.01],[-152.01,58.02],[-151.96,58.03],[-151.79,58.13],[-151.73,58.19],[-151.71,58.21],[-151.69,58.24],[-151.69,58.31],[-151.7,58.34],[-151.72,58.37],[-151.75,58.4],[-151.83,58.45],[-151.89,58.48],[-152.09,58.52],[-152.22,58.53],[-152.3,58.54],[-152.35,58.56],[-152.39,58.58],[-152.45,58.6],[-152.51,58.61],[-152.65,58.62],[-152.71,58.61],[-152.78,58.61],[-152.84,58.59],[-152.89,58.57],[-152.93,58.55],[-153.01,58.48],[-153.17,58.45],[-153.22,58.44],[-153.28,58.42],[-153.42,58.34],[-153.46,58.31],[-153.48,58.28],[-153.51,58.21],[-153.51,58.18],[-153.5,58.15],[-153.45,58.08],[-153.43,58.05],[-153.41,58.04],[-153.44,58.02],[-153.46,58.01],[-153.51,58.01],[-153.82,58],[-153.88,57.99],[-153.93,57.98],[-154.04,57.95],[-154.09,57.92],[-154.13,57.89],[-154.19,57.82],[-154.35,57.81],[-154.49,57.79],[-154.54,57.77],[-154.78,57.68],[-154.87,57.62],[-154.95,57.57],[-155.02,57.51],[-155.04,57.49],[-155.08,57.42],[-155.09,57.38],[-155.08,57.31],[-155.07,57.28],[-155,57.19],[-154.89,57.11],[-154.87,57.07],[-154.86,57.05],[-154.86,57.02],[-154.78,56.91],[-154.75,56.88],[-154.71,56.86],[-154.41,56.74],[-154.29,56.67],[-154.23,56.65],[-154.08,56.62],[-154.03,56.61],[-153.97,56.61],[-153.83,56.63],[-153.77,56.64],[-153.59,56.71],[-153.45,56.79],[-153.31,56.88],[-153.26,56.88],[-153.2,56.88],[-153.03,56.91],[-152.86,56.97],[-152.78,57.01],[-152.74,57.03],[-152.71,57.06],[-152.69,57.1],[-152.68,57.11]]],[[[-177.58,51.9],[-177.6,51.94],[-177.66,51.98],[-177.71,52.01],[-177.86,52.07],[-177.91,52.08],[-177.97,52.08],[-178.15,52.07],[-178.21,52.07],[-178.26,52.05],[-178.3,52.03],[-178.34,52],[-178.41,51.93],[-178.43,51.9],[-178.44,51.87],[-178.43,51.83],[-178.42,51.8],[-178.4,51.76],[-178.26,51.67],[-178.22,51.64],[-178.07,51.59],[-178.01,51.58],[-177.95,51.57],[-177.89,51.58],[-177.74,51.61],[-177.7,51.62],[-177.66,51.64],[-177.62,51.67],[-177.59,51.7],[-177.56,51.77],[-177.55,51.81],[-177.55,51.85],[-177.58,51.9]]],[[[-176.28,51.93],[-176.3,51.94],[-176.33,51.96],[-176.42,51.99],[-176.47,52],[-176.53,52.01],[-176.69,52.01],[-176.75,52],[-176.8,51.99],[-176.97,51.91],[-177.01,51.89],[-177.07,51.84],[-177.09,51.8],[-177.1,51.77],[-177.11,51.73],[-177.1,51.7],[-177.08,51.66],[-177,51.6],[-176.96,51.57],[-176.92,51.55],[-176.87,51.54],[-176.7,51.52],[-176.54,51.53],[-176.49,51.54],[-176.44,51.55],[-176.31,51.61],[-176.28,51.64],[-176.24,51.66],[-176.22,51.7],[-176.2,51.77],[-176.2,51.81],[-176.21,51.85],[-176.23,51.89],[-176.28,51.93]]],[[[-173.31,52.29],[-173.38,52.29],[-173.74,52.29],[-173.81,52.28],[-173.84,52.32],[-173.87,52.34],[-173.9,52.37],[-173.94,52.39],[-173.99,52.41],[-174.09,52.43],[-174.15,52.44],[-174.31,52.43],[-174.46,52.4],[-174.82,52.3],[-174.98,52.25],[-175.06,52.2],[-175.1,52.18],[-175.14,52.15],[-175.16,52.12],[-175.17,52.08],[-175.17,52.05],[-175.15,52.01],[-175.13,51.98],[-175.1,51.95],[-174.99,51.89],[-174.95,51.88],[-174.9,51.86],[-174.84,51.86],[-174.57,51.87],[-174.23,51.93],[-174.07,51.97],[-174.04,51.95],[-174.01,51.92],[-173.96,51.9],[-173.91,51.89],[-173.69,51.86],[-173.54,51.86],[-173.29,51.88],[-173.12,51.91],[-173.07,51.93],[-173.02,51.95],[-172.98,51.98],[-172.95,52.01],[-172.93,52.04],[-172.93,52.08],[-172.93,52.11],[-172.94,52.15],[-172.97,52.18],[-173,52.21],[-173.1,52.25],[-173.15,52.27],[-173.19,52.28],[-173.31,52.29]]],[[[-167.8,53.7],[-167.86,53.72],[-167.91,53.73],[-168.06,53.74],[-168.11,53.74],[-168.16,53.73],[-168.36,53.68],[-168.4,53.67],[-168.56,53.58],[-168.62,53.52],[-168.65,53.49],[-168.67,53.44],[-168.79,53.41],[-168.84,53.39],[-168.88,53.37],[-168.97,53.3],[-169.01,53.26],[-169.06,53.12],[-169.05,53.02],[-169.02,52.96],[-169,52.93],[-168.97,52.9],[-168.93,52.87],[-168.89,52.85],[-168.75,52.82],[-168.7,52.81],[-168.65,52.81],[-168.59,52.81],[-168.54,52.82],[-168.37,52.89],[-168.33,52.9],[-168.17,53.01],[-168.08,53.09],[-167.97,53.14],[-167.9,53.12],[-167.85,53.1],[-167.79,53.09],[-167.61,53.09],[-167.43,53.12],[-167.23,53.17],[-166.89,53.27],[-166.72,53.31],[-166.7,53.31],[-166.64,53.32],[-166.5,53.37],[-166.44,53.39],[-166.35,53.48],[-166.3,53.51],[-166.21,53.55],[-166.17,53.57],[-166.14,53.59],[-166.06,53.68],[-166.04,53.72],[-166.03,53.76],[-166.06,53.84],[-166.07,53.86],[-166.11,53.9],[-166.06,53.89],[-166,53.89],[-165.94,53.89],[-165.74,53.93],[-165.69,53.94],[-165.64,53.96],[-165.61,53.99],[-165.54,54.06],[-165.52,54.09],[-165.51,54.13],[-165.52,54.17],[-165.53,54.2],[-165.56,54.23],[-165.6,54.26],[-165.67,54.29],[-165.69,54.3],[-165.75,54.32],[-165.95,54.35],[-166.01,54.35],[-166.07,54.34],[-166.14,54.33],[-166.19,54.31],[-166.29,54.25],[-166.33,54.22],[-166.35,54.19],[-166.36,54.15],[-166.36,54.07],[-166.35,54.07],[-166.38,54.08],[-166.48,54.13],[-166.59,54.16],[-166.64,54.17],[-166.84,54.18],[-166.91,54.17],[-167.1,54.13],[-167.14,54.12],[-167.31,54.03],[-167.35,54.01],[-167.38,53.97],[-167.4,53.94],[-167.42,53.85],[-167.41,53.81],[-167.4,53.78],[-167.36,53.74],[-167.37,53.73],[-167.44,53.63],[-167.45,53.62],[-167.57,53.59],[-167.59,53.61],[-167.67,53.66],[-167.71,53.68],[-167.8,53.7]]],[[[172.92,53.18],[172.83,53.18],[172.68,53.17],[172.57,53.15],[172.53,53.13],[172.49,53.12],[172.42,53.07],[172.39,53.04],[172.37,53.01],[172.36,52.98],[172.37,52.87],[172.38,52.84],[172.4,52.8],[172.53,52.71],[172.56,52.69],[172.75,52.62],[172.8,52.61],[172.85,52.6],[173.01,52.6],[173.06,52.6],[173.12,52.62],[173.2,52.65],[173.23,52.65],[173.27,52.65],[173.33,52.65],[173.39,52.67],[173.45,52.69],[173.54,52.74],[173.57,52.77],[173.6,52.81],[173.61,52.84],[173.61,52.88],[173.6,52.92],[173.53,53],[173.42,53.07],[173.29,53.12],[173.15,53.16],[173,53.18],[172.92,53.18]]],[[[-172.19,63.43],[-172.17,63.39],[-172.14,63.36],[-172.01,63.27],[-171.96,63.24],[-171.75,63.19],[-171.68,63.17],[-171.6,63.16],[-171.26,63.17],[-171.05,63.21],[-170.92,63.24],[-170.86,63.25],[-170.84,63.25],[-170.82,63.25],[-170.6,63.17],[-170.26,63.02],[-170.06,62.95],[-170.01,62.93],[-169.81,62.9],[-169.74,62.9],[-169.68,62.89],[-169.49,62.91],[-169.42,62.92],[-169.36,62.93],[-169.22,62.98],[-169.17,62.99],[-169.13,63],[-169.1,63],[-168.97,63],[-168.75,63.02],[-168.67,63.03],[-168.6,63.05],[-168.53,63.07],[-168.42,63.15],[-168.39,63.18],[-168.37,63.21],[-168.37,63.25],[-168.41,63.33],[-168.43,63.36],[-168.47,63.39],[-168.6,63.45],[-168.75,63.49],[-169.03,63.53],[-169.29,63.53],[-169.36,63.54],[-169.43,63.55],[-169.51,63.57],[-169.59,63.6],[-169.76,63.67],[-169.91,63.76],[-169.99,63.8],[-170.07,63.82],[-170.31,63.86],[-170.39,63.87],[-170.46,63.87],[-170.75,63.84],[-171.01,63.78],[-171.07,63.78],[-171.14,63.79],[-171.29,63.82],[-171.38,63.85],[-171.44,63.87],[-171.51,63.88],[-171.59,63.89],[-171.67,63.89],[-171.84,63.87],[-171.92,63.86],[-172,63.84],[-172.06,63.81],[-172.16,63.72],[-172.22,63.58],[-172.23,63.49],[-172.19,63.43]]]]},"properties":{"codigo_iso_3166_2":"US-AK"}},{"type":"Feature","geometry":{"type":"Polygon","coordinates":[[[-93.82,29.63],[-93.7,29.59],[-93.54,29.57],[-93.4,29.58],[-93.29,29.57],[-93.18,29.56],[-93.07,29.53],[-92.94,29.49],[-92.69,29.42],[-92.46,29.38],[-92.35,29.37],[-92.24,29.37],[-92.17,29.39],[-92.13,29.4],[-92.02,29.47],[-91.99,29.49],[-91.97,29.52],[-91.93,29.6],[-91.81,29.58],[-91.79,29.56],[-91.76,29.51],[-91.69,29.44],[-91.61,29.38],[-91.52,29.35],[-91.43,29.33],[-91.43,29.31],[-91.43,29.27],[-91.42,29.23],[-91.36,29.16],[-91.34,29.13],[-91.22,29.07],[-91.1,29.02],[-90.94,28.99],[-90.8,28.97],[-90.69,28.98],[-90.66,28.99],[-90.56,29.03],[-90.52,29.05],[-90.47,29.1],[-90.46,29.1],[-90.35,29.08],[-90.27,29.06],[-90.24,29.04],[-90.21,29.03],[-90.17,29.02],[-90.13,29.02],[-90.04,29.04],[-90,29.05],[-89.96,29.07],[-89.93,29.1],[-89.9,29.13],[-89.87,29.2],[-89.75,29.14],[-89.68,29.12],[-89.62,29.08],[-89.57,29.03],[-89.5,28.96],[-89.47,28.94],[-89.35,28.89],[-89.3,28.88],[-89.16,28.88],[-89.12,28.88],[-89.09,28.89],[-88.97,28.95],[-88.94,28.97],[-88.92,29],[-88.88,29.06],[-88.87,29.09],[-88.86,29.11],[-88.86,29.18],[-88.86,29.22],[-88.9,29.3],[-88.91,29.32],[-89.02,29.43],[-89.05,29.45],[-89.15,29.51],[-89.19,29.52],[-89.27,29.53],[-89.36,29.57],[-89.4,29.59],[-89.35,29.66],[-89.27,29.8],[-89.24,29.94],[-89.23,29.98],[-89.25,30.06],[-89.27,30.09],[-89.28,30.11],[-89.3,30.1],[-89.31,30.1],[-89.42,30.04],[-89.45,30.02],[-89.49,30.01],[-89.53,30.01],[-89.57,30.01],[-89.61,30.02],[-89.65,30.04],[-89.68,30.06],[-89.7,30.09],[-89.72,30.12],[-89.73,30.15],[-89.74,30.19],[-89.64,30.18],[-89.53,30.19],[-89.63,30.35],[-89.64,30.37],[-89.73,30.5],[-89.78,30.61],[-89.81,30.71],[-89.81,30.8],[-89.78,30.88],[-89.82,30.94],[-89.93,30.98],[-90.1,31],[-90.83,31],[-91.3,31],[-91.48,31],[-91.59,31.01],[-91.61,31.04],[-91.58,31.14],[-91.53,31.42],[-91.5,31.53],[-91.45,31.57],[-91.41,31.68],[-91.39,31.73],[-91.34,31.79],[-91.28,31.87],[-91.19,31.95],[-91.06,32.11],[-90.98,32.24],[-90.96,32.3],[-90.96,32.34],[-90.98,32.38],[-91.06,32.44],[-91.12,32.52],[-91.15,32.61],[-91.15,32.72],[-91.14,32.83],[-91.15,32.92],[-91.17,33.01],[-91.84,33.01],[-92.37,33.01],[-92.68,33.01],[-93.24,33.01],[-93.71,33.01],[-94.04,33.01],[-94.04,32.38],[-94.03,32.18],[-94.01,32.04],[-93.99,31.96],[-93.92,31.89],[-93.87,31.82],[-93.83,31.73],[-93.82,31.7],[-93.82,31.64],[-93.81,31.58],[-93.77,31.49],[-93.71,31.38],[-93.63,31.25],[-93.57,31.13],[-93.54,31.03],[-93.53,30.96],[-93.57,30.83],[-93.64,30.66],[-93.68,30.55],[-93.71,30.45],[-93.73,30.36],[-93.74,30.27],[-93.73,30.16],[-93.73,30.13],[-93.75,30.05],[-93.8,29.99],[-93.81,29.97],[-93.81,29.91],[-93.83,29.72],[-93.82,29.63]]]},"properties":{"codigo_iso_3166_2":"US-LA"}},{"type":"Feature","geometry":{"type":"Polygon","coordinates":[[[-89.28,30.11],[-89.21,30.14],[-89.06,30.18],[-88.92,30.22],[-88.91,30.23],[-88.83,30.19],[-88.67,30.16],[-88.53,30.15],[-88.5,30.15],[-88.39,30.17],[-88.35,30.18],[-88.35,30.19],[-88.33,30.19],[-88.35,30.2],[-88.4,30.39],[-88.41,30.57],[-88.43,30.95],[-88.45,31.16],[-88.46,31.33],[-88.46,31.69],[-88.45,32.05],[-88.42,32.39],[-88.38,32.73],[-88.33,33.08],[-88.28,33.46],[-88.23,33.85],[-88.17,34.27],[-88.14,34.59],[-88.12,34.81],[-88.12,34.93],[-88.18,35],[-88.85,35],[-89.39,35],[-89.91,35],[-90.3,35],[-90.28,34.95],[-90.31,34.91],[-90.39,34.86],[-90.47,34.8],[-90.54,34.71],[-90.58,34.61],[-90.59,34.51],[-90.6,34.46],[-90.63,34.42],[-90.68,34.38],[-90.73,34.34],[-90.78,34.3],[-90.82,34.25],[-90.85,34.2],[-90.88,34.13],[-90.94,34.05],[-91.02,34.02],[-91.06,33.97],[-91.06,33.84],[-91.1,33.77],[-91.17,33.72],[-91.2,33.64],[-91.21,33.6],[-91.2,33.53],[-91.15,33.48],[-91.15,33.42],[-91.17,33.34],[-91.15,33.26],[-91.12,33.17],[-91.13,33.1],[-91.17,33.01],[-91.15,32.92],[-91.14,32.83],[-91.15,32.72],[-91.15,32.61],[-91.12,32.52],[-91.06,32.44],[-90.98,32.38],[-90.96,32.34],[-90.96,32.3],[-90.98,32.24],[-91.06,32.11],[-91.19,31.95],[-91.28,31.87],[-91.34,31.79],[-91.39,31.73],[-91.41,31.68],[-91.45,31.57],[-91.5,31.53],[-91.53,31.42],[-91.58,31.14],[-91.61,31.04],[-91.59,31.01],[-91.48,31],[-91.3,31],[-90.83,31],[-90.1,31],[-89.93,30.98],[-89.82,30.94],[-89.78,30.88],[-89.81,30.8],[-89.81,30.71],[-89.78,30.61],[-89.73,30.5],[-89.64,30.37],[-89.63,30.35],[-89.53,30.19],[-89.64,30.18],[-89.74,30.19],[-89.73,30.15],[-89.72,30.12],[-89.7,30.09],[-89.68,30.06],[-89.65,30.04],[-89.61,30.02],[-89.57,30.01],[-89.53,30.01],[-89.49,30.01],[-89.45,30.02],[-89.42,30.04],[-89.31,30.1],[-89.3,30.1],[-89.28,30.11]]]},"properties":{"codigo_iso_3166_2":"US-MS"}},{"type":"Feature","geometry":{"type":"Polygon","coordinates":[[[-88.33,30.19],[-88.27,30.18],[-88.23,30.18],[-88.13,30.19],[-88.09,30.2],[-88.06,30.21],[-88.01,30.25],[-87.99,30.23],[-87.97,30.21],[-87.83,30.14],[-87.71,30.12],[-87.67,30.11],[-87.58,30.12],[-87.55,30.13],[-87.53,30.14],[-87.53,30.16],[-87.52,30.24],[-87.51,30.29],[-87.49,30.33],[-87.42,30.47],[-87.42,30.48],[-87.41,30.59],[-87.42,30.63],[-87.43,30.66],[-87.44,30.68],[-87.49,30.73],[-87.54,30.79],[-87.61,30.88],[-87.6,30.95],[-87.54,30.98],[-87.41,30.99],[-87.34,30.99],[-87.22,31],[-86.69,31],[-86,31],[-85.61,31],[-85.01,31],[-85.07,31.17],[-85.09,31.24],[-85.09,31.3],[-85.08,31.37],[-85.07,31.44],[-85.06,31.51],[-85.06,31.58],[-85.08,31.65],[-85.1,31.72],[-85.12,31.79],[-85.12,31.86],[-85.11,31.94],[-85.08,32.02],[-85.03,32.14],[-84.96,32.22],[-84.94,32.26],[-84.94,32.32],[-84.97,32.4],[-85.01,32.48],[-85.09,32.66],[-85.15,32.82],[-85.19,32.93],[-85.22,33.06],[-85.26,33.23],[-85.34,33.65],[-85.45,34.19],[-85.51,34.51],[-85.61,34.99],[-86.03,34.99],[-86.57,34.99],[-87.02,35],[-87.41,35.01],[-87.76,35.01],[-88.18,35],[-88.12,34.93],[-88.12,34.81],[-88.14,34.59],[-88.17,34.27],[-88.23,33.85],[-88.28,33.46],[-88.33,33.08],[-88.38,32.73],[-88.42,32.39],[-88.45,32.05],[-88.46,31.69],[-88.46,31.33],[-88.45,31.16],[-88.43,30.95],[-88.41,30.57],[-88.4,30.39],[-88.35,30.2],[-88.33,30.19]]]},"properties":{"codigo_iso_3166_2":"US-AL"}},{"type":"Feature","geometry":{"type":"Polygon","coordinates":[[[-87.53,30.14],[-87.52,30.13],[-87.51,30.13],[-87.5,30.13],[-87.49,30.13],[-87.48,30.13],[-87.46,30.12],[-87.45,30.12],[-87.42,30.13],[-87.35,30.13],[-87.33,30.14],[-87.32,30.14],[-87.31,30.14],[-87.3,30.14],[-87.3,30.15],[-87.26,30.16],[-87.25,30.17],[-87.18,30.2],[-87.11,30.26],[-87.1,30.27],[-87.06,30.27],[-86.99,30.27],[-86.88,30.26],[-86.65,30.25],[-86.53,30.28],[-86.47,30.24],[-86.32,30.18],[-86.18,30.15],[-86.01,30.08],[-85.9,30.06],[-85.86,30.05],[-85.85,30.05],[-85.83,30.03],[-85.7,29.91],[-85.62,29.85],[-85.57,29.81],[-85.55,29.77],[-85.54,29.76],[-85.53,29.73],[-85.52,29.7],[-85.5,29.67],[-85.45,29.61],[-85.41,29.58],[-85.31,29.54],[-85.28,29.53],[-85.15,29.52],[-85.01,29.54],[-84.89,29.56],[-84.77,29.6],[-84.65,29.64],[-84.54,29.7],[-84.37,29.8],[-84.25,29.88],[-84.17,29.91],[-84.11,29.92],[-84.09,29.92],[-84.05,29.91],[-84,29.88],[-83.87,29.81],[-83.79,29.73],[-83.75,29.69],[-83.68,29.61],[-83.65,29.59],[-83.61,29.56],[-83.6,29.53],[-83.55,29.44],[-83.53,29.41],[-83.43,29.32],[-83.35,29.25],[-83.25,29.14],[-83.18,29.08],[-83.1,29.03],[-83.02,29],[-82.98,29],[-82.96,29],[-82.94,28.97],[-82.9,28.92],[-82.88,28.87],[-82.86,28.81],[-82.85,28.73],[-82.86,28.63],[-82.87,28.54],[-82.88,28.47],[-82.9,28.41],[-82.96,28.29],[-82.99,28.17],[-82.98,28.12],[-83.02,27.95],[-83.02,27.85],[-82.99,27.77],[-82.98,27.75],[-82.93,27.68],[-82.91,27.66],[-82.84,27.6],[-82.81,27.59],[-82.82,27.54],[-82.83,27.51],[-82.82,27.42],[-82.82,27.39],[-82.75,27.23],[-82.65,27.05],[-82.58,26.93],[-82.51,26.82],[-82.44,26.73],[-82.37,26.66],[-82.27,26.58],[-82.26,26.57],[-82.22,26.48],[-82.2,26.45],[-82.09,26.35],[-82.05,26.34],[-82.05,26.32],[-82.03,26.28],[-82.02,26.2],[-81.99,26.11],[-81.96,26.02],[-81.92,25.96],[-81.9,25.94],[-81.79,25.85],[-81.65,25.76],[-81.57,25.71],[-81.52,25.67],[-81.47,25.62],[-81.44,25.56],[-81.4,25.48],[-81.38,25.41],[-81.36,25.36],[-81.36,25.34],[-81.37,25.3],[-81.36,25.2],[-81.35,25.17],[-81.3,25.07],[-81.27,25.04],[-81.25,25.02],[-81.22,25],[-81.11,24.97],[-81.08,24.96],[-81.04,24.96],[-80.9,24.99],[-80.84,25],[-80.77,24.98],[-80.68,24.99],[-80.64,25],[-80.53,25.05],[-80.51,25.05],[-80.45,25.05],[-80.41,25.06],[-80.37,25.07],[-80.27,25.13],[-80.24,25.16],[-80.16,25.27],[-80.15,25.29],[-80.11,25.45],[-80.11,25.51],[-80.1,25.55],[-80.09,25.59],[-80.07,25.64],[-80.01,25.71],[-79.96,25.85],[-79.93,26.02],[-79.9,26.22],[-79.87,26.47],[-79.86,26.65],[-79.85,26.78],[-79.85,26.89],[-79.87,26.96],[-79.95,27.14],[-80.06,27.38],[-80.15,27.56],[-80.18,27.67],[-80.26,27.87],[-80.42,28.18],[-80.48,28.32],[-80.53,28.43],[-80.54,28.47],[-80.52,28.49],[-80.49,28.52],[-80.46,28.58],[-80.46,28.62],[-80.46,28.65],[-80.49,28.76],[-80.55,28.87],[-80.63,28.99],[-80.7,29.1],[-80.76,29.22],[-80.83,29.34],[-80.99,29.66],[-81.03,29.77],[-81.1,29.99],[-81.21,30.4],[-81.29,30.73],[-81.3,30.75],[-81.31,30.78],[-81.33,30.81],[-81.35,30.84],[-81.38,30.86],[-81.42,30.88],[-81.46,30.89],[-81.5,30.89],[-81.5,30.87],[-81.5,30.71],[-81.7,30.76],[-81.71,30.77],[-81.76,30.78],[-81.84,30.79],[-81.91,30.8],[-81.96,30.79],[-81.99,30.77],[-82.02,30.73],[-82.03,30.68],[-82.04,30.6],[-82.05,30.52],[-82.06,30.45],[-82.07,30.4],[-82.09,30.37],[-82.15,30.38],[-82.2,30.44],[-82.21,30.49],[-82.28,30.53],[-82.38,30.56],[-82.53,30.58],[-82.99,30.61],[-83.32,30.63],[-83.71,30.65],[-84.18,30.68],[-84.53,30.72],[-84.78,30.77],[-84.92,30.83],[-85.01,31],[-85.61,31],[-86,31],[-86.69,31],[-87.22,31],[-87.34,30.99],[-87.41,30.99],[-87.54,30.98],[-87.6,30.95],[-87.61,30.88],[-87.54,30.79],[-87.49,30.73],[-87.44,30.68],[-87.43,30.66],[-87.42,30.63],[-87.41,30.59],[-87.42,30.48],[-87.42,30.47],[-87.49,30.33],[-87.51,30.29],[-87.52,30.24],[-87.53,30.16],[-87.53,30.14]]]},"properties":{"codigo_iso_3166_2":"US-FL"}},{"type":"Feature","geometry":{"type":"Polygon","coordinates":[[[-85.01,31],[-84.92,30.83],[-84.78,30.77],[-84.53,30.72],[-84.18,30.68],[-83.71,30.65],[-83.32,30.63],[-82.99,30.61],[-82.53,30.58],[-82.38,30.56],[-82.28,30.53],[-82.21,30.49],[-82.2,30.44],[-82.15,30.38],[-82.09,30.37],[-82.07,30.4],[-82.06,30.45],[-82.05,30.52],[-82.04,30.6],[-82.03,30.68],[-82.02,30.73],[-81.99,30.77],[-81.96,30.79],[-81.91,30.8],[-81.84,30.79],[-81.76,30.78],[-81.71,30.77],[-81.7,30.76],[-81.5,30.71],[-81.5,30.87],[-81.5,30.89],[-81.46,30.89],[-81.42,30.88],[-81.38,30.86],[-81.35,30.84],[-81.33,30.81],[-81.31,30.78],[-81.3,30.75],[-81.29,30.73],[-81.29,30.86],[-81.28,30.89],[-81.26,30.94],[-81.23,30.99],[-81.17,31.07],[-81.12,31.16],[-81.1,31.23],[-81.09,31.26],[-81.09,31.33],[-81.1,31.37],[-81.12,31.41],[-81.12,31.43],[-81.1,31.47],[-81.04,31.57],[-81,31.62],[-80.93,31.66],[-80.82,31.78],[-80.72,31.91],[-80.75,31.9],[-80.77,31.88],[-80.81,31.86],[-80.85,31.85],[-80.89,31.85],[-80.93,31.85],[-80.97,31.86],[-81,31.88],[-80.89,32.03],[-81.01,32.07],[-81.05,32.1],[-81.07,32.13],[-81.09,32.16],[-81.12,32.24],[-81.15,32.33],[-81.19,32.42],[-81.23,32.48],[-81.28,32.53],[-81.37,32.6],[-81.41,32.67],[-81.41,32.74],[-81.42,32.79],[-81.48,32.93],[-81.51,32.99],[-81.56,33.04],[-81.61,33.09],[-81.67,33.11],[-81.73,33.16],[-81.78,33.21],[-81.82,33.27],[-81.86,33.35],[-81.91,33.41],[-81.96,33.47],[-82.02,33.52],[-82.09,33.57],[-82.18,33.64],[-82.23,33.71],[-82.31,33.78],[-82.52,33.94],[-82.63,34.05],[-82.71,34.16],[-82.84,34.41],[-82.92,34.47],[-83,34.49],[-83.14,34.57],[-83.23,34.62],[-83.29,34.67],[-83.33,34.72],[-83.34,34.75],[-83.31,34.81],[-83.24,34.89],[-83.11,35],[-83.56,35],[-83.87,34.99],[-84.32,34.99],[-84.8,34.99],[-85.13,34.99],[-85.61,34.99],[-85.51,34.51],[-85.45,34.19],[-85.34,33.65],[-85.26,33.23],[-85.22,33.06],[-85.19,32.93],[-85.15,32.82],[-85.09,32.66],[-85.01,32.48],[-84.97,32.4],[-84.94,32.32],[-84.94,32.26],[-84.96,32.22],[-85.03,32.14],[-85.08,32.02],[-85.11,31.94],[-85.12,31.86],[-85.12,31.79],[-85.1,31.72],[-85.08,31.65],[-85.06,31.58],[-85.06,31.51],[-85.07,31.44],[-85.08,31.37],[-85.09,31.3],[-85.09,31.24],[-85.07,31.17],[-85.01,31]]]},"properties":{"codigo_iso_3166_2":"US-GA"}},{"type":"Feature","geometry":{"type":"Polygon","coordinates":[[[-80.72,31.91],[-80.46,32.12],[-80.29,32.26],[-80.23,32.34],[-80.07,32.4],[-79.95,32.45],[-79.83,32.51],[-79.72,32.59],[-79.61,32.68],[-79.46,32.81],[-79.43,32.84],[-79.37,32.85],[-79.33,32.86],[-79.18,32.95],[-79.1,33.02],[-79,33.15],[-78.95,33.27],[-78.91,33.36],[-78.84,33.45],[-78.8,33.49],[-78.66,33.59],[-78.48,33.71],[-78.53,33.7],[-78.57,33.7],[-78.61,33.7],[-78.65,33.71],[-78.69,33.73],[-78.72,33.75],[-78.74,33.77],[-78.57,33.88],[-78.72,34.01],[-78.97,34.23],[-79.24,34.46],[-79.52,34.63],[-79.79,34.75],[-80.07,34.81],[-80.36,34.82],[-80.57,34.83],[-80.71,34.85],[-80.78,34.88],[-80.8,34.94],[-80.82,34.98],[-80.88,35.05],[-80.95,35.11],[-81.02,35.14],[-81.29,35.16],[-81.83,35.19],[-82.08,35.2],[-82.26,35.2],[-82.39,35.19],[-82.54,35.16],[-82.76,35.1],[-83.11,35],[-83.24,34.89],[-83.31,34.81],[-83.34,34.75],[-83.33,34.72],[-83.29,34.67],[-83.23,34.62],[-83.14,34.57],[-83,34.49],[-82.92,34.47],[-82.84,34.41],[-82.71,34.16],[-82.63,34.05],[-82.52,33.94],[-82.31,33.78],[-82.23,33.71],[-82.18,33.64],[-82.09,33.57],[-82.02,33.52],[-81.96,33.47],[-81.91,33.41],[-81.86,33.35],[-81.82,33.27],[-81.78,33.21],[-81.73,33.16],[-81.67,33.11],[-81.61,33.09],[-81.56,33.04],[-81.51,32.99],[-81.48,32.93],[-81.42,32.79],[-81.41,32.74],[-81.41,32.67],[-81.37,32.6],[-81.28,32.53],[-81.23,32.48],[-81.19,32.42],[-81.15,32.33],[-81.12,32.24],[-81.09,32.16],[-81.07,32.13],[-81.05,32.1],[-81.01,32.07],[-80.89,32.03],[-81,31.88],[-80.97,31.86],[-80.93,31.85],[-80.89,31.85],[-80.85,31.85],[-80.81,31.86],[-80.77,31.88],[-80.75,31.9],[-80.72,31.91]]]},"properties":{"codigo_iso_3166_2":"US-SC"}},{"type":"Feature","geometry":{"type":"Polygon","coordinates":[[[-83.11,35],[-82.76,35.1],[-82.54,35.16],[-82.39,35.19],[-82.26,35.2],[-82.08,35.2],[-81.83,35.19],[-81.29,35.16],[-81.02,35.14],[-80.95,35.11],[-80.88,35.05],[-80.82,34.98],[-80.8,34.94],[-80.78,34.88],[-80.71,34.85],[-80.57,34.83],[-80.36,34.82],[-80.07,34.81],[-79.79,34.75],[-79.52,34.63],[-79.24,34.46],[-78.97,34.23],[-78.72,34.01],[-78.57,33.88],[-78.74,33.77],[-78.72,33.75],[-78.69,33.73],[-78.65,33.71],[-78.61,33.7],[-78.57,33.7],[-78.53,33.7],[-78.48,33.71],[-78.34,33.73],[-78.24,33.74],[-78.13,33.73],[-78.02,33.73],[-77.97,33.73],[-77.86,33.77],[-77.82,33.79],[-77.8,33.81],[-77.7,33.93],[-77.66,34.05],[-77.63,34.1],[-77.6,34.14],[-77.56,34.19],[-77.43,34.3],[-77.29,34.39],[-77.14,34.46],[-77.01,34.52],[-76.9,34.54],[-76.81,34.55],[-76.69,34.55],[-76.54,34.56],[-76.4,34.62],[-76.26,34.71],[-76.23,34.74],[-76.21,34.76],[-76.19,34.79],[-76.17,34.88],[-76.17,34.92],[-76.18,34.96],[-76.2,35],[-76.27,35.07],[-76.33,35.1],[-76.32,35.12],[-76.29,35.19],[-76.27,35.19],[-76.17,35.19],[-76.14,35.2],[-76.01,35.24],[-75.91,35.3],[-75.79,35.41],[-75.77,35.42],[-75.72,35.43],[-75.68,35.45],[-75.58,35.53],[-75.56,35.56],[-75.55,35.59],[-75.51,35.71],[-75.51,35.74],[-75.53,35.87],[-75.54,35.9],[-75.61,36.01],[-75.63,36.04],[-75.71,36.09],[-75.69,36.12],[-75.67,36.15],[-75.66,36.18],[-75.66,36.27],[-75.7,36.42],[-75.73,36.48],[-75.74,36.48],[-75.89,36.52],[-75.97,36.55],[-76.01,36.55],[-76.03,36.55],[-76.25,36.55],[-76.73,36.55],[-77.2,36.54],[-77.62,36.54],[-77.99,36.54],[-78.31,36.54],[-78.85,36.54],[-79.4,36.54],[-79.67,36.54],[-79.95,36.54],[-80.23,36.55],[-80.52,36.55],[-80.8,36.56],[-81.04,36.57],[-81.39,36.59],[-81.66,36.61],[-81.71,36.49],[-81.77,36.4],[-81.94,36.26],[-82.03,36.17],[-82.06,36.14],[-82.13,36.12],[-82.19,36.14],[-82.27,36.14],[-82.36,36.1],[-82.48,36.02],[-82.54,36.02],[-82.62,36.04],[-82.72,36.02],[-82.85,35.97],[-82.95,35.9],[-83.07,35.81],[-83.24,35.71],[-83.34,35.65],[-83.44,35.61],[-83.52,35.58],[-83.59,35.57],[-83.7,35.56],[-83.83,35.51],[-83.96,35.44],[-84.01,35.4],[-84.1,35.29],[-84.17,35.24],[-84.22,35.23],[-84.29,35.17],[-84.31,35.13],[-84.32,34.99],[-83.87,34.99],[-83.56,35],[-83.11,35]]]},"properties":{"codigo_iso_3166_2":"US-NC"}},{"type":"Feature","geometry":{"type":"Polygon","coordinates":[[[-75.73,36.48],[-75.71,36.5],[-75.69,36.53],[-75.67,36.56],[-75.66,36.6],[-75.66,36.63],[-75.73,36.84],[-75.79,36.94],[-75.86,37.01],[-75.88,37.03],[-75.97,37.08],[-76.01,37.09],[-76.08,37.11],[-76.08,37.12],[-76.1,37.14],[-76.12,37.19],[-76.12,37.23],[-76.12,37.25],[-76.12,37.26],[-76.1,37.29],[-76.08,37.31],[-76.08,37.33],[-76.05,37.31],[-76.01,37.29],[-75.95,37.26],[-75.91,37.25],[-75.87,37.25],[-75.83,37.25],[-75.79,37.26],[-75.75,37.27],[-75.65,37.34],[-75.55,37.43],[-75.36,37.67],[-75.24,37.82],[-75.2,37.91],[-75.18,37.94],[-75.19,37.92],[-75.2,37.91],[-75.38,38.02],[-75.65,37.97],[-75.7,37.95],[-75.78,37.9],[-75.89,37.86],[-75.96,37.84],[-75.97,37.85],[-75.98,37.84],[-76,37.8],[-76.06,37.69],[-76.09,37.59],[-76.1,37.57],[-76.1,37.58],[-76.1,37.63],[-76.06,37.74],[-76.06,37.82],[-76.06,37.86],[-76.09,37.95],[-76.1,37.98],[-76.17,38.06],[-76.2,38.08],[-76.23,38.1],[-76.25,38.1],[-76.33,38.09],[-76.4,38.09],[-76.44,38.1],[-76.47,38.11],[-76.58,38.16],[-76.67,38.19],[-76.82,38.23],[-76.89,38.26],[-76.94,38.29],[-77.02,38.34],[-77.04,38.35],[-77.06,38.36],[-77.07,38.36],[-77.1,38.36],[-77.16,38.36],[-77.18,38.36],[-77.2,38.37],[-77.22,38.37],[-77.23,38.38],[-77.24,38.39],[-77.25,38.4],[-77.26,38.41],[-77.26,38.43],[-77.27,38.44],[-77.27,38.46],[-77.27,38.48],[-77.26,38.49],[-77.26,38.52],[-77.23,38.56],[-77.21,38.6],[-77.18,38.62],[-77.15,38.65],[-77.18,38.67],[-77.12,38.7],[-77.06,38.75],[-77.06,38.79],[-77.07,38.9],[-77.12,38.93],[-77.15,38.95],[-77.21,39],[-77.24,39.02],[-77.3,39.06],[-77.41,39.09],[-77.48,39.14],[-77.48,39.2],[-77.52,39.25],[-77.57,39.27],[-77.73,39.33],[-77.8,39.21],[-77.85,39.2],[-77.92,39.21],[-78.02,39.26],[-78.14,39.33],[-78.24,39.37],[-78.31,39.38],[-78.35,39.35],[-78.38,39.28],[-78.42,39.2],[-78.49,39.12],[-78.58,39.03],[-78.69,38.93],[-78.78,38.87],[-78.86,38.83],[-78.91,38.81],[-78.94,38.83],[-78.98,38.81],[-79.04,38.77],[-79.11,38.69],[-79.18,38.58],[-79.25,38.5],[-79.32,38.46],[-79.37,38.44],[-79.51,38.5],[-79.59,38.55],[-79.62,38.55],[-79.66,38.53],[-79.7,38.47],[-79.77,38.33],[-79.84,38.24],[-79.9,38.19],[-79.95,38.11],[-80,38.01],[-80.1,37.88],[-80.18,37.81],[-80.23,37.74],[-80.26,37.68],[-80.28,37.62],[-80.29,37.58],[-80.33,37.51],[-80.59,37.44],[-80.79,37.36],[-80.97,37.29],[-81.12,37.26],[-81.23,37.26],[-81.29,37.3],[-81.37,37.3],[-81.47,37.25],[-81.53,37.24],[-81.59,37.23],[-81.65,37.24],[-81.78,37.28],[-81.86,37.32],[-81.91,37.37],[-81.94,37.44],[-81.97,37.54],[-82.21,37.38],[-82.38,37.27],[-82.52,37.21],[-82.59,37.17],[-82.66,37.12],[-82.72,37.06],[-82.79,36.99],[-82.91,36.88],[-83.04,36.8],[-83.22,36.73],[-83.34,36.69],[-83.67,36.6],[-83.02,36.6],[-82.6,36.6],[-82.25,36.6],[-81.84,36.6],[-81.66,36.61],[-81.39,36.59],[-81.04,36.57],[-80.8,36.56],[-80.52,36.55],[-80.23,36.55],[-79.95,36.54],[-79.67,36.54],[-79.4,36.54],[-78.85,36.54],[-78.31,36.54],[-77.99,36.54],[-77.62,36.54],[-77.2,36.54],[-76.73,36.55],[-76.25,36.55],[-76.03,36.55],[-76.01,36.55],[-75.97,36.55],[-75.89,36.52],[-75.74,36.48],[-75.73,36.48]]]},"properties":{"codigo_iso_3166_2":"US-VA"}},{"type":"Feature","geometry":{"type":"Polygon","coordinates":[[[-77.15,38.65],[-77.12,38.67],[-77.09,38.7],[-77.07,38.73],[-77.05,38.76],[-77.03,38.8],[-77.02,38.8],[-76.99,38.83],[-76.95,38.86],[-76.94,38.91],[-76.96,38.93],[-77.02,38.97],[-77.07,38.97],[-77.12,38.93],[-77.07,38.9],[-77.06,38.79],[-77.06,38.75],[-77.12,38.7],[-77.18,38.67],[-77.15,38.65]]]},"properties":{"codigo_iso_3166_2":"US-DC"}},{"type":"Feature","geometry":{"type":"Polygon","coordinates":[[[-79.48,39.72],[-79.49,39.4],[-79.47,39.32],[-79.43,39.28],[-79.37,39.28],[-79.3,39.32],[-79.12,39.41],[-78.91,39.51],[-78.81,39.54],[-78.72,39.56],[-78.65,39.56],[-78.52,39.55],[-78.46,39.56],[-78.42,39.61],[-78.38,39.63],[-78.24,39.67],[-78.17,39.67],[-78.08,39.65],[-78,39.62],[-77.85,39.51],[-77.77,39.42],[-77.73,39.33],[-77.57,39.27],[-77.52,39.25],[-77.48,39.2],[-77.48,39.14],[-77.41,39.09],[-77.3,39.06],[-77.24,39.02],[-77.21,39],[-77.15,38.95],[-77.12,38.93],[-77.07,38.97],[-77.02,38.97],[-76.96,38.93],[-76.94,38.91],[-76.95,38.86],[-76.99,38.83],[-77.02,38.8],[-77.03,38.8],[-77.05,38.76],[-77.07,38.73],[-77.09,38.7],[-77.12,38.67],[-77.15,38.65],[-77.18,38.62],[-77.21,38.6],[-77.23,38.56],[-77.26,38.52],[-77.26,38.49],[-77.27,38.48],[-77.27,38.46],[-77.27,38.44],[-77.26,38.43],[-77.26,38.41],[-77.25,38.4],[-77.24,38.39],[-77.23,38.38],[-77.22,38.37],[-77.2,38.37],[-77.18,38.36],[-77.16,38.36],[-77.1,38.36],[-77.07,38.36],[-77.06,38.36],[-77.04,38.35],[-77.02,38.34],[-76.94,38.29],[-76.89,38.26],[-76.82,38.23],[-76.67,38.19],[-76.58,38.16],[-76.47,38.11],[-76.44,38.1],[-76.4,38.09],[-76.33,38.09],[-76.25,38.1],[-76.23,38.1],[-76.22,38.11],[-76.21,38.12],[-76.19,38.11],[-76.1,38.08],[-76.08,38.08],[-76.09,38.06],[-76.09,38.03],[-76.06,37.94],[-76.04,37.91],[-76.01,37.87],[-75.97,37.85],[-75.96,37.84],[-75.89,37.86],[-75.78,37.9],[-75.7,37.95],[-75.65,37.97],[-75.38,38.02],[-75.2,37.91],[-75.19,37.92],[-75.18,37.94],[-75.1,38.06],[-75.08,38.08],[-75.04,38.1],[-74.96,38.17],[-74.94,38.19],[-74.9,38.27],[-74.9,38.28],[-74.89,38.32],[-74.9,38.31],[-74.92,38.3],[-75.1,38.39],[-75.08,38.45],[-75.2,38.45],[-75.31,38.45],[-75.32,38.45],[-75.46,38.46],[-75.58,38.54],[-75.67,38.7],[-75.73,38.93],[-75.75,39.25],[-75.76,39.36],[-75.79,39.72],[-76.31,39.72],[-76.65,39.72],[-77.32,39.72],[-77.96,39.72],[-78.56,39.72],[-79.09,39.72],[-79.48,39.72]]]},"properties":{"codigo_iso_3166_2":"US-MD"}},{"type":"Feature","geometry":{"type":"Polygon","coordinates":[[[-75.79,39.72],[-75.76,39.36],[-75.75,39.25],[-75.73,38.93],[-75.67,38.7],[-75.58,38.54],[-75.46,38.46],[-75.32,38.45],[-75.31,38.45],[-75.2,38.45],[-75.08,38.45],[-75.1,38.39],[-74.92,38.3],[-74.9,38.31],[-74.89,38.32],[-74.88,38.32],[-74.87,38.34],[-74.86,38.35],[-74.85,38.36],[-74.84,38.38],[-74.83,38.38],[-74.83,38.4],[-74.82,38.41],[-74.82,38.42],[-74.82,38.45],[-74.82,38.52],[-74.82,38.53],[-74.84,38.7],[-74.86,38.79],[-74.9,38.87],[-74.93,38.9],[-74.96,38.93],[-75,38.95],[-75.03,38.96],[-75.06,39],[-75.08,39.01],[-75.1,39.02],[-75.14,39.03],[-75.15,39.03],[-75.17,39.05],[-75.2,39.08],[-75.25,39.12],[-75.27,39.14],[-75.29,39.16],[-75.31,39.19],[-75.33,39.22],[-75.35,39.25],[-75.38,39.29],[-75.42,39.35],[-75.46,39.38],[-75.49,39.42],[-75.49,39.43],[-75.52,39.47],[-75.53,39.5],[-75.54,39.51],[-75.54,39.52],[-75.55,39.55],[-75.55,39.56],[-75.54,39.6],[-75.53,39.62],[-75.52,39.65],[-75.51,39.66],[-75.5,39.68],[-75.47,39.73],[-75.44,39.76],[-75.42,39.78],[-75.41,39.79],[-75.4,39.8],[-75.33,39.83],[-75.25,39.85],[-75.2,39.87],[-75.2,39.88],[-75.21,39.88],[-75.25,39.87],[-75.42,39.81],[-75.53,39.83],[-75.62,39.82],[-75.65,39.8],[-75.67,39.8],[-75.78,39.72],[-75.79,39.72]]]},"properties":{"codigo_iso_3166_2":"US-DE"}},{"type":"Feature","geometry":{"type":"Polygon","coordinates":[[[-75.2,39.87],[-75.25,39.85],[-75.33,39.83],[-75.4,39.8],[-75.41,39.79],[-75.42,39.78],[-75.44,39.76],[-75.47,39.73],[-75.5,39.68],[-75.51,39.66],[-75.52,39.65],[-75.53,39.62],[-75.54,39.6],[-75.55,39.56],[-75.55,39.55],[-75.54,39.52],[-75.54,39.51],[-75.53,39.5],[-75.52,39.47],[-75.49,39.43],[-75.49,39.42],[-75.46,39.38],[-75.42,39.35],[-75.38,39.29],[-75.35,39.25],[-75.33,39.22],[-75.31,39.19],[-75.29,39.16],[-75.27,39.14],[-75.25,39.12],[-75.2,39.08],[-75.17,39.05],[-75.15,39.03],[-75.14,39.03],[-75.1,39.02],[-75.08,39.01],[-75.04,38.99],[-74.99,38.96],[-74.94,38.94],[-74.9,38.93],[-74.77,38.93],[-74.75,38.93],[-74.73,38.94],[-74.69,38.95],[-74.54,39.02],[-74.41,39.14],[-74.23,39.37],[-74.11,39.49],[-74.05,39.54],[-73.98,39.64],[-73.92,39.75],[-73.87,39.9],[-73.81,40.07],[-73.78,40.19],[-73.76,40.3],[-73.76,40.36],[-73.76,40.37],[-73.76,40.4],[-73.78,40.44],[-73.8,40.46],[-73.84,40.47],[-73.85,40.48],[-73.9,40.53],[-73.92,40.56],[-73.92,40.57],[-73.93,40.58],[-73.93,40.61],[-73.94,40.64],[-73.94,40.68],[-73.91,40.81],[-73.9,40.93],[-73.9,40.97],[-73.91,40.98],[-73.91,40.99],[-74.11,41.08],[-74.21,41.13],[-74.7,41.36],[-74.97,41.12],[-75.05,41.05],[-75.1,40.99],[-75.11,40.95],[-75.08,40.9],[-75.11,40.84],[-75.16,40.77],[-75.19,40.69],[-75.18,40.64],[-75.15,40.58],[-75.1,40.51],[-75.02,40.42],[-74.9,40.33],[-74.84,40.24],[-74.82,40.17],[-74.84,40.13],[-74.84,40.12],[-75.02,40.02],[-75.03,40.01],[-75.04,40],[-75.04,39.99],[-75.05,39.99],[-75.09,39.95],[-75.11,39.93],[-75.16,39.89],[-75.2,39.87]]]},"properties":{"codigo_iso_3166_2":"US-NJ"}},{"type":"Feature","geometry":{"type":"Polygon","coordinates":[[[-71.85,41.14],[-71.84,41.14],[-71.94,41.23],[-71.9,41.22],[-71.86,41.2],[-71.83,41.17],[-71.82,41.17],[-71.83,41.32],[-71.86,41.32],[-71.83,41.37],[-71.82,41.38],[-71.81,41.5],[-71.81,41.51],[-71.8,41.52],[-71.8,41.64],[-71.8,42.01],[-72.43,42.03],[-72.85,42.04],[-73.48,42.05],[-73.52,41.58],[-73.53,41.43],[-73.53,41.32],[-73.51,41.25],[-73.51,41.23],[-73.57,41.18],[-73.58,41.17],[-73.67,41.12],[-73.69,41.06],[-73.64,41],[-73.66,40.98],[-73.55,40.98],[-73.14,41.06],[-72.8,41.11],[-72.48,41.12],[-72.47,41.12],[-72.46,41.12],[-72.45,41.12],[-72.24,41.15],[-72.07,41.18],[-72.02,41.19],[-72,41.19],[-71.9,41.16],[-71.85,41.14]]]},"properties":{"codigo_iso_3166_2":"US-CT"}},{"type":"Feature","geometry":{"type":"Polygon","coordinates":[[[-71.8,41.15],[-71.59,41.17],[-71.55,41.18],[-71.44,41.23],[-71.41,41.25],[-71.29,41.34],[-71.26,41.39],[-71.25,41.41],[-71.26,41.42],[-71.27,41.5],[-71.27,41.57],[-71.26,41.62],[-71.24,41.71],[-71.3,41.77],[-71.34,41.84],[-71.35,41.87],[-71.36,41.91],[-71.37,41.94],[-71.41,41.98],[-71.46,42],[-71.54,42.02],[-71.8,42.01],[-71.8,41.64],[-71.8,41.52],[-71.81,41.51],[-71.81,41.5],[-71.82,41.38],[-71.83,41.37],[-71.86,41.32],[-71.83,41.32],[-71.82,41.17],[-71.83,41.17],[-71.86,41.2],[-71.9,41.22],[-71.94,41.23],[-71.84,41.14],[-71.85,41.14],[-71.84,41.14],[-71.82,41.14],[-71.8,41.15]]]},"properties":{"codigo_iso_3166_2":"US-RI"}},{"type":"Feature","geometry":{"type":"Polygon","coordinates":[[[-73.48,42.05],[-72.85,42.04],[-72.43,42.03],[-71.8,42.01],[-71.54,42.02],[-71.46,42],[-71.41,41.98],[-71.37,41.94],[-71.36,41.91],[-71.35,41.87],[-71.34,41.84],[-71.3,41.77],[-71.24,41.71],[-71.26,41.62],[-71.27,41.57],[-71.27,41.5],[-71.26,41.42],[-71.25,41.41],[-71.23,41.4],[-71.18,41.38],[-71.13,41.38],[-71.01,41.38],[-70.98,41.39],[-70.84,41.43],[-70.81,41.44],[-70.78,41.42],[-70.74,41.4],[-70.7,41.38],[-70.65,41.38],[-70.6,41.37],[-70.49,41.39],[-70.35,41.44],[-70.3,41.45],[-70.08,41.48],[-69.96,41.5],[-69.88,41.53],[-69.85,41.54],[-69.81,41.57],[-69.79,41.6],[-69.77,41.63],[-69.76,41.66],[-69.75,41.69],[-69.76,41.72],[-69.8,41.8],[-69.82,41.83],[-69.85,41.86],[-69.89,41.88],[-70.01,41.92],[-70.06,41.93],[-70.11,41.93],[-70.22,41.92],[-70.25,41.92],[-70.3,41.94],[-70.31,41.94],[-70.32,41.96],[-70.34,41.98],[-70.36,42.05],[-70.43,42.18],[-70.53,42.31],[-70.62,42.37],[-70.68,42.4],[-70.62,42.42],[-70.58,42.44],[-70.55,42.46],[-70.49,42.52],[-70.47,42.55],[-70.45,42.59],[-70.45,42.63],[-70.46,42.66],[-70.48,42.7],[-70.57,42.79],[-70.57,42.8],[-70.57,42.84],[-70.57,42.85],[-70.57,42.87],[-70.56,42.88],[-70.57,42.9],[-70.59,42.92],[-70.6,42.92],[-70.63,42.91],[-70.64,42.91],[-70.65,42.91],[-70.7,42.9],[-70.74,42.9],[-70.79,42.9],[-70.8,42.91],[-70.81,42.88],[-70.89,42.89],[-70.99,42.85],[-71.04,42.83],[-71.06,42.82],[-71.17,42.77],[-71.31,42.74],[-71.5,42.72],[-71.74,42.71],[-72.47,42.73],[-72.77,42.74],[-73.27,42.75],[-73.42,42.33],[-73.49,42.12],[-73.5,42.07],[-73.48,42.05]]]},"properties":{"codigo_iso_3166_2":"US-MA"}},{"type":"Feature","geometry":{"type":"Polygon","coordinates":[[[-124.16,46.16],[-124.18,46.13],[-124.21,45.98],[-124.23,45.82],[-124.21,45.69],[-124.19,45.64],[-124.19,45.6],[-124.21,45.5],[-124.23,45.2],[-124.26,45.06],[-124.3,44.9],[-124.32,44.76],[-124.32,44.61],[-124.34,44.35],[-124.37,44.17],[-124.39,44.01],[-124.42,43.87],[-124.44,43.74],[-124.5,43.55],[-124.54,43.47],[-124.57,43.43],[-124.59,43.41],[-124.64,43.27],[-124.68,43.11],[-124.69,43.07],[-124.74,42.98],[-124.75,42.96],[-124.76,42.84],[-124.76,42.8],[-124.67,42.63],[-124.67,42.59],[-124.66,42.53],[-124.67,42.37],[-124.64,42.22],[-124.59,42.07],[-124.5,41.96],[-124.46,41.93],[-124.42,41.9],[-124.3,41.96],[-124.21,42],[-123.97,42],[-123.45,42],[-122.81,42],[-122.42,42],[-122.01,42],[-121.58,42],[-121.14,42],[-120.69,42],[-120,42],[-119.51,42],[-118.83,42],[-118.46,42],[-118.06,42],[-117.65,42],[-117.04,42],[-117.02,42],[-117.02,42.58],[-117.02,43.03],[-117.02,43.47],[-117.01,43.65],[-117,43.81],[-116.97,43.94],[-116.93,44.12],[-116.93,44.22],[-116.99,44.26],[-117.12,44.29],[-117.19,44.33],[-117.2,44.37],[-117.19,44.46],[-117.13,44.58],[-117.03,44.71],[-116.85,44.92],[-116.76,45.08],[-116.67,45.28],[-116.58,45.44],[-116.5,45.55],[-116.49,45.64],[-116.53,45.72],[-116.62,45.78],[-116.72,45.83],[-116.8,45.9],[-116.88,46],[-117.27,46],[-117.79,46],[-118.59,46],[-118.8,46],[-118.95,45.99],[-119.03,45.98],[-119.1,45.96],[-119.28,45.94],[-119.4,45.93],[-119.54,45.91],[-119.68,45.89],[-119.83,45.85],[-119.99,45.81],[-120.13,45.77],[-120.26,45.75],[-120.38,45.74],[-120.56,45.73],[-120.72,45.7],[-120.93,45.64],[-121.04,45.63],[-121.14,45.64],[-121.22,45.68],[-121.36,45.71],[-121.59,45.72],[-121.72,45.71],[-121.85,45.69],[-121.97,45.66],[-122.08,45.63],[-122.2,45.6],[-122.32,45.6],[-122.44,45.6],[-122.56,45.63],[-122.65,45.66],[-122.72,45.71],[-122.77,45.78],[-122.8,45.93],[-122.82,45.98],[-122.87,46.06],[-122.94,46.11],[-122.95,46.11],[-123.01,46.14],[-123.18,46.18],[-123.2,46.17],[-123.23,46.16],[-123.25,46.15],[-123.27,46.16],[-123.31,46.16],[-123.33,46.17],[-123.38,46.18],[-123.45,46.22],[-123.47,46.23],[-123.53,46.25],[-123.58,46.26],[-123.64,46.25],[-123.72,46.25],[-123.82,46.22],[-123.89,46.2],[-123.94,46.2],[-123.97,46.19],[-124.02,46.17],[-124.1,46.15],[-124.13,46.14],[-124.16,46.16]]]},"properties":{"codigo_iso_3166_2":"US-OR"}},{"type":"Feature","geometry":{"type":"MultiPolygon","coordinates":[[[[-155.9,18.84],[-155.85,18.81],[-155.82,18.8],[-155.73,18.78],[-155.69,18.78],[-155.6,18.8],[-155.57,18.82],[-155.48,18.88],[-155.43,18.94],[-155.35,19.01],[-155.28,19.06],[-155.18,19.1],[-155.03,19.14],[-154.95,19.17],[-154.83,19.24],[-154.8,19.25],[-154.71,19.34],[-154.69,19.37],[-154.67,19.41],[-154.66,19.5],[-154.66,19.53],[-154.67,19.56],[-154.68,19.59],[-154.74,19.68],[-154.81,19.77],[-154.86,19.85],[-154.98,20],[-155.12,20.12],[-155.28,20.21],[-155.42,20.26],[-155.51,20.29],[-155.58,20.34],[-155.65,20.39],[-155.68,20.4],[-155.77,20.43],[-155.81,20.43],[-155.85,20.43],[-155.88,20.42],[-155.92,20.41],[-155.95,20.39],[-156.01,20.32],[-156.02,20.29],[-156.04,20.26],[-156.04,20.23],[-156.03,20.11],[-156.03,20.08],[-156.04,20.05],[-156.07,20.01],[-156.14,19.93],[-156.19,19.8],[-156.21,19.67],[-156.18,19.53],[-156.13,19.42],[-156.11,19.35],[-156.09,19.29],[-156.09,19.26],[-156.1,19.14],[-156.1,19.12],[-156.08,19.03],[-156.06,18.99],[-155.99,18.9],[-155.97,18.88],[-155.9,18.84]]],[[[-155.88,20.91],[-155.93,20.96],[-156.01,21.01],[-156.11,21.06],[-156.2,21.09],[-156.29,21.11],[-156.4,21.11],[-156.42,21.1],[-156.46,21.14],[-156.49,21.16],[-156.52,21.17],[-156.55,21.18],[-156.59,21.18],[-156.61,21.17],[-156.62,21.21],[-156.64,21.24],[-156.66,21.27],[-156.69,21.29],[-156.79,21.34],[-156.91,21.37],[-156.98,21.37],[-157.06,21.38],[-157.18,21.38],[-157.26,21.37],[-157.3,21.36],[-157.37,21.32],[-157.4,21.3],[-157.42,21.27],[-157.44,21.25],[-157.45,21.22],[-157.46,21.15],[-157.46,21.12],[-157.45,21.08],[-157.44,21.05],[-157.38,20.99],[-157.35,20.96],[-157.32,20.94],[-157.28,20.93],[-157.07,20.91],[-156.97,20.89],[-156.91,20.89],[-156.87,20.89],[-156.86,20.89],[-156.86,20.86],[-156.85,20.82],[-156.84,20.79],[-156.77,20.71],[-156.74,20.69],[-156.62,20.63],[-156.59,20.56],[-156.57,20.53],[-156.5,20.46],[-156.47,20.43],[-156.44,20.42],[-156.4,20.41],[-156.27,20.41],[-156.12,20.45],[-156.03,20.49],[-155.92,20.55],[-155.89,20.57],[-155.87,20.59],[-155.85,20.62],[-155.82,20.7],[-155.81,20.74],[-155.81,20.78],[-155.82,20.81],[-155.83,20.84],[-155.88,20.91]]],[[[-157.61,21.53],[-157.64,21.58],[-157.72,21.69],[-157.8,21.76],[-157.84,21.79],[-157.94,21.82],[-157.98,21.82],[-158.02,21.82],[-158.12,21.79],[-158.16,21.78],[-158.27,21.69],[-158.33,21.62],[-158.34,21.59],[-158.37,21.51],[-158.38,21.47],[-158.37,21.38],[-158.36,21.34],[-158.29,21.24],[-158.21,21.18],[-158.12,21.13],[-158.02,21.1],[-157.91,21.08],[-157.78,21.09],[-157.74,21.1],[-157.7,21.11],[-157.62,21.17],[-157.59,21.2],[-157.57,21.22],[-157.56,21.25],[-157.55,21.28],[-157.55,21.36],[-157.55,21.38],[-157.58,21.48],[-157.61,21.53]]],[[[-159.14,22.21],[-159.16,22.25],[-159.18,22.28],[-159.2,22.31],[-159.3,22.37],[-159.34,22.39],[-159.38,22.4],[-159.55,22.39],[-159.67,22.36],[-159.76,22.32],[-159.83,22.27],[-159.85,22.25],[-159.9,22.19],[-159.91,22.16],[-159.93,22.08],[-159.94,22.04],[-159.92,21.96],[-159.9,21.92],[-159.84,21.85],[-159.82,21.83],[-159.72,21.78],[-159.62,21.74],[-159.52,21.72],[-159.45,21.71],[-159.42,21.72],[-159.35,21.73],[-159.31,21.74],[-159.28,21.76],[-159.21,21.83],[-159.18,21.86],[-159.13,21.99],[-159.12,22.11],[-159.12,22.15],[-159.14,22.21]]]]},"properties":{"codigo_iso_3166_2":"US-HI"}},{"type":"Feature","geometry":{"type":"Polygon","coordinates":[[[-114.04,42],[-114.04,41.47],[-114.04,41.12],[-114.04,40.77],[-114.04,40.42],[-114.04,40.07],[-114.04,39.72],[-114.04,39.39],[-114.04,38.84],[-114.04,38.35],[-114.04,37.78],[-114.04,37.47],[-114.04,37],[-113.45,37],[-112.89,37],[-112.54,37],[-111.86,37],[-111.23,37],[-110.52,37],[-110.12,37],[-109.69,37],[-109.05,37],[-109.05,37.51],[-109.05,37.86],[-109.05,38.2],[-109.05,38.54],[-109.05,38.89],[-109.05,39.23],[-109.05,39.57],[-109.05,39.9],[-109.05,40.22],[-109.05,40.53],[-109.05,41],[-109.8,41],[-110.3,41],[-110.67,41.06],[-110.92,41.19],[-111.05,41.38],[-111.05,42],[-111.54,42],[-112.22,42],[-112.59,42],[-112.99,42],[-113.41,42],[-114.04,42]]]},"properties":{"codigo_iso_3166_2":"US-UT"}},{"type":"Feature","geometry":{"type":"Polygon","coordinates":[[[-111.05,42],[-111.05,41.38],[-110.92,41.19],[-110.67,41.06],[-110.3,41],[-109.8,41],[-109.05,41],[-108.58,41],[-107.92,41],[-107.54,41],[-107.14,41],[-106.71,41],[-106.26,41],[-105.79,41],[-105.31,41],[-104.8,41],[-104.05,41],[-104.05,41.42],[-104.05,41.71],[-104.05,42.22],[-104.05,42.67],[-104.05,43],[-104.05,43.33],[-104.06,43.79],[-104.06,44.3],[-104.06,44.58],[-104.06,45],[-104.71,45],[-105.13,45],[-105.55,45],[-106.31,45],[-107.02,45],[-107.76,45],[-108.15,45],[-108.85,45],[-109.46,45],[-110.05,45],[-110.62,45],[-110.84,44.97],[-110.98,44.91],[-111.05,44.81],[-111.05,44.5],[-111.05,44.09],[-111.05,43.53],[-111.05,43.21],[-111.05,42.88],[-111.05,42.53],[-111.05,42]]]},"properties":{"codigo_iso_3166_2":"US-WY"}},{"type":"Feature","geometry":{"type":"Polygon","coordinates":[[[-117.02,42],[-117.04,42],[-117.65,42],[-118.06,42],[-118.46,42],[-118.83,42],[-119.51,42],[-120,42],[-120,41.38],[-120,40.97],[-120,40.58],[-120,40.2],[-120,39.84],[-120,39.51],[-119.93,39.2],[-119.78,38.93],[-119.56,38.69],[-119.27,38.49],[-118.77,38.14],[-118.39,37.87],[-118.03,37.62],[-117.67,37.35],[-117.21,37],[-116.94,36.79],[-116.63,36.56],[-116.34,36.34],[-116.07,36.12],[-115.56,35.73],[-115.15,35.41],[-114.63,35],[-114.59,35.12],[-114.59,35.24],[-114.63,35.4],[-114.66,35.57],[-114.67,35.74],[-114.68,35.89],[-114.7,36.01],[-114.7,36.05],[-114.66,36.12],[-114.61,36.13],[-114.52,36.15],[-114.42,36.15],[-114.32,36.12],[-114.21,36.08],[-114.16,36.08],[-114.12,36.09],[-114.09,36.11],[-114.07,36.16],[-114.05,36.24],[-114.04,36.36],[-114.04,36.51],[-114.04,37],[-114.04,37.47],[-114.04,37.78],[-114.04,38.35],[-114.04,38.84],[-114.04,39.39],[-114.04,39.72],[-114.04,40.07],[-114.04,40.42],[-114.04,40.77],[-114.04,41.12],[-114.04,41.47],[-114.04,42],[-114.67,42],[-115.09,42],[-115.49,42],[-115.86,42],[-116.04,42],[-116.53,42],[-117.02,42]]]},"properties":{"codigo_iso_3166_2":"US-NV"}},{"type":"Feature","geometry":{"type":"Polygon","coordinates":[[[-103,37],[-102.4,37],[-102.04,37],[-102.04,37.46],[-102.04,37.76],[-102.04,38.35],[-102.05,38.92],[-102.05,39.39],[-102.05,40],[-102.05,40.63],[-102.17,40.81],[-102.42,40.94],[-102.8,41],[-103.3,41],[-104.04,41],[-104.05,41],[-104.8,41],[-105.31,41],[-105.79,41],[-106.26,41],[-106.71,41],[-107.14,41],[-107.54,41],[-107.92,41],[-108.58,41],[-109.05,41],[-109.05,40.53],[-109.05,40.22],[-109.05,39.9],[-109.05,39.57],[-109.05,39.23],[-109.05,38.89],[-109.05,38.54],[-109.05,38.2],[-109.05,37.86],[-109.05,37.51],[-109.05,37],[-108.34,37],[-107.87,37],[-107.43,37],[-107.03,37],[-106.33,37],[-105.67,37],[-105,37],[-104.31,37],[-103.94,37],[-103.57,37],[-103,37]]]},"properties":{"codigo_iso_3166_2":"US-CO"}},{"type":"Feature","geometry":{"type":"Polygon","coordinates":[[[-104.06,45],[-104.06,44.58],[-104.06,44.3],[-104.06,43.79],[-104.05,43.33],[-104.05,43],[-103.34,43],[-102.86,43],[-102.43,43],[-101.7,43],[-101.09,43],[-100.39,43],[-100,43],[-99.35,43],[-98.84,43],[-98.64,42.99],[-98.46,42.96],[-98.31,42.92],[-98.19,42.86],[-98.09,42.83],[-98.01,42.81],[-97.95,42.81],[-97.84,42.85],[-97.75,42.87],[-97.5,42.88],[-97.39,42.88],[-97.3,42.87],[-97.24,42.85],[-97.14,42.8],[-96.97,42.75],[-96.87,42.72],[-96.78,42.69],[-96.72,42.66],[-96.67,42.62],[-96.62,42.56],[-96.56,42.53],[-96.48,42.52],[-96.58,42.66],[-96.6,42.73],[-96.6,42.81],[-96.57,42.89],[-96.53,42.98],[-96.5,43.06],[-96.49,43.12],[-96.5,43.16],[-96.53,43.22],[-96.52,43.33],[-96.45,43.5],[-96.45,43.83],[-96.45,44.27],[-96.45,44.72],[-96.45,44.96],[-96.46,45.13],[-96.49,45.26],[-96.54,45.34],[-96.6,45.37],[-96.71,45.44],[-96.8,45.53],[-96.81,45.57],[-96.81,45.62],[-96.78,45.66],[-96.68,45.74],[-96.61,45.83],[-96.56,45.94],[-96.91,45.94],[-97.42,45.94],[-98.1,45.94],[-98.51,45.94],[-98.95,45.94],[-99.41,45.94],[-99.91,45.94],[-100.43,45.94],[-100.91,45.94],[-101.35,45.94],[-101.74,45.94],[-102.44,45.94],[-103.15,45.94],[-103.5,45.94],[-104.04,45.94],[-104.05,45.59],[-104.06,45]]]},"properties":{"codigo_iso_3166_2":"US-SD"}},{"type":"Feature","geometry":{"type":"Polygon","coordinates":[[[-104.05,41],[-104.04,41],[-103.3,41],[-102.8,41],[-102.42,40.94],[-102.17,40.81],[-102.05,40.63],[-102.05,40],[-101.65,40],[-101.06,40],[-100.69,40],[-100.27,40],[-99.8,40],[-99.38,40],[-99.01,40],[-98.43,40],[-97.91,40],[-97.38,40],[-97.22,40],[-96.74,40],[-96.36,40],[-95.95,40],[-95.32,40],[-95.51,40.22],[-95.58,40.3],[-95.68,40.44],[-95.77,40.6],[-95.81,40.72],[-95.84,40.88],[-95.86,41.12],[-95.89,41.31],[-95.91,41.41],[-95.96,41.47],[-96.02,41.52],[-96.07,41.59],[-96.07,41.71],[-96.08,41.82],[-96.12,41.92],[-96.18,42.02],[-96.27,42.13],[-96.32,42.19],[-96.35,42.25],[-96.37,42.32],[-96.4,42.45],[-96.43,42.51],[-96.48,42.52],[-96.56,42.53],[-96.62,42.56],[-96.67,42.62],[-96.72,42.66],[-96.78,42.69],[-96.87,42.72],[-96.97,42.75],[-97.14,42.8],[-97.24,42.85],[-97.3,42.87],[-97.39,42.88],[-97.5,42.88],[-97.75,42.87],[-97.84,42.85],[-97.95,42.81],[-98.01,42.81],[-98.09,42.83],[-98.19,42.86],[-98.31,42.92],[-98.46,42.96],[-98.64,42.99],[-98.84,43],[-99.35,43],[-100,43],[-100.39,43],[-101.09,43],[-101.7,43],[-102.43,43],[-102.86,43],[-103.34,43],[-104.05,43],[-104.05,42.67],[-104.05,42.22],[-104.05,41.71],[-104.05,41.42],[-104.05,41]]]},"properties":{"codigo_iso_3166_2":"US-NE"}},{"type":"Feature","geometry":{"type":"Polygon","coordinates":[[[-102.04,37],[-101.6,37],[-100.99,37],[-100.34,37],[-99.63,37],[-99.25,37],[-98.86,37],[-98.46,37],[-98.04,37],[-97.6,37],[-97.16,37],[-96.69,37],[-96.26,37],[-95.86,37],[-95.14,37],[-94.62,37],[-94.62,37.33],[-94.62,37.8],[-94.62,38.35],[-94.62,38.66],[-94.63,38.9],[-94.66,39.06],[-94.7,39.16],[-94.75,39.18],[-94.83,39.24],[-94.94,39.39],[-95.03,39.47],[-95.05,39.52],[-95.05,39.57],[-95.02,39.64],[-94.96,39.71],[-94.93,39.77],[-94.92,39.82],[-94.93,39.85],[-94.99,39.89],[-95.07,39.9],[-95.16,39.91],[-95.24,39.94],[-95.32,40],[-95.95,40],[-96.36,40],[-96.74,40],[-97.22,40],[-97.38,40],[-97.91,40],[-98.43,40],[-99.01,40],[-99.38,40],[-99.8,40],[-100.27,40],[-100.69,40],[-101.06,40],[-101.65,40],[-102.05,40],[-102.05,39.39],[-102.05,38.92],[-102.04,38.35],[-102.04,37.76],[-102.04,37.46],[-102.04,37]]]},"properties":{"codigo_iso_3166_2":"US-KS"}},{"type":"Feature","geometry":{"type":"Polygon","coordinates":[[[-103,36.5],[-102.55,36.5],[-101.92,36.5],[-101.54,36.5],[-101.13,36.5],[-100.68,36.5],[-100.34,36.44],[-100.11,36.32],[-100,36.14],[-100,35.66],[-100,35.42],[-100,34.94],[-99.99,34.76],[-99.98,34.64],[-99.95,34.57],[-99.89,34.55],[-99.85,34.53],[-99.75,34.45],[-99.69,34.42],[-99.62,34.4],[-99.53,34.4],[-99.42,34.4],[-99.34,34.39],[-99.28,34.38],[-99.24,34.34],[-99.22,34.3],[-99.15,34.24],[-98.88,34.19],[-98.66,34.13],[-98.57,34.11],[-98.49,34.1],[-98.43,34.1],[-98.35,34.13],[-98.3,34.14],[-98.18,34.14],[-98.11,34.12],[-98.07,34.04],[-97.98,33.98],[-97.91,33.94],[-97.85,33.92],[-97.8,33.92],[-97.72,33.95],[-97.68,33.95],[-97.63,33.95],[-97.56,33.92],[-97.49,33.89],[-97.42,33.86],[-97.36,33.85],[-97.31,33.86],[-97.23,33.89],[-97.16,33.87],[-97.13,33.85],[-97.05,33.83],[-96.94,33.85],[-96.81,33.85],[-96.47,33.79],[-96.31,33.77],[-96.24,33.77],[-96.17,33.79],[-96.1,33.81],[-96.04,33.85],[-95.92,33.88],[-95.83,33.88],[-95.75,33.88],[-95.66,33.92],[-95.57,33.93],[-95.45,33.9],[-95.35,33.89],[-95.27,33.93],[-95.18,33.94],[-95.13,33.92],[-95.02,33.87],[-94.87,33.77],[-94.72,33.72],[-94.48,33.65],[-94.47,33.98],[-94.46,34.3],[-94.46,34.74],[-94.46,35.13],[-94.48,35.49],[-94.51,35.81],[-94.55,36.08],[-94.62,36.5],[-94.62,37],[-95.14,37],[-95.86,37],[-96.26,37],[-96.69,37],[-97.16,37],[-97.6,37],[-98.04,37],[-98.46,37],[-98.86,37],[-99.25,37],[-99.63,37],[-100.34,37],[-100.99,37],[-101.6,37],[-102.04,37],[-102.4,37],[-103,37],[-103,36.5]]]},"properties":{"codigo_iso_3166_2":"US-OK"}},{"type":"Feature","geometry":{"type":"Polygon","coordinates":[[[-96.45,43.5],[-96.52,43.33],[-96.53,43.22],[-96.5,43.16],[-96.49,43.12],[-96.5,43.06],[-96.53,42.98],[-96.57,42.89],[-96.6,42.81],[-96.6,42.73],[-96.58,42.66],[-96.48,42.52],[-96.43,42.51],[-96.4,42.45],[-96.37,42.32],[-96.35,42.25],[-96.32,42.19],[-96.27,42.13],[-96.18,42.02],[-96.12,41.92],[-96.08,41.82],[-96.07,41.71],[-96.07,41.59],[-96.02,41.52],[-95.96,41.47],[-95.91,41.41],[-95.89,41.31],[-95.86,41.12],[-95.84,40.88],[-95.81,40.72],[-95.77,40.6],[-95.29,40.59],[-94.96,40.58],[-94.63,40.58],[-94.3,40.57],[-93.96,40.57],[-93.61,40.58],[-93.27,40.58],[-92.92,40.59],[-92.58,40.6],[-92.24,40.6],[-91.97,40.6],[-91.76,40.57],[-91.62,40.53],[-91.44,40.38],[-91.4,40.52],[-91.35,40.6],[-91.21,40.66],[-91.16,40.7],[-91.11,40.76],[-91.05,40.84],[-90.98,40.96],[-90.96,41.03],[-90.98,41.09],[-91.03,41.15],[-91.05,41.23],[-91.02,41.34],[-90.99,41.39],[-90.94,41.42],[-90.88,41.44],[-90.73,41.46],[-90.57,41.51],[-90.48,41.55],[-90.34,41.64],[-90.26,41.74],[-90.2,41.86],[-90.18,42],[-90.19,42.07],[-90.21,42.12],[-90.26,42.17],[-90.36,42.23],[-90.42,42.3],[-90.46,42.36],[-90.53,42.43],[-90.64,42.51],[-90.68,42.6],[-90.76,42.67],[-90.92,42.71],[-90.99,42.74],[-91.04,42.77],[-91.08,42.8],[-91.13,42.95],[-91.15,43.07],[-91.15,43.17],[-91.11,43.24],[-91.12,43.31],[-91.14,43.36],[-91.25,43.5],[-91.86,43.5],[-92.27,43.5],[-92.7,43.5],[-93.14,43.5],[-93.61,43.5],[-94.1,43.5],[-94.57,43.5],[-95.01,43.5],[-95.44,43.5],[-95.84,43.5],[-96.45,43.5]]]},"properties":{"codigo_iso_3166_2":"US-IA"}},{"type":"Feature","geometry":{"type":"Polygon","coordinates":[[[-95.32,40],[-95.24,39.94],[-95.16,39.91],[-95.07,39.9],[-94.99,39.89],[-94.93,39.85],[-94.92,39.82],[-94.93,39.77],[-94.96,39.71],[-95.02,39.64],[-95.05,39.57],[-95.05,39.52],[-95.03,39.47],[-94.94,39.39],[-94.83,39.24],[-94.75,39.18],[-94.7,39.16],[-94.66,39.06],[-94.63,38.9],[-94.62,38.66],[-94.62,38.35],[-94.62,37.8],[-94.62,37.33],[-94.62,37],[-94.62,36.5],[-94.21,36.5],[-93.64,36.5],[-93.01,36.5],[-92.66,36.5],[-92.03,36.5],[-91.46,36.5],[-90.95,36.5],[-90.49,36.5],[-90.32,36.49],[-90.2,36.46],[-90.13,36.42],[-90.1,36.37],[-90.1,36.32],[-90.13,36.26],[-90.17,36.2],[-90.33,36.06],[-90.36,36.02],[-90.32,36],[-90.25,36],[-90.13,35.99],[-89.72,36],[-89.65,36.09],[-89.63,36.15],[-89.66,36.21],[-89.66,36.27],[-89.56,36.36],[-89.54,36.43],[-89.55,36.48],[-89.53,36.5],[-89.42,36.5],[-89.31,36.54],[-89.24,36.6],[-89.18,36.67],[-89.16,36.72],[-89.13,36.82],[-89.12,36.98],[-89.25,37],[-89.3,37.02],[-89.35,37.06],[-89.4,37.11],[-89.45,37.17],[-89.48,37.23],[-89.49,37.29],[-89.49,37.33],[-89.47,37.42],[-89.47,37.48],[-89.51,37.6],[-89.55,37.67],[-89.61,37.73],[-89.69,37.79],[-89.86,37.91],[-89.93,37.95],[-90.09,38.02],[-90.2,38.09],[-90.26,38.14],[-90.34,38.22],[-90.37,38.27],[-90.34,38.36],[-90.27,38.51],[-90.21,38.66],[-90.19,38.79],[-90.2,38.84],[-90.23,38.88],[-90.27,38.91],[-90.39,38.95],[-90.49,38.94],[-90.57,38.9],[-90.63,38.93],[-90.68,38.99],[-90.7,39.03],[-90.72,39.13],[-90.74,39.21],[-90.79,39.28],[-90.86,39.34],[-91.03,39.44],[-91.17,39.55],[-91.31,39.67],[-91.39,39.77],[-91.44,39.86],[-91.48,39.98],[-91.5,40.13],[-91.49,40.25],[-91.44,40.38],[-91.62,40.53],[-91.76,40.57],[-91.97,40.6],[-92.24,40.6],[-92.58,40.6],[-92.92,40.59],[-93.27,40.58],[-93.61,40.58],[-93.96,40.57],[-94.3,40.57],[-94.63,40.58],[-94.96,40.58],[-95.29,40.59],[-95.77,40.6],[-95.68,40.44],[-95.58,40.3],[-95.51,40.22],[-95.32,40]]]},"properties":{"codigo_iso_3166_2":"US-MO"}},{"type":"Feature","geometry":{"type":"Polygon","coordinates":[[[-91.25,43.5],[-91.14,43.36],[-91.12,43.31],[-91.11,43.24],[-91.15,43.17],[-91.15,43.07],[-91.13,42.95],[-91.08,42.8],[-91.04,42.77],[-90.99,42.74],[-90.92,42.71],[-90.76,42.67],[-90.68,42.6],[-90.64,42.51],[-90.18,42.51],[-89.53,42.5],[-88.8,42.5],[-88.4,42.49],[-88.05,42.49],[-87.51,42.49],[-87.02,42.5],[-87.1,43.05],[-87.12,43.24],[-87.13,43.4],[-87.14,43.53],[-87.12,43.62],[-87.09,43.82],[-87.04,44.02],[-86.95,44.27],[-86.82,44.6],[-86.75,44.74],[-86.68,44.86],[-86.61,44.95],[-86.49,45.07],[-86.38,45.16],[-86.32,45.19],[-86.32,45.23],[-86.36,45.27],[-86.44,45.32],[-86.57,45.37],[-86.68,45.4],[-86.79,45.43],[-86.88,45.44],[-86.97,45.44],[-87.05,45.43],[-87.13,45.4],[-87.21,45.35],[-87.34,45.24],[-87.39,45.19],[-87.43,45.13],[-87.48,45.1],[-87.52,45.1],[-87.62,45.12],[-87.68,45.17],[-87.71,45.22],[-87.7,45.29],[-87.68,45.32],[-87.69,45.38],[-87.75,45.44],[-87.8,45.51],[-87.8,45.61],[-87.82,45.66],[-87.85,45.7],[-87.9,45.73],[-87.97,45.75],[-88.06,45.81],[-88.1,45.87],[-88.2,45.93],[-88.28,45.96],[-88.48,46.01],[-88.65,46.03],[-88.8,46.05],[-88.94,46.08],[-89.02,46.11],[-89.13,46.14],[-89.29,46.18],[-89.63,46.25],[-89.74,46.27],[-89.94,46.32],[-90.08,46.36],[-90.16,46.4],[-90.19,46.45],[-90.26,46.51],[-90.34,46.55],[-90.35,46.61],[-90.31,46.71],[-90.24,46.85],[-89.96,47.29],[-90.39,47.3],[-90.57,47.28],[-90.76,47.24],[-90.96,47.16],[-91.16,47.07],[-91.51,46.91],[-91.78,46.8],[-91.88,46.77],[-92.02,46.75],[-92.09,46.76],[-92.18,46.73],[-92.22,46.7],[-92.26,46.64],[-92.28,46.56],[-92.29,46.44],[-92.29,46.3],[-92.32,46.18],[-92.37,46.08],[-92.44,46.02],[-92.63,45.93],[-92.77,45.84],[-92.85,45.75],[-92.87,45.71],[-92.88,45.63],[-92.84,45.56],[-92.75,45.5],[-92.72,45.45],[-92.71,45.39],[-92.72,45.31],[-92.77,45.14],[-92.78,45.02],[-92.77,44.95],[-92.8,44.82],[-92.77,44.74],[-92.73,44.7],[-92.67,44.67],[-92.56,44.61],[-92.46,44.59],[-92.38,44.56],[-92.28,44.49],[-92.12,44.43],[-92,44.34],[-91.88,44.22],[-91.77,44.14],[-91.68,44.09],[-91.63,44.07],[-91.46,44.02],[-91.38,43.98],[-91.32,43.91],[-91.3,43.85],[-91.28,43.76],[-91.25,43.5]]]},"properties":{"codigo_iso_3166_2":"US-WI"}},{"type":"Feature","geometry":{"type":"Polygon","coordinates":[[[-87.02,42.5],[-87.51,42.49],[-88.05,42.49],[-88.4,42.49],[-88.8,42.5],[-89.53,42.5],[-90.18,42.51],[-90.64,42.51],[-90.53,42.43],[-90.46,42.36],[-90.42,42.3],[-90.36,42.23],[-90.26,42.17],[-90.21,42.12],[-90.19,42.07],[-90.18,42],[-90.2,41.86],[-90.26,41.74],[-90.34,41.64],[-90.48,41.55],[-90.57,41.51],[-90.73,41.46],[-90.88,41.44],[-90.94,41.42],[-90.99,41.39],[-91.02,41.34],[-91.05,41.23],[-91.03,41.15],[-90.98,41.09],[-90.96,41.03],[-90.98,40.96],[-91.05,40.84],[-91.11,40.76],[-91.16,40.7],[-91.21,40.66],[-91.35,40.6],[-91.4,40.52],[-91.44,40.38],[-91.49,40.25],[-91.5,40.13],[-91.48,39.98],[-91.44,39.86],[-91.39,39.77],[-91.31,39.67],[-91.17,39.55],[-91.03,39.44],[-90.86,39.34],[-90.79,39.28],[-90.74,39.21],[-90.72,39.13],[-90.7,39.03],[-90.68,38.99],[-90.63,38.93],[-90.57,38.9],[-90.49,38.94],[-90.39,38.95],[-90.27,38.91],[-90.23,38.88],[-90.2,38.84],[-90.19,38.79],[-90.21,38.66],[-90.27,38.51],[-90.34,38.36],[-90.37,38.27],[-90.34,38.22],[-90.26,38.14],[-90.2,38.09],[-90.09,38.02],[-89.93,37.95],[-89.86,37.91],[-89.69,37.79],[-89.61,37.73],[-89.55,37.67],[-89.51,37.6],[-89.47,37.48],[-89.47,37.42],[-89.49,37.33],[-89.49,37.29],[-89.48,37.23],[-89.45,37.17],[-89.4,37.11],[-89.35,37.06],[-89.3,37.02],[-89.25,37],[-89.12,36.98],[-89.16,37.03],[-89.15,37.08],[-89.09,37.15],[-89.02,37.2],[-88.96,37.22],[-88.84,37.19],[-88.64,37.13],[-88.56,37.12],[-88.5,37.14],[-88.48,37.2],[-88.47,37.28],[-88.45,37.35],[-88.4,37.4],[-88.34,37.43],[-88.25,37.45],[-88.19,37.47],[-88.15,37.5],[-88.13,37.53],[-88.15,37.62],[-88.12,37.7],[-88.05,37.81],[-88.05,37.96],[-88.02,38.03],[-87.97,38.12],[-87.9,38.23],[-87.8,38.34],[-87.65,38.54],[-87.56,38.67],[-87.55,38.74],[-87.55,38.82],[-87.57,38.91],[-87.6,39.01],[-87.62,39.1],[-87.63,39.17],[-87.61,39.24],[-87.58,39.28],[-87.55,39.41],[-87.54,39.6],[-87.53,39.86],[-87.53,40.2],[-87.53,40.82],[-87.52,41.36],[-87.5,41.56],[-87.46,41.69],[-87.4,41.76],[-87.21,41.76],[-87.09,42.22],[-87.02,42.5]]]},"properties":{"codigo_iso_3166_2":"US-IL"}},{"type":"Feature","geometry":{"type":"Polygon","coordinates":[[[-84.82,39.1],[-84.82,38.91],[-84.84,38.84],[-84.89,38.79],[-84.96,38.75],[-85.05,38.73],[-85.21,38.7],[-85.39,38.71],[-85.43,38.67],[-85.43,38.59],[-85.49,38.52],[-85.58,38.45],[-85.62,38.42],[-85.67,38.33],[-85.73,38.3],[-85.8,38.28],[-85.85,38.2],[-85.88,38.15],[-85.93,38.06],[-85.98,38.02],[-86.1,38.02],[-86.27,38.07],[-86.35,38.08],[-86.42,38.08],[-86.46,38.05],[-86.53,37.96],[-86.61,37.92],[-86.71,37.91],[-86.77,37.94],[-86.82,37.97],[-86.9,37.96],[-87,37.91],[-87.07,37.84],[-87.15,37.84],[-87.3,37.9],[-87.4,37.92],[-87.52,37.92],[-87.66,37.9],[-88.05,37.81],[-88.12,37.7],[-88.15,37.62],[-88.13,37.53],[-88.15,37.5],[-88.19,37.47],[-88.25,37.45],[-88.34,37.43],[-88.4,37.4],[-88.45,37.35],[-88.47,37.28],[-88.48,37.2],[-88.5,37.14],[-88.56,37.12],[-88.64,37.13],[-88.84,37.19],[-88.96,37.22],[-89.02,37.2],[-89.09,37.15],[-89.15,37.08],[-89.16,37.03],[-89.12,36.98],[-89.13,36.82],[-89.16,36.72],[-89.18,36.67],[-89.24,36.6],[-89.31,36.54],[-89.42,36.5],[-88.9,36.5],[-88.56,36.5],[-88.3,36.51],[-88.13,36.54],[-88.05,36.57],[-88.06,36.62],[-88.02,36.67],[-87.79,36.65],[-87.59,36.65],[-87.32,36.65],[-86.69,36.65],[-86.47,36.65],[-86.31,36.65],[-86.08,36.64],[-85.71,36.63],[-85.21,36.62],[-84.6,36.61],[-83.99,36.6],[-83.71,36.59],[-83.67,36.6],[-83.34,36.69],[-83.22,36.73],[-83.04,36.8],[-82.91,36.88],[-82.79,36.99],[-82.72,37.06],[-82.66,37.12],[-82.59,37.17],[-82.52,37.21],[-82.38,37.27],[-82.21,37.38],[-81.97,37.54],[-82.06,37.55],[-82.14,37.58],[-82.23,37.64],[-82.35,37.77],[-82.51,37.98],[-82.57,38.08],[-82.6,38.17],[-82.61,38.25],[-82.59,38.42],[-82.74,38.53],[-82.83,38.61],[-82.87,38.68],[-82.93,38.71],[-82.98,38.7],[-83.15,38.63],[-83.24,38.61],[-83.34,38.62],[-83.45,38.67],[-83.55,38.69],[-83.64,38.67],[-83.73,38.67],[-83.86,38.74],[-83.92,38.76],[-84.08,38.79],[-84.15,38.81],[-84.2,38.85],[-84.24,38.89],[-84.3,38.99],[-84.33,39.03],[-84.39,39.07],[-84.5,39.1],[-84.58,39.1],[-84.82,39.1]]]},"properties":{"codigo_iso_3166_2":"US-KY"}},{"type":"Feature","geometry":{"type":"Polygon","coordinates":[[[-94.04,33.01],[-93.71,33.01],[-93.24,33.01],[-92.68,33.01],[-92.37,33.01],[-91.84,33.01],[-91.17,33.01],[-91.13,33.1],[-91.12,33.17],[-91.15,33.26],[-91.17,33.34],[-91.15,33.42],[-91.15,33.48],[-91.2,33.53],[-91.21,33.6],[-91.2,33.64],[-91.17,33.72],[-91.1,33.77],[-91.06,33.84],[-91.06,33.97],[-91.02,34.02],[-90.94,34.05],[-90.88,34.13],[-90.85,34.2],[-90.82,34.25],[-90.78,34.3],[-90.73,34.34],[-90.68,34.38],[-90.63,34.42],[-90.6,34.46],[-90.59,34.51],[-90.58,34.61],[-90.54,34.71],[-90.47,34.8],[-90.39,34.86],[-90.31,34.91],[-90.28,34.95],[-90.3,35],[-90.16,35.12],[-90.12,35.17],[-90.1,35.22],[-90.09,35.27],[-90.08,35.36],[-90.03,35.45],[-89.99,35.49],[-89.93,35.58],[-89.93,35.67],[-89.9,35.75],[-89.86,35.77],[-89.76,35.82],[-89.72,35.89],[-89.72,36],[-90.13,35.99],[-90.25,36],[-90.32,36],[-90.36,36.02],[-90.33,36.06],[-90.17,36.2],[-90.13,36.26],[-90.1,36.32],[-90.1,36.37],[-90.13,36.42],[-90.2,36.46],[-90.32,36.49],[-90.49,36.5],[-90.95,36.5],[-91.46,36.5],[-92.03,36.5],[-92.66,36.5],[-93.01,36.5],[-93.64,36.5],[-94.21,36.5],[-94.62,36.5],[-94.55,36.08],[-94.51,35.81],[-94.48,35.49],[-94.46,35.13],[-94.46,34.74],[-94.46,34.3],[-94.47,33.98],[-94.48,33.65],[-94.21,33.59],[-94.13,33.53],[-94.07,33.46],[-94.05,33.35],[-94.04,33.01]]]},"properties":{"codigo_iso_3166_2":"US-AR"}},{"type":"Feature","geometry":{"type":"Polygon","coordinates":[[[-88.18,35],[-87.76,35.01],[-87.41,35.01],[-87.02,35],[-86.57,34.99],[-86.03,34.99],[-85.61,34.99],[-85.13,34.99],[-84.8,34.99],[-84.32,34.99],[-84.31,35.13],[-84.29,35.17],[-84.22,35.23],[-84.17,35.24],[-84.1,35.29],[-84.01,35.4],[-83.96,35.44],[-83.83,35.51],[-83.7,35.56],[-83.59,35.57],[-83.52,35.58],[-83.44,35.61],[-83.34,35.65],[-83.24,35.71],[-83.07,35.81],[-82.95,35.9],[-82.85,35.97],[-82.72,36.02],[-82.62,36.04],[-82.54,36.02],[-82.48,36.02],[-82.36,36.1],[-82.27,36.14],[-82.19,36.14],[-82.13,36.12],[-82.06,36.14],[-82.03,36.17],[-81.94,36.26],[-81.77,36.4],[-81.71,36.49],[-81.66,36.61],[-81.84,36.6],[-82.25,36.6],[-82.6,36.6],[-83.02,36.6],[-83.67,36.6],[-83.71,36.59],[-83.99,36.6],[-84.6,36.61],[-85.21,36.62],[-85.71,36.63],[-86.08,36.64],[-86.31,36.65],[-86.47,36.65],[-86.69,36.65],[-87.32,36.65],[-87.59,36.65],[-87.79,36.65],[-88.02,36.67],[-88.06,36.62],[-88.05,36.57],[-88.13,36.54],[-88.3,36.51],[-88.56,36.5],[-88.9,36.5],[-89.42,36.5],[-89.53,36.5],[-89.55,36.48],[-89.54,36.43],[-89.56,36.36],[-89.66,36.27],[-89.66,36.21],[-89.63,36.15],[-89.65,36.09],[-89.72,36],[-89.72,35.89],[-89.76,35.82],[-89.86,35.77],[-89.9,35.75],[-89.93,35.67],[-89.93,35.58],[-89.99,35.49],[-90.03,35.45],[-90.08,35.36],[-90.09,35.27],[-90.1,35.22],[-90.12,35.17],[-90.16,35.12],[-90.3,35],[-89.91,35],[-89.39,35],[-88.85,35],[-88.18,35]]]},"properties":{"codigo_iso_3166_2":"US-TN"}},{"type":"Feature","geometry":{"type":"Polygon","coordinates":[[[-82.59,38.42],[-82.61,38.25],[-82.6,38.17],[-82.57,38.08],[-82.51,37.98],[-82.35,37.77],[-82.23,37.64],[-82.14,37.58],[-82.06,37.55],[-81.97,37.54],[-81.94,37.44],[-81.91,37.37],[-81.86,37.32],[-81.78,37.28],[-81.65,37.24],[-81.59,37.23],[-81.53,37.24],[-81.47,37.25],[-81.37,37.3],[-81.29,37.3],[-81.23,37.26],[-81.12,37.26],[-80.97,37.29],[-80.79,37.36],[-80.59,37.44],[-80.33,37.51],[-80.29,37.58],[-80.28,37.62],[-80.26,37.68],[-80.23,37.74],[-80.18,37.81],[-80.1,37.88],[-80,38.01],[-79.95,38.11],[-79.9,38.19],[-79.84,38.24],[-79.77,38.33],[-79.7,38.47],[-79.66,38.53],[-79.62,38.55],[-79.59,38.55],[-79.51,38.5],[-79.37,38.44],[-79.32,38.46],[-79.25,38.5],[-79.18,38.58],[-79.11,38.69],[-79.04,38.77],[-78.98,38.81],[-78.94,38.83],[-78.91,38.81],[-78.86,38.83],[-78.78,38.87],[-78.69,38.93],[-78.58,39.03],[-78.49,39.12],[-78.42,39.2],[-78.38,39.28],[-78.35,39.35],[-78.31,39.38],[-78.24,39.37],[-78.14,39.33],[-78.02,39.26],[-77.92,39.21],[-77.85,39.2],[-77.8,39.21],[-77.73,39.33],[-77.77,39.42],[-77.85,39.51],[-78,39.62],[-78.08,39.65],[-78.17,39.67],[-78.24,39.67],[-78.38,39.63],[-78.42,39.61],[-78.46,39.56],[-78.52,39.55],[-78.65,39.56],[-78.72,39.56],[-78.81,39.54],[-78.91,39.51],[-79.12,39.41],[-79.3,39.32],[-79.37,39.28],[-79.43,39.28],[-79.47,39.32],[-79.49,39.4],[-79.48,39.72],[-80.13,39.72],[-80.32,39.78],[-80.45,39.89],[-80.52,40.07],[-80.52,40.65],[-80.62,40.61],[-80.65,40.58],[-80.65,40.54],[-80.65,40.49],[-80.63,40.42],[-80.62,40.35],[-80.63,40.29],[-80.65,40.22],[-80.69,40.16],[-80.76,40],[-80.83,39.79],[-80.88,39.7],[-80.94,39.61],[-81.01,39.54],[-81.1,39.49],[-81.24,39.41],[-81.45,39.33],[-81.61,39.25],[-81.68,39.21],[-81.73,39.15],[-81.76,39.09],[-81.77,39.03],[-81.79,38.98],[-81.83,38.96],[-81.88,38.96],[-81.96,38.97],[-82.02,38.97],[-82.07,38.96],[-82.12,38.92],[-82.15,38.87],[-82.22,38.74],[-82.28,38.57],[-82.32,38.5],[-82.37,38.46],[-82.43,38.43],[-82.59,38.42]]]},"properties":{"codigo_iso_3166_2":"US-WV"}},{"type":"Feature","geometry":{"type":"Polygon","coordinates":[[[-87.21,41.76],[-87.4,41.76],[-87.46,41.69],[-87.5,41.56],[-87.52,41.36],[-87.53,40.82],[-87.53,40.2],[-87.53,39.86],[-87.54,39.6],[-87.55,39.41],[-87.58,39.28],[-87.61,39.24],[-87.63,39.17],[-87.62,39.1],[-87.6,39.01],[-87.57,38.91],[-87.55,38.82],[-87.55,38.74],[-87.56,38.67],[-87.65,38.54],[-87.8,38.34],[-87.9,38.23],[-87.97,38.12],[-88.02,38.03],[-88.05,37.96],[-88.05,37.81],[-87.66,37.9],[-87.52,37.92],[-87.4,37.92],[-87.3,37.9],[-87.15,37.84],[-87.07,37.84],[-87,37.91],[-86.9,37.96],[-86.82,37.97],[-86.77,37.94],[-86.71,37.91],[-86.61,37.92],[-86.53,37.96],[-86.46,38.05],[-86.42,38.08],[-86.35,38.08],[-86.27,38.07],[-86.1,38.02],[-85.98,38.02],[-85.93,38.06],[-85.88,38.15],[-85.85,38.2],[-85.8,38.28],[-85.73,38.3],[-85.67,38.33],[-85.62,38.42],[-85.58,38.45],[-85.49,38.52],[-85.43,38.59],[-85.43,38.67],[-85.39,38.71],[-85.21,38.7],[-85.05,38.73],[-84.96,38.75],[-84.89,38.79],[-84.84,38.84],[-84.82,38.91],[-84.82,39.1],[-84.82,39.43],[-84.81,39.9],[-84.81,40.48],[-84.8,41.07],[-84.8,41.44],[-84.81,41.7],[-84.81,41.74],[-84.88,41.75],[-85.01,41.76],[-85.21,41.76],[-85.76,41.76],[-86.38,41.76],[-86.71,41.76],[-87.21,41.76]]]},"properties":{"codigo_iso_3166_2":"US-IN"}}]}