{"type":"FeatureCollection","features":[{"type":"Feature","geometry":{"type":"Polygon","coordinates":[[[-69.9,12.45],[-69.94,12.44],[-70.07,12.55],[-69.97,12.57],[-69.9,12.45]]]},"properties":{"iso_a3":"ABW"}},{"type":"Feature","geometry":{"type":"Polygon","coordinates":[[[66.52,37.35],[67.07,37.33],[67.32,37.21],[67.52,37.27],[67.76,37.17],[68.07,36.95],[68.67,37.26],[68.96,37.33],[69.26,37.11],[69.41,37.21],[69.42,37.49],[69.63,37.59],[70.25,37.66],[70.2,37.89],[70.62,38.33],[70.88,38.46],[71.26,38.31],[71.28,38.01],[71.55,37.8],[71.43,37.13],[71.6,36.73],[71.8,36.69],[72.15,36.9],[72.66,37.03],[72.9,37.27],[73.48,37.47],[73.72,37.42],[73.75,37.23],[74.17,37.33],[74.26,37.42],[74.66,37.39],[74.89,37.23],[74.74,37.29],[74.37,37.16],[74.54,37.02],[74,36.82],[73.77,36.89],[72.62,36.83],[72.16,36.7],[71.82,36.49],[71.62,36.44],[71.19,36.04],[71.43,35.83],[71.6,35.41],[71.62,35.18],[70.97,34.53],[71.1,34.37],[71.05,34.05],[70.65,33.95],[70.33,33.96],[69.99,34.05],[69.87,33.9],[70.06,33.72],[70.28,33.37],[69.92,33.11],[69.5,33.02],[69.41,32.68],[69.24,32.43],[69.28,31.94],[68.87,31.63],[68.6,31.8],[68.21,31.81],[67.6,31.45],[67.45,31.23],[67.12,31.24],[66.92,31.31],[66.6,31.02],[66.4,30.91],[66.29,30.61],[66.31,30.32],[66.18,29.84],[65.1,29.56],[64.52,29.56],[64.27,29.51],[64.1,29.39],[63.57,29.5],[62.48,29.41],[62,29.53],[60.84,29.86],[61.78,30.83],[61.81,31.07],[61.66,31.38],[60.85,31.48],[60.79,31.66],[60.83,32.25],[60.64,32.79],[60.56,33.14],[60.92,33.51],[60.51,33.64],[60.49,34.09],[60.73,34.52],[60.95,34.65],[61.08,34.86],[61.26,35.62],[61.54,35.46],[61.94,35.45],[62.31,35.17],[62.61,35.23],[63.06,35.45],[63.17,35.68],[63.11,35.82],[63.86,36.01],[64.36,36.23],[64.51,36.34],[64.82,37.13],[65.09,37.24],[65.55,37.25],[65.77,37.57],[66.11,37.41],[66.52,37.35]]]},"properties":{"iso_a3":"AFG"}},{"type":"Feature","geometry":{"type":"MultiPolygon","coordinates":[[[[13.07,-4.63],[12.83,-4.74],[12.6,-4.98],[12.52,-5.15],[12.5,-5.7],[12.21,-5.76],[12.16,-5.63],[12.18,-5.32],[12.02,-5],[12.38,-4.62],[12.88,-4.45],[13.07,-4.63]]],[[[23.97,-10.87],[24.03,-11.32],[23.97,-11.64],[23.96,-12.12],[24,-12.35],[23.88,-12.8],[23.9,-13],[21.98,-13],[21.98,-14.76],[21.98,-15.96],[22.15,-16.6],[22.31,-16.69],[22.72,-17.08],[23.38,-17.64],[21.42,-18],[21.11,-17.96],[20.63,-18],[20.19,-17.86],[19.64,-17.87],[18.83,-17.77],[18.4,-17.4],[17.84,-17.39],[15.77,-17.39],[13.94,-17.39],[13.4,-17.01],[13.1,-16.97],[12.55,-17.21],[12.11,-17.16],[11.74,-17.25],[11.82,-16.7],[11.8,-15.99],[11.75,-15.83],[11.97,-15.63],[12.07,-15.25],[12.28,-14.64],[12.38,-14.04],[12.5,-13.76],[12.55,-13.44],[12.9,-13.03],[12.98,-12.78],[13.42,-12.52],[13.69,-12.12],[13.79,-11.81],[13.78,-11.49],[13.85,-11.05],[13.72,-10.63],[13.54,-10.42],[13.21,-9.7],[13.16,-9.39],[13,-9.05],[13.36,-8.69],[13.38,-8.37],[13.09,-7.78],[12.86,-7.23],[12.82,-6.95],[12.52,-6.59],[12.3,-6.09],[12.79,-6],[13.07,-5.86],[13.98,-5.86],[14.4,-5.89],[15.73,-5.86],[16.32,-5.87],[16.54,-5.97],[16.7,-6.16],[16.74,-6.62],[16.97,-7.06],[16.98,-7.26],[17.16,-7.46],[17.54,-8.08],[17.91,-8.07],[18.65,-7.94],[18.9,-8],[19.34,-7.97],[19.37,-7.66],[19.48,-7.47],[19.53,-7.14],[19.66,-7.04],[20.48,-6.92],[20.61,-7.28],[21.19,-7.28],[21.78,-7.31],[21.84,-7.42],[21.78,-7.87],[21.8,-8.11],[21.9,-8.34],[21.91,-8.69],[21.81,-9.47],[21.95,-9.73],[22.2,-10.04],[22.3,-10.4],[22.31,-10.69],[22.18,-10.89],[22.31,-11.2],[22.56,-11.06],[23.08,-11.09],[23.4,-10.98],[23.9,-10.98],[23.97,-10.87]]]]},"properties":{"iso_a3":"AGO"}},{"type":"Feature","geometry":{"type":"Polygon","coordinates":[[[-63,18.22],[-63.16,18.17],[-63.15,18.2],[-63.03,18.27],[-63,18.22]]]},"properties":{"iso_a3":"AIA"}},{"type":"Feature","geometry":{"type":"Polygon","coordinates":[[[19.99,60.35],[20.26,60.26],[19.75,60.1],[19.67,60.23],[19.99,60.35]]]},"properties":{"iso_a3":"ALA"}},{"type":"Feature","geometry":{"type":"Polygon","coordinates":[[[19.34,41.87],[19.28,42.17],[19.65,42.63],[19.79,42.48],[20.06,42.55],[20.24,42.34],[20.49,42.22],[20.57,41.87],[20.45,41.52],[20.49,41.27],[20.71,40.93],[20.96,40.85],[21.03,40.62],[20.81,40.45],[20.61,40.08],[20.41,40.05],[20.38,39.84],[20.21,39.65],[20,39.71],[19.85,40.04],[19.4,40.28],[19.44,40.47],[19.34,40.62],[19.46,40.93],[19.44,41.42],[19.58,41.79],[19.34,41.87]]]},"properties":{"iso_a3":"ALB"}},{"type":"Feature","geometry":{"type":"Polygon","coordinates":[[[1.71,42.5],[1.49,42.43],[1.43,42.6],[1.71,42.5]]]},"properties":{"iso_a3":"AND"}},{"type":"Feature","geometry":{"type":"Polygon","coordinates":[[[56.3,25.65],[56.36,25.57],[56.39,24.98],[56.06,24.74],[55.82,24.91],[55.77,24.49],[55.99,24.06],[55.55,23.99],[55.51,23.72],[55.2,23.03],[55.19,22.7],[55.12,22.62],[54.27,22.72],[52.56,22.93],[51.59,24.08],[51.57,24.29],[51.77,24.25],[51.84,24.01],[52.12,23.97],[52.65,24.15],[53.03,24.15],[53.8,24.07],[54.4,24.28],[54.75,24.81],[55.1,25.04],[55.52,25.5],[55.94,25.79],[56.08,26.06],[56.14,25.69],[56.3,25.65]]]},"properties":{"iso_a3":"ARE"}},{"type":"Feature","geometry":{"type":"MultiPolygon","coordinates":[[[[-57.61,-30.19],[-57.87,-30.59],[-57.81,-30.86],[-57.89,-31.2],[-58.05,-31.49],[-57.99,-31.62],[-58.17,-31.87],[-58.12,-32.32],[-58.2,-32.47],[-58.17,-32.96],[-58.42,-33.11],[-58.55,-33.66],[-58.39,-34.19],[-58.53,-34.3],[-58.28,-34.68],[-57.76,-34.89],[-57.3,-35.19],[-57.16,-35.51],[-57.35,-35.72],[-57.38,-35.9],[-57.26,-36.14],[-57.08,-36.3],[-56.75,-36.35],[-56.67,-36.85],[-57.09,-37.45],[-57.4,-37.74],[-57.55,-38.09],[-58.18,-38.44],[-59.01,-38.67],[-59.83,-38.84],[-61.11,-38.99],[-61.6,-39],[-62.07,-38.92],[-62.3,-38.99],[-62.34,-39.15],[-62.05,-39.37],[-62.13,-39.83],[-62.29,-39.9],[-62.43,-40.36],[-62.25,-40.67],[-62.4,-40.89],[-62.96,-41.11],[-63.77,-41.15],[-64.62,-40.85],[-65.07,-40.81],[-65.15,-40.95],[-65.13,-41.24],[-65.02,-41.57],[-65.06,-41.97],[-64.9,-42.16],[-64.52,-42.3],[-64.42,-42.43],[-64.1,-42.4],[-64.06,-42.27],[-63.8,-42.11],[-63.63,-42.28],[-63.59,-42.56],[-63.69,-42.81],[-64.13,-42.86],[-64.32,-42.57],[-64.65,-42.53],[-65.03,-42.76],[-64.63,-42.91],[-64.72,-43.14],[-64.99,-43.29],[-65.28,-43.63],[-65.24,-44.05],[-65.36,-44.48],[-65.65,-44.66],[-65.64,-45.01],[-66.19,-44.96],[-66.59,-45.18],[-66.94,-45.26],[-67.26,-45.58],[-67.6,-46.05],[-67.51,-46.44],[-66.78,-47.01],[-66,-47.09],[-65.74,-47.34],[-65.81,-47.64],[-66.04,-47.78],[-65.81,-47.94],[-66.39,-48.34],[-67.13,-48.69],[-67.47,-48.95],[-67.68,-49.25],[-67.78,-49.86],[-67.91,-49.98],[-68.75,-50.28],[-69.09,-50.58],[-69.14,-51.1],[-69.03,-51.64],[-68.39,-52.31],[-68.44,-52.36],[-69.21,-52.14],[-69.49,-52.14],[-69.96,-52.01],[-71.92,-51.99],[-71.95,-51.88],[-72.41,-51.54],[-72.3,-51.3],[-72.38,-51.1],[-72.28,-50.91],[-72.34,-50.68],[-72.51,-50.61],[-73.15,-50.74],[-73.31,-50.36],[-73.5,-50.13],[-73.47,-49.79],[-73.58,-49.58],[-73.46,-49.31],[-73.14,-49.3],[-73.03,-49.01],[-72.73,-48.9],[-72.59,-48.73],[-72.61,-48.52],[-72.35,-48.37],[-72.33,-48.11],[-72.52,-47.88],[-72.35,-47.49],[-72.1,-47.34],[-71.95,-47.09],[-71.94,-46.83],[-71.73,-46.71],[-71.76,-46.32],[-71.88,-46.16],[-71.63,-45.95],[-71.75,-45.84],[-71.75,-45.58],[-71.51,-45.51],[-71.35,-45.23],[-71.6,-44.98],[-71.26,-44.76],[-71.15,-44.49],[-71.33,-44.42],[-71.82,-44.38],[-71.81,-44.11],[-71.68,-43.93],[-71.75,-43.59],[-71.9,-43.44],[-71.78,-43.17],[-72.1,-43.07],[-72.14,-42.58],[-72.11,-42.25],[-71.76,-42.1],[-71.91,-41.65],[-71.87,-40.89],[-71.93,-40.69],[-71.72,-40.3],[-71.64,-39.89],[-71.72,-39.64],[-71.54,-39.6],[-71.42,-39.29],[-71.43,-38.99],[-71.35,-38.89],[-70.95,-38.74],[-70.85,-38.54],[-70.97,-38.45],[-71.03,-38.04],[-71.17,-37.76],[-71.13,-37.45],[-71.2,-37.3],[-71.12,-37.06],[-71.19,-36.84],[-71.06,-36.52],[-70.75,-36.39],[-70.72,-36.28],[-70.4,-36.06],[-70.38,-35.77],[-70.53,-35.22],[-70.39,-35.15],[-70.29,-34.73],[-70.05,-34.3],[-69.85,-34.22],[-69.89,-33.73],[-69.8,-33.4],[-70.02,-33.27],[-70.17,-32.47],[-70.32,-32.27],[-70.36,-32.04],[-70.59,-31.57],[-70.52,-31.15],[-70.31,-31.02],[-70.35,-30.9],[-70.16,-30.44],[-69.96,-30.36],[-69.86,-30.12],[-70.03,-29.32],[-69.83,-29.1],[-69.66,-28.41],[-69.17,-27.92],[-69,-27.45],[-68.85,-27.15],[-68.65,-27.15],[-68.35,-27.03],[-68.32,-26.88],[-68.58,-26.52],[-68.58,-26.35],[-68.41,-26.15],[-68.6,-25.49],[-68.54,-25.24],[-68.43,-25.15],[-68.56,-24.84],[-68.51,-24.63],[-68.25,-24.39],[-67.36,-24.03],[-67.01,-23],[-67.19,-22.82],[-66.99,-22.51],[-66.8,-22.41],[-66.75,-22.27],[-66.37,-22.11],[-66.25,-21.83],[-66.1,-21.84],[-65.77,-22.1],[-65.06,-22.1],[-64.61,-22.23],[-64.37,-22.76],[-63.98,-22.07],[-63.86,-22.01],[-62.83,-22],[-62.65,-22.23],[-62.21,-22.61],[-61.93,-23.06],[-61.51,-23.39],[-61.21,-23.56],[-61.03,-23.76],[-60.51,-23.96],[-60.11,-24.01],[-59.89,-24.09],[-59.19,-24.56],[-58.72,-24.79],[-58.52,-24.84],[-57.82,-25.14],[-57.56,-25.47],[-57.73,-25.67],[-57.89,-26.01],[-58.18,-26.31],[-58.19,-26.63],[-58.32,-26.86],[-58.62,-27.13],[-58.6,-27.31],[-58.17,-27.27],[-57.81,-27.32],[-57.11,-27.47],[-56.6,-27.47],[-56.44,-27.55],[-56.16,-27.32],[-55.63,-27.36],[-55.6,-27.21],[-55.35,-26.97],[-55.14,-26.93],[-54.83,-26.65],[-54.68,-26.31],[-54.62,-25.58],[-54.44,-25.62],[-54.15,-25.52],[-53.89,-25.67],[-53.82,-25.96],[-53.67,-26.23],[-53.75,-26.75],[-53.72,-26.88],[-53.84,-27.12],[-54.21,-27.29],[-54.26,-27.38],[-54.88,-27.6],[-55.1,-27.87],[-55.35,-27.96],[-55.73,-28.2],[-56.03,-28.58],[-56.23,-28.74],[-56.39,-29],[-56.64,-29.2],[-56.77,-29.42],[-57.61,-30.19]]],[[[-68.65,-54.85],[-68.64,-53.52],[-68.63,-52.65],[-68.28,-52.98],[-68.49,-53.26],[-68.14,-53.32],[-68.01,-53.56],[-67.29,-54.05],[-66.24,-54.53],[-65.75,-54.65],[-65.18,-54.68],[-65.35,-54.88],[-65.84,-54.91],[-66.51,-55.03],[-66.93,-54.92],[-68.22,-54.82],[-68.65,-54.85]]]]},"properties":{"iso_a3":"ARG"}},{"type":"Feature","geometry":{"type":"Polygon","coordinates":[[[44.77,39.7],[44.29,40.04],[43.79,40.07],[43.57,40.48],[43.72,40.72],[43.63,40.93],[43.44,41.11],[44.23,41.21],[44.84,41.21],[45,41.29],[45.27,41.01],[45.59,40.85],[45.38,40.64],[45.57,40.42],[45.96,40.23],[45.86,40.01],[45.66,39.96],[46.2,39.59],[46.51,39.3],[46.49,38.91],[46.11,38.88],[45.77,39.38],[45.46,39.49],[45.03,39.77],[44.77,39.7]]]},"properties":{"iso_a3":"ARM"}},{"type":"Feature","geometry":{"type":"Polygon","coordinates":[[[-170.73,-14.35],[-170.77,-14.36],[-170.82,-14.31],[-170.69,-14.26],[-170.73,-14.35]]]},"properties":{"iso_a3":"ASM"}},{"type":"Feature","geometry":{"type":"MultiPolygon","coordinates":[[[[-57.02,-63.37],[-58.26,-63.76],[-58.84,-64.19],[-59.05,-64.45],[-59.46,-64.35],[-59.96,-64.43],[-60.66,-64.73],[-61.06,-64.98],[-61.74,-65.03],[-61.58,-65.19],[-62.15,-65.33],[-61.99,-65.59],[-62.31,-65.84],[-62.17,-66.03],[-61.84,-66.12],[-60.91,-65.92],[-60.9,-66.19],[-61.88,-66.3],[-62.24,-66.2],[-63.75,-66.28],[-64.08,-66.65],[-64.04,-66.93],[-64.69,-66.81],[-64.88,-67.02],[-64.82,-67.31],[-65.44,-67.33],[-65.42,-67.66],[-65.6,-67.88],[-65.22,-68.14],[-65.33,-68.36],[-65.16,-68.62],[-64.43,-68.75],[-64.16,-68.69],[-63.34,-68.81],[-63.46,-69.04],[-62.45,-69.58],[-62.41,-69.83],[-61.96,-70.12],[-62.38,-70.36],[-61.31,-70.87],[-60.96,-71.24],[-61.79,-71.62],[-61.94,-71.9],[-61.31,-72.11],[-60.72,-72.07],[-60.73,-72.43],[-61.29,-72.6],[-59.96,-73.03],[-61.41,-73.47],[-60.88,-73.61],[-61.37,-74.51],[-62.13,-74.55],[-61.93,-74.86],[-62.37,-74.95],[-63.13,-74.85],[-63.23,-75.15],[-63.97,-75.33],[-63.36,-75.45],[-66.37,-76.01],[-67.52,-76.11],[-69.3,-76.35],[-70.55,-76.72],[-71.8,-76.75],[-72.72,-76.69],[-73.88,-76.7],[-75.27,-76.58],[-77.19,-76.63],[-77.17,-76.83],[-76.25,-77.27],[-75.39,-77.47],[-72.85,-77.59],[-73.25,-77.89],[-74.04,-78.11],[-74.81,-78.18],[-77.74,-77.94],[-80.6,-77.75],[-81.44,-77.89],[-77.86,-78.35],[-77.43,-78.43],[-77.87,-78.75],[-80.29,-78.82],[-82.61,-78.41],[-83.76,-78.46],[-83.26,-78.77],[-80.49,-79.32],[-79.46,-79.3],[-76.5,-79.33],[-76.03,-79.63],[-76.9,-79.96],[-75.71,-80.38],[-75.24,-80.8],[-73.94,-80.82],[-73.03,-80.92],[-71.02,-80.62],[-69.77,-80.96],[-68.33,-81],[-68.14,-81.13],[-65.57,-81.46],[-62.49,-81.56],[-62.54,-81.68],[-64.7,-81.65],[-64.14,-81.87],[-65.92,-81.9],[-65.91,-82.18],[-64.92,-82.37],[-62.65,-82.26],[-62.74,-82.53],[-61.92,-82.98],[-61.2,-83.1],[-61.59,-83.34],[-59.52,-83.46],[-57.8,-82.96],[-55.8,-82.48],[-53.99,-82.2],[-50.65,-81.98],[-48.36,-81.89],[-46.57,-81.98],[-46.05,-82.16],[-46.52,-82.45],[-45.04,-82.44],[-43.67,-82.27],[-42.56,-81.76],[-41.43,-81.3],[-38.77,-80.88],[-37.21,-81.06],[-35.97,-80.89],[-35.33,-80.65],[-31.31,-80.45],[-31.02,-80.31],[-29.33,-80.17],[-24.24,-80.06],[-23.41,-79.86],[-24.3,-79.77],[-29.95,-79.6],[-30.32,-79.16],[-30.65,-79.12],[-32.99,-79.23],[-35.52,-78.93],[-36.24,-78.77],[-36.18,-78.47],[-35.09,-77.84],[-33.59,-77.31],[-31.68,-77.03],[-30.22,-76.66],[-28.93,-76.37],[-27.13,-76.16],[-26.06,-75.96],[-24.27,-75.77],[-22.47,-75.66],[-21.43,-75.68],[-20.49,-75.49],[-19.49,-75.54],[-18.59,-75.46],[-18.75,-75.24],[-17.3,-74.33],[-16.43,-74.32],[-15.67,-74.41],[-14.57,-73.94],[-15.75,-73.95],[-16.1,-73.71],[-16.52,-73.64],[-16.44,-73.43],[-15.8,-73.15],[-15.01,-73.05],[-14.32,-73.12],[-14,-73],[-14.3,-72.73],[-13.21,-72.79],[-12.75,-72.63],[-11.5,-72.41],[-10.96,-71.9],[-12.15,-71.61],[-12.35,-71.39],[-11.93,-71.29],[-10.83,-71.55],[-10.52,-71.3],[-9.89,-71.03],[-9.23,-71.17],[-8.65,-71.67],[-7.71,-71.55],[-7.62,-71.12],[-7.87,-70.94],[-7.39,-70.79],[-6.55,-70.82],[-5.94,-70.71],[-5.59,-70.86],[-6.08,-71.15],[-6.12,-71.33],[-4.45,-71.33],[-3.71,-71.37],[-2.81,-71.32],[-2.01,-71.43],[-0.9,-71.35],[-0.76,-71.63],[-0.33,-71.64],[0.15,-71.4],[0.83,-71.2],[2.61,-70.9],[3.51,-70.84],[5.11,-70.66],[6.51,-70.59],[7.4,-70.49],[7.68,-70.36],[8.52,-70.47],[9.14,-70.18],[9.61,-70.27],[10.22,-70.51],[10.97,-70.69],[11.7,-70.77],[12.31,-70.44],[12.93,-70.21],[13.82,-70.34],[15.06,-70.29],[15.81,-70.32],[16.03,-70.19],[16.58,-70.2],[16.71,-70.4],[18.12,-70.54],[18.43,-70.29],[19.2,-70.29],[19.03,-70.67],[19.41,-70.92],[20.13,-70.92],[21.07,-70.84],[21.34,-70.5],[21.7,-70.26],[22.37,-70.48],[22.23,-70.64],[22.98,-70.81],[23.41,-70.72],[23.8,-70.4],[24.24,-70.45],[24.39,-70.7],[24.76,-70.89],[25.97,-71.04],[27.21,-70.91],[27.7,-70.77],[28.91,-70.58],[30,-70.3],[31.38,-70.23],[32.62,-70],[32.99,-69.62],[32.9,-69.38],[32.57,-69.07],[32.64,-68.87],[33.12,-68.69],[34.19,-68.7],[33.77,-69.02],[34.6,-69.09],[35.22,-69.64],[36.72,-69.65],[37.11,-69.81],[37.56,-69.72],[38.14,-69.82],[38.5,-70.06],[38.86,-70.01],[39.71,-69.43],[39.86,-68.97],[40.22,-68.8],[40.82,-68.72],[41.36,-68.51],[42.41,-68.35],[42.82,-68.12],[44.7,-67.9],[45.2,-67.73],[45.57,-67.74],[46.4,-67.62],[46.32,-67.4],[46.56,-67.27],[47.15,-67.36],[47.12,-67.57],[47.49,-67.73],[47.96,-67.66],[48.65,-67.79],[48.63,-67.52],[49.05,-67.35],[48.47,-67.04],[49.25,-66.94],[50.01,-67.18],[50.61,-67.15],[50.52,-66.82],[50.24,-66.6],[50.33,-66.44],[50.94,-66.32],[51.88,-66.02],[52.96,-65.95],[53.67,-65.86],[55.29,-65.95],[56.36,-66.37],[56.86,-66.42],[57.19,-66.61],[56.45,-66.78],[56.39,-66.97],[56.76,-67.07],[57.63,-67.01],[58.74,-67.23],[59.25,-67.48],[60.48,-67.39],[61.31,-67.54],[62.69,-67.65],[63.7,-67.51],[64.57,-67.62],[66.49,-67.77],[67.17,-67.77],[68.33,-67.89],[68.9,-67.86],[69.42,-67.74],[69.98,-68.46],[69.53,-68.74],[69.63,-69.23],[68.88,-69.47],[69.19,-69.65],[69.08,-69.87],[68.18,-69.84],[67.27,-70.27],[67.94,-70.42],[69.25,-70.43],[69.19,-70.7],[68.87,-71.04],[68.04,-71.39],[67.43,-72],[66.89,-72.95],[66.57,-73.21],[67.32,-73.3],[67.97,-73.09],[67.97,-72.75],[68.42,-72.52],[69.55,-72.37],[70.62,-71.84],[71.28,-71.62],[71.46,-71.15],[71.9,-70.71],[72.26,-70.66],[72.76,-70.4],[72.82,-70.1],[73.32,-69.85],[73.94,-69.74],[74.57,-69.88],[75.64,-69.85],[75.89,-69.58],[76.36,-69.49],[77.19,-69.21],[77.82,-69.07],[78.49,-68.63],[78.73,-68.28],[79.29,-68.12],[82.02,-67.69],[82.61,-67.61],[83.3,-67.6],[83.49,-67.44],[84.49,-67.11],[85.71,-67.16],[86.12,-67.05],[86.75,-67.04],[87.98,-66.79],[89.7,-66.82],[90.55,-66.73],[91.02,-66.6],[92.07,-66.51],[92.73,-66.62],[93.07,-66.57],[93.96,-66.69],[94.84,-66.5],[95.54,-66.63],[96.42,-66.6],[97.1,-66.5],[97.72,-66.61],[98.26,-66.47],[98.86,-66.67],[99.37,-66.65],[100.89,-66.36],[101.47,-65.95],[102.17,-65.95],[102.67,-65.87],[103.64,-66],[103.95,-65.99],[106.39,-66.41],[107.17,-66.47],[108.16,-66.64],[108.38,-66.77],[109.46,-66.91],[109.82,-66.83],[110.62,-66.52],[110.59,-66.31],[110.91,-66.08],[111.45,-65.96],[113.1,-65.8],[113.71,-65.93],[114.34,-66.36],[115.08,-66.49],[115.64,-66.77],[115.27,-67.03],[113.99,-67.21],[114.03,-67.44],[114.93,-67.36],[115.38,-67.24],[116.71,-67.05],[117.74,-67.13],[118.14,-67.08],[119.28,-67.2],[119.13,-67.37],[121.49,-67.09],[122.18,-66.86],[124.2,-66.6],[124.6,-66.71],[125.1,-66.64],[125.4,-66.42],[125.87,-66.36],[126.66,-66.5],[126.87,-66.76],[127.54,-67.05],[127.97,-67.03],[128.43,-67.12],[129.24,-67.04],[129.74,-66.47],[130.12,-66.29],[130.95,-66.19],[131.83,-66.24],[132.32,-66.17],[132.87,-66.18],[133.44,-66.08],[134.18,-66.28],[134.29,-66.48],[134.97,-66.33],[135.35,-66.13],[136.19,-66.29],[136.55,-66.44],[136.89,-66.34],[137.75,-66.41],[138.14,-66.54],[139.24,-66.57],[139.9,-66.72],[140.9,-66.75],[141.29,-66.83],[141.97,-66.81],[142.33,-66.95],[142.89,-67],[143.45,-66.88],[144.35,-67.02],[144.62,-67.14],[143.94,-67.79],[144.4,-67.79],[145.13,-67.63],[145.98,-67.62],[146.83,-67.96],[146.8,-68.27],[147.09,-68.37],[148.46,-68.47],[148.88,-68.43],[150.34,-68.44],[151.07,-68.38],[151.14,-68.76],[151.56,-68.69],[152.55,-68.73],[153.08,-68.86],[153.71,-68.73],[153.78,-68.35],[154.2,-68.42],[154.99,-68.84],[155.52,-69.02],[156.49,-69.18],[157.05,-69.18],[157.48,-69.31],[158.16,-69.21],[159.78,-69.52],[160.13,-69.73],[160.21,-69.97],[160.65,-70.08],[161.04,-70.32],[161.42,-70.83],[162.04,-70.62],[162.22,-70.33],[162.67,-70.3],[163.35,-70.62],[164,-70.64],[164.4,-70.51],[165.85,-70.65],[166.63,-70.66],[167.57,-70.81],[168.17,-71.18],[168.8,-71.27],[170.16,-71.63],[170.86,-71.87],[170.22,-71.95],[169.77,-72.53],[169.83,-72.73],[169.55,-73.05],[167.16,-73.15],[167.62,-73.34],[167,-73.54],[166.16,-73.53],[166.11,-73.74],[164.78,-74.03],[165.3,-74.59],[164.17,-74.52],[163.17,-74.6],[162.6,-74.82],[162.53,-75.17],[162.09,-75.26],[162.35,-75.69],[162.82,-75.85],[162.44,-76.15],[162.73,-76.23],[162.76,-76.75],[162.45,-76.96],[163.09,-77.03],[163.61,-77.39],[163.77,-77.7],[164.42,-77.88],[163.98,-78.22],[164.63,-78.32],[165.66,-78.31],[166.12,-78.57],[164.63,-78.6],[162.9,-78.84],[161.95,-79.03],[161.19,-78.98],[160.48,-79.2],[160.65,-79.43],[159.98,-79.59],[160.56,-80.01],[158.77,-80.29],[159.07,-80.44],[160.54,-80.42],[160.83,-80.73],[160.72,-81.2],[161.58,-81.61],[162.82,-81.87],[163.68,-82.19],[164.75,-82.35],[167.12,-82.8],[167.3,-82.99],[168.61,-83.07],[168.11,-83.36],[170.33,-83.48],[175.32,-83.94],[180,-84.35],[180,-90],[178.59,-90],[177.19,-90],[175.78,-90],[174.38,-90],[172.97,-90],[171.56,-90],[170.16,-90],[168.75,-90],[167.34,-90],[165.94,-90],[164.53,-90],[163.13,-90],[161.72,-90],[160.31,-90],[158.91,-90],[157.5,-90],[156.09,-90],[154.69,-90],[153.28,-90],[151.88,-90],[150.47,-90],[149.06,-90],[147.66,-90],[146.25,-90],[144.84,-90],[143.44,-90],[142.03,-90],[140.63,-90],[139.22,-90],[137.81,-90],[136.41,-90],[135,-90],[133.59,-90],[132.19,-90],[130.78,-90],[129.38,-90],[127.97,-90],[126.56,-90],[125.16,-90],[123.75,-90],[122.34,-90],[120.94,-90],[119.53,-90],[118.13,-90],[116.72,-90],[115.31,-90],[113.91,-90],[112.5,-90],[111.09,-90],[109.69,-90],[108.28,-90],[106.88,-90],[105.47,-90],[104.06,-90],[102.66,-90],[101.25,-90],[99.84,-90],[98.44,-90],[97.03,-90],[95.63,-90],[94.22,-90],[92.81,-90],[91.41,-90],[90,-90],[88.59,-90],[87.19,-90],[85.78,-90],[84.38,-90],[82.97,-90],[81.56,-90],[80.16,-90],[78.75,-90],[77.34,-90],[75.94,-90],[74.53,-90],[73.13,-90],[71.72,-90],[70.31,-90],[68.91,-90],[67.5,-90],[66.09,-90],[64.69,-90],[63.28,-90],[61.88,-90],[60.47,-90],[59.06,-90],[57.66,-90],[56.25,-90],[54.84,-90],[53.44,-90],[52.03,-90],[50.63,-90],[49.22,-90],[47.81,-90],[46.41,-90],[45,-90],[43.59,-90],[42.19,-90],[40.78,-90],[39.38,-90],[37.97,-90],[36.56,-90],[35.16,-90],[33.75,-90],[32.34,-90],[30.94,-90],[29.53,-90],[28.12,-90],[26.72,-90],[25.31,-90],[23.91,-90],[22.5,-90],[21.09,-90],[19.69,-90],[18.28,-90],[16.88,-90],[15.47,-90],[14.06,-90],[12.66,-90],[11.25,-90],[9.84,-90],[8.44,-90],[7.03,-90],[5.63,-90],[4.22,-90],[2.81,-90],[1.41,-90],[0,-90],[-1.41,-90],[-2.81,-90],[-4.22,-90],[-5.63,-90],[-7.03,-90],[-8.44,-90],[-9.84,-90],[-11.25,-90],[-12.66,-90],[-14.06,-90],[-15.47,-90],[-16.87,-90],[-18.28,-90],[-19.69,-90],[-21.09,-90],[-22.5,-90],[-23.91,-90],[-25.31,-90],[-26.72,-90],[-28.12,-90],[-29.53,-90],[-30.94,-90],[-32.34,-90],[-33.75,-90],[-35.16,-90],[-36.56,-90],[-37.97,-90],[-39.37,-90],[-40.78,-90],[-42.19,-90],[-43.59,-90],[-45,-90],[-46.41,-90],[-47.81,-90],[-49.22,-90],[-50.62,-90],[-52.03,-90],[-53.44,-90],[-54.84,-90],[-56.25,-90],[-57.66,-90],[-59.06,-90],[-60.47,-90],[-61.87,-90],[-63.28,-90],[-64.69,-90],[-66.09,-90],[-67.5,-90],[-68.91,-90],[-70.31,-90],[-71.72,-90],[-73.12,-90],[-74.53,-90],[-75.94,-90],[-77.34,-90],[-78.75,-90],[-80.16,-90],[-81.56,-90],[-82.97,-90],[-84.37,-90],[-85.78,-90],[-87.19,-90],[-88.59,-90],[-90,-90],[-91.41,-90],[-92.81,-90],[-94.22,-90],[-95.62,-90],[-97.03,-90],[-98.44,-90],[-99.84,-90],[-101.25,-90],[-102.66,-90],[-104.06,-90],[-105.47,-90],[-106.87,-90],[-108.28,-90],[-109.69,-90],[-111.09,-90],[-112.5,-90],[-113.91,-90],[-115.31,-90],[-116.72,-90],[-118.12,-90],[-119.53,-90],[-120.94,-90],[-122.34,-90],[-123.75,-90],[-125.16,-90],[-126.56,-90],[-127.97,-90],[-129.37,-90],[-130.78,-90],[-132.19,-90],[-133.59,-90],[-135,-90],[-136.41,-90],[-137.81,-90],[-139.22,-90],[-140.62,-90],[-142.03,-90],[-143.44,-90],[-144.84,-90],[-146.25,-90],[-147.66,-90],[-149.06,-90],[-150.47,-90],[-151.87,-90],[-153.28,-90],[-154.69,-90],[-156.09,-90],[-157.5,-90],[-158.91,-90],[-160.31,-90],[-161.72,-90],[-163.12,-90],[-164.53,-90],[-165.94,-90],[-167.34,-90],[-168.75,-90],[-170.16,-90],[-171.56,-90],[-172.97,-90],[-174.37,-90],[-175.78,-90],[-177.19,-90],[-178.59,-90],[-180,-90],[-180,-89.58],[-180,-89.29],[-180,-88.59],[-180,-87.88],[-180,-87.18],[-180,-86.47],[-180,-85.76],[-180,-85.06],[-180,-84.35],[-178.39,-84.34],[-171.7,-84.54],[-168.67,-84.68],[-166.91,-84.82],[-162.93,-84.9],[-157.13,-85.19],[-156.99,-84.81],[-163.57,-84.53],[-164.69,-84.15],[-164.01,-84.02],[-164.95,-83.81],[-167.55,-83.81],[-169.17,-83.45],[-171.19,-83.26],[-172.85,-82.92],[-171.82,-82.85],[-168.42,-83.23],[-166.22,-83.2],[-163.11,-83.33],[-162.2,-83.52],[-159.44,-83.54],[-157.43,-83.35],[-157.68,-83.13],[-155.46,-82.98],[-155.15,-82.86],[-153.01,-82.45],[-154.72,-81.94],[-154.06,-81.77],[-154.91,-81.51],[-157.03,-81.32],[-155.92,-81.13],[-148.12,-80.9],[-150.13,-80.51],[-150.58,-80.35],[-150.22,-80.15],[-148.32,-80.07],[-148.18,-79.78],[-150.49,-79.55],[-152.09,-79.24],[-152.24,-79.1],[-153.52,-79.12],[-155.21,-78.96],[-156.47,-78.64],[-155.92,-78.51],[-154.72,-78.4],[-155.34,-78.19],[-157.27,-78.2],[-158.29,-77.95],[-158.5,-77.78],[-158.23,-77.5],[-158.21,-77.16],[-156.67,-77.21],[-155.92,-77.1],[-154.81,-77.13],[-153.91,-77.23],[-153.46,-77.42],[-152,-77.41],[-149.72,-77.8],[-148.34,-77.55],[-148.74,-77.34],[-146.93,-77.26],[-146.39,-77.47],[-145.6,-77.46],[-145.93,-77.03],[-145.75,-76.75],[-147.34,-76.44],[-148.6,-76.49],[-148.89,-76.27],[-148.32,-76.1],[-145.89,-76.42],[-145.64,-76.33],[-146.38,-76.1],[-145.99,-75.89],[-145.11,-75.88],[-143.57,-75.56],[-142.33,-75.49],[-141.22,-75.55],[-140.29,-75.41],[-139.69,-75.21],[-137.62,-75.08],[-136.55,-75.14],[-136.23,-74.84],[-135.36,-74.69],[-134.84,-74.69],[-134.12,-74.83],[-133.47,-74.85],[-132.05,-74.77],[-129.79,-74.89],[-127.86,-74.72],[-125.35,-74.71],[-123.89,-74.77],[-121.54,-74.75],[-119.68,-74.65],[-118.66,-74.39],[-117.07,-74.47],[-115.11,-74.46],[-114.79,-73.99],[-114.35,-73.92],[-113.51,-74.09],[-114.11,-74.98],[-111.7,-74.79],[-111.81,-74.27],[-111.18,-74.19],[-110.31,-74.37],[-110.3,-74.71],[-111.46,-75.13],[-111.1,-75.19],[-109.27,-75.19],[-107.8,-75.32],[-106.62,-75.34],[-104.9,-75.12],[-103.42,-75.1],[-101.71,-75.13],[-101.3,-75.37],[-99.53,-75.31],[-98.56,-75.19],[-100.26,-74.82],[-100.12,-74.52],[-101.25,-74.49],[-101.72,-74.02],[-102.77,-73.88],[-102.8,-73.65],[-102.04,-73.63],[-100.99,-73.76],[-99.78,-73.72],[-99.2,-73.57],[-100.44,-73.35],[-102.91,-73.29],[-103.37,-72.82],[-102.48,-72.74],[-102.41,-72.99],[-101.68,-73.03],[-100.82,-72.98],[-98.01,-73.03],[-96.68,-73.27],[-96.15,-73.31],[-95.24,-73.22],[-94.25,-73.31],[-92.83,-73.16],[-90.92,-73.32],[-90.43,-73.24],[-90.3,-72.98],[-89.13,-72.69],[-88.19,-72.79],[-88.56,-73.12],[-88.42,-73.23],[-87.4,-73.19],[-86.6,-73.35],[-85.8,-73.19],[-84.98,-73.5],[-84.21,-73.57],[-83.56,-73.71],[-82.82,-73.73],[-82.18,-73.86],[-81.31,-73.74],[-81.26,-73.31],[-80.44,-73.22],[-80.44,-72.94],[-79.52,-73.09],[-78.41,-73.56],[-76.85,-73.46],[-77.03,-73.72],[-76.29,-73.81],[-75.29,-73.64],[-74,-73.7],[-72.93,-73.45],[-72.38,-73.44],[-71.02,-73.26],[-70.32,-73.27],[-68.82,-73.11],[-68,-72.94],[-67.31,-72.61],[-66.83,-72.09],[-67.46,-71.53],[-67.5,-71.06],[-67.89,-70.42],[-68.4,-70.02],[-68.47,-69.64],[-68.71,-69.43],[-68.14,-69.35],[-67.37,-69.41],[-66.97,-69.16],[-67.39,-68.86],[-66.79,-68.24],[-67.15,-68.02],[-66.7,-67.53],[-67.59,-67.44],[-67.49,-67.11],[-66.46,-66.88],[-66.31,-66.59],[-65.85,-66.65],[-65.62,-66.14],[-65.27,-65.99],[-64.65,-65.87],[-64.07,-65.55],[-64.04,-65.18],[-63.76,-65.03],[-63.12,-64.94],[-62.58,-64.76],[-62.14,-64.73],[-61.5,-64.55],[-60.86,-64.07],[-60.28,-63.92],[-59.51,-63.82],[-58.87,-63.55],[-58.22,-63.45],[-57.39,-63.23],[-57.02,-63.37]]],[[[-45.22,-78.81],[-43.72,-78.82],[-42.97,-79.48],[-42.99,-79.8],[-43.53,-80.19],[-49.19,-80.64],[-49.77,-80.78],[-54.16,-80.87],[-54.35,-80.57],[-53.48,-80.19],[-52.3,-80.14],[-50.66,-79.63],[-50.29,-79.43],[-50.73,-79.28],[-50.22,-78.61],[-49.08,-78.05],[-47.69,-77.84],[-46.26,-77.8],[-44.34,-78.09],[-43.78,-78.34],[-43.95,-78.6],[-45.07,-78.66],[-45.22,-78.81]]],[[[-59.73,-80.34],[-59.77,-80.66],[-60.58,-80.95],[-62.02,-80.89],[-64.07,-80.65],[-65.2,-80.61],[-65.98,-80.38],[-62.23,-80.37],[-61.31,-80.31],[-61.68,-80.02],[-60.58,-79.74],[-59.71,-79.88],[-59.73,-80.34]]],[[[-70.05,-69.19],[-69.71,-69.32],[-69.42,-69.58],[-69.09,-70.09],[-68.46,-70.68],[-68.31,-70.91],[-68.24,-71.82],[-68.46,-72.09],[-69.21,-72.53],[-70.54,-72.66],[-70.92,-72.61],[-72.37,-72.67],[-73.09,-72.41],[-72.62,-72.28],[-71.61,-72.36],[-70.43,-72.32],[-70.82,-71.91],[-71.82,-71.82],[-72.41,-71.66],[-72.93,-71.92],[-73.9,-72.15],[-74.79,-72.06],[-75.35,-71.88],[-75.29,-71.61],[-74.19,-71.38],[-73.4,-71.32],[-72.62,-71.39],[-72.36,-71.07],[-71.72,-71.15],[-71.19,-70.98],[-70.27,-70.96],[-70.2,-70.85],[-71.17,-70.71],[-71.06,-70.54],[-70.09,-70.35],[-70.33,-70.16],[-71.12,-70.2],[-71.7,-70.07],[-71.87,-69.85],[-71.74,-69.42],[-72.14,-69.11],[-71.87,-68.94],[-70.42,-68.79],[-70.11,-68.96],[-70.05,-69.19]]],[[[-98.09,-71.91],[-97.92,-72.12],[-96.87,-71.85],[-96.12,-71.9],[-95.61,-72.07],[-95.58,-72.41],[-96.05,-72.58],[-97.25,-72.52],[-98.41,-72.55],[-100.36,-72.28],[-102.26,-72.14],[-102.13,-71.99],[-100.08,-71.84],[-99.25,-71.97],[-98.62,-71.76],[-98.09,-71.91]]],[[[-120.56,-73.76],[-120.27,-73.99],[-120.99,-74.16],[-121.06,-74.34],[-122.29,-74.4],[-122.86,-74.34],[-122.88,-74.1],[-122.44,-73.68],[-120.56,-73.76]]],[[[-126.33,-73.29],[-125.63,-73.45],[-124.99,-73.83],[-124.13,-73.83],[-123.84,-74.23],[-124.87,-74.21],[-126.47,-73.81],[-127.01,-73.73],[-127.41,-73.52],[-127.27,-73.3],[-126.33,-73.29]]],[[[-159.05,-79.81],[-160.3,-79.84],[-161.87,-79.7],[-163.97,-79.39],[-164.13,-79],[-163.26,-78.72],[-162.16,-78.79],[-159.68,-79.4],[-159.05,-79.81]]],[[[167.08,-77.32],[167.46,-77.39],[169.28,-77.45],[168.75,-77.65],[167.92,-77.64],[166.65,-77.77],[166.24,-77.55],[167.08,-77.32]]],[[[-33.93,-79.32],[-36.48,-79.29],[-35.53,-79.09],[-33.93,-79.32]]],[[[-70.33,-79.68],[-71.41,-79.64],[-71.78,-79.44],[-71.25,-79.06],[-70.54,-78.88],[-67.48,-78.36],[-67.48,-78.68],[-69.25,-79.21],[-69.73,-79.62],[-70.33,-79.68]]],[[[-63.18,-64.47],[-63.03,-64.61],[-63.65,-64.8],[-64.27,-64.7],[-64.17,-64.58],[-63.23,-64.32],[-63.18,-64.47]]],[[[-67.99,-67.47],[-68.51,-67.71],[-68.9,-67.74],[-69.13,-67.45],[-68.34,-66.8],[-67.93,-66.84],[-67.97,-67.03],[-67.69,-67.15],[-68.18,-67.34],[-67.99,-67.47]]],[[[-73.71,-70.64],[-73.69,-70.79],[-74.81,-71.01],[-76.18,-71.13],[-76.25,-70.86],[-75.21,-70.77],[-74.79,-70.63],[-74.04,-70.55],[-73.71,-70.64]]],[[[-74.99,-69.73],[-74.44,-69.95],[-74.85,-70.18],[-75.73,-70.1],[-75.68,-69.88],[-74.99,-69.73]]],[[[-74.35,-73.1],[-74.67,-73.28],[-74.37,-73.46],[-74.57,-73.61],[-75.9,-73.33],[-76.02,-73.09],[-75.44,-72.99],[-75.38,-72.82],[-74.47,-72.89],[-74.35,-73.1]]],[[[-91.16,-73.18],[-91.67,-72.62],[-90.81,-72.61],[-90.78,-72.99],[-91.16,-73.18]]],[[[100.98,-65.68],[100.35,-65.67],[100.32,-65.52],[100.88,-65.38],[101.22,-65.47],[100.98,-65.68]]],[[[26.86,-70.38],[26.01,-70.37],[25.98,-70.2],[26.69,-70.11],[26.86,-70.38]]],[[[-66.17,-80.08],[-66.9,-79.91],[-66.98,-79.57],[-66.01,-79.62],[-65.5,-79.95],[-66.17,-80.08]]],[[[-119.55,-74.11],[-119.8,-73.81],[-118.96,-73.81],[-119.06,-74],[-119.55,-74.11]]],[[[-160.47,-81.59],[-163.25,-81.48],[-162.46,-81.31],[-160.94,-81.46],[-160.47,-81.59]]],[[[16.22,-70.01],[15.61,-69.94],[15.7,-69.77],[16.25,-69.7],[16.22,-70.01]]],[[[-2.53,-70.77],[-2.09,-70.82],[-2.61,-71.14],[-3.01,-70.85],[-2.53,-70.77]]]]},"properties":{"iso_a3":"ATA"}},{"type":"Feature","geometry":{"type":"Polygon","coordinates":[[[69.18,-49.11],[69.57,-49.13],[69.77,-49.25],[69.98,-49.16],[70.48,-49.08],[70.56,-49.2],[70.34,-49.44],[69.92,-49.35],[69.61,-49.65],[68.87,-49.44],[68.77,-49.07],[69.18,-49.11]]]},"properties":{"iso_a3":"ATF"}},{"type":"Feature","geometry":{"type":"Polygon","coordinates":[[[-61.72,17.04],[-61.86,17.01],[-61.89,17.1],[-61.82,17.17],[-61.72,17.04]]]},"properties":{"iso_a3":"ATG"}},{"type":"Feature","geometry":{"type":"MultiPolygon","coordinates":[[[[143.18,-11.95],[143.11,-12.3],[143.25,-12.4],[143.4,-12.64],[143.59,-13.44],[143.55,-13.74],[143.76,-14.35],[143.96,-14.46],[144.21,-14.3],[144.47,-14.23],[144.65,-14.49],[145.29,-14.94],[145.25,-15.1],[145.27,-15.48],[145.46,-16.06],[145.43,-16.41],[145.9,-17.07],[146.13,-17.64],[146.02,-18.18],[146.22,-18.51],[146.33,-18.55],[146.3,-18.84],[146.48,-19.08],[147.14,-19.39],[147.42,-19.38],[147.74,-19.77],[148.08,-19.9],[148.37,-20.09],[148.53,-20.11],[148.76,-20.29],[148.68,-20.58],[148.79,-20.74],[149.2,-21.13],[149.33,-21.48],[149.45,-21.58],[149.46,-21.77],[149.6,-22.26],[149.7,-22.44],[150.08,-22.16],[150.23,-22.37],[150.54,-22.56],[150.76,-22.58],[150.78,-23.18],[150.84,-23.46],[151.15,-23.78],[151.5,-24.01],[151.69,-24.04],[151.9,-24.2],[152.13,-24.6],[152.46,-24.8],[152.65,-25.2],[152.91,-25.43],[152.98,-25.82],[153.16,-25.96],[153.08,-26.3],[153.16,-26.98],[153.12,-27.19],[153.39,-27.77],[153.45,-28.05],[153.58,-28.24],[153.6,-28.85],[153.35,-29.29],[153.35,-29.5],[153.19,-30.16],[153.03,-30.56],[153.05,-30.91],[152.94,-31.43],[152.79,-31.79],[152.56,-32.05],[152.47,-32.44],[152.16,-32.76],[151.81,-32.9],[151.48,-33.35],[151.32,-33.7],[151.23,-34.03],[150.96,-34.3],[150.87,-34.5],[150.69,-35.18],[150.57,-35.21],[150.2,-35.83],[150.06,-36.55],[149.96,-36.85],[149.99,-37.26],[149.93,-37.53],[149.57,-37.73],[149.3,-37.8],[148.94,-37.79],[148.26,-37.83],[147.88,-37.93],[147.4,-38.22],[146.86,-38.66],[146.44,-38.71],[146.16,-38.87],[145.94,-38.9],[145.79,-38.67],[145.4,-38.54],[145.54,-38.39],[145.29,-38.24],[144.89,-37.9],[144.54,-38.08],[144.67,-38.21],[144.1,-38.46],[143.81,-38.7],[143.54,-38.82],[143.23,-38.74],[142.61,-38.45],[142.19,-38.4],[141.73,-38.27],[141.42,-38.36],[141.01,-38.08],[140.63,-38.03],[140.39,-37.9],[140.21,-37.64],[139.78,-37.25],[139.74,-37.06],[139.86,-36.66],[139.73,-36.37],[139.47,-36.01],[139.04,-35.69],[138.92,-35.49],[138.52,-35.64],[138.18,-35.61],[138.4,-35.33],[138.51,-35.02],[138.49,-34.76],[138.09,-34.17],[137.92,-34.46],[137.87,-34.73],[137.69,-35.14],[137.46,-35.13],[137.14,-35.24],[136.88,-35.24],[137.01,-34.92],[137.39,-34.91],[137.49,-34.6],[137.49,-34.16],[137.65,-33.86],[137.93,-33.58],[137.85,-33.2],[137.99,-33.09],[137.91,-32.77],[137.44,-33.19],[137.24,-33.63],[136.94,-33.75],[136.43,-34.03],[136.12,-34.43],[135.65,-34.94],[135.41,-34.72],[135.45,-34.58],[135.19,-33.91],[134.89,-33.63],[134.79,-33.33],[134.61,-33.19],[134.3,-33.17],[134.1,-32.75],[134.23,-32.55],[133.55,-32.18],[133.21,-32.18],[132.76,-31.96],[132.21,-32.01],[131.72,-31.7],[131.39,-31.55],[131.14,-31.5],[130.78,-31.6],[130.13,-31.58],[128.95,-31.7],[128.07,-32.07],[127.32,-32.26],[126.78,-32.31],[126.14,-32.26],[125.92,-32.3],[125.57,-32.51],[125.27,-32.61],[124.76,-32.88],[124.37,-32.96],[124.13,-33.13],[123.87,-33.6],[123.65,-33.84],[123.21,-33.99],[123.07,-33.9],[122.78,-33.89],[122.15,-33.99],[122.06,-33.87],[121.41,-33.83],[120.81,-33.87],[120.42,-33.96],[119.85,-33.97],[119.64,-34.1],[119.45,-34.37],[119.25,-34.46],[118.9,-34.48],[118.14,-34.99],[117.58,-35.1],[117.14,-35.03],[116.52,-34.99],[115.99,-34.8],[115.73,-34.53],[115.28,-34.3],[115.01,-34.26],[114.97,-34.05],[114.99,-33.52],[115.18,-33.64],[115.52,-33.53],[115.68,-33.19],[115.62,-32.67],[115.71,-32.57],[115.74,-31.89],[115.7,-31.69],[115.18,-30.81],[114.99,-30.22],[114.94,-29.72],[114.96,-29.43],[114.86,-29.14],[114.63,-28.87],[114.54,-28.54],[114.17,-28.08],[114.1,-27.54],[114.03,-27.35],[113.71,-26.85],[113.73,-26.6],[113.85,-26.33],[113.59,-26.1],[113.4,-25.71],[113.54,-25.63],[113.71,-25.83],[113.68,-26.05],[114.09,-26.39],[114.22,-26.29],[114.21,-25.85],[113.99,-25.54],[113.67,-24.98],[113.42,-24.44],[113.42,-24.13],[113.55,-23.73],[113.76,-23.42],[113.8,-22.91],[113.68,-22.64],[113.96,-21.94],[114.16,-22.32],[114.38,-22.34],[114.71,-21.82],[115.46,-21.49],[116.01,-21.03],[116.71,-20.65],[117.14,-20.64],[117.41,-20.72],[117.68,-20.64],[118.2,-20.38],[118.75,-20.26],[119.1,-20],[119.59,-20.04],[119.77,-19.96],[120.2,-19.91],[120.88,-19.67],[121.18,-19.48],[121.49,-19.11],[121.78,-18.54],[122.01,-18.39],[122.36,-18.04],[122.24,-17.97],[122.15,-17.55],[122.16,-17.31],[122.43,-16.97],[122.72,-16.79],[122.92,-16.43],[123.27,-17.04],[123.38,-17.29],[123.61,-17.22],[123.87,-16.92],[123.61,-16.67],[123.58,-16.47],[124.13,-16.28],[124.3,-16.39],[124.43,-16.1],[124.38,-15.76],[124.44,-15.49],[124.56,-15.5],[124.84,-15.16],[125.24,-14.94],[125.18,-14.71],[125.68,-14.39],[126.02,-14.49],[126.05,-13.98],[126.57,-14.16],[126.78,-13.96],[126.9,-13.74],[127.29,-13.93],[127.67,-14.2],[127.89,-14.49],[128.18,-14.71],[129.06,-14.88],[129.46,-14.93],[129.75,-14.79],[129.61,-14.56],[129.38,-14.39],[129.46,-14.21],[129.71,-13.98],[129.84,-13.57],[130.14,-13.45],[130.26,-13.3],[130.13,-13.15],[130.17,-12.96],[130.32,-12.88],[130.4,-12.69],[130.62,-12.65],[131.02,-12.21],[131.22,-12.18],[131.44,-12.28],[131.89,-12.23],[132.06,-12.28],[132.37,-12.24],[132.63,-12.04],[132.67,-11.65],[132.48,-11.49],[132.13,-11.5],[131.81,-11.27],[131.96,-11.18],[132.16,-11.31],[132.26,-11.2],[132.56,-11.37],[132.68,-11.51],[132.86,-11.39],[133.02,-11.45],[133.19,-11.71],[133.53,-11.82],[133.9,-11.83],[134.24,-12.01],[134.54,-12.06],[134.73,-11.98],[135.03,-12.19],[135.22,-12.22],[135.7,-12.15],[136.01,-12.19],[136.08,-12.42],[136.33,-12.31],[136.27,-12.13],[136.54,-11.96],[136.72,-12.23],[136.95,-12.35],[136.54,-12.78],[136.59,-13],[136.46,-13.23],[136.29,-13.14],[135.93,-13.3],[135.93,-13.62],[135.99,-13.81],[135.88,-14.15],[135.74,-14.29],[135.41,-14.76],[135.53,-15],[136.21,-15.4],[136.29,-15.57],[136.58,-15.71],[136.78,-15.89],[137,-15.88],[137.3,-16.07],[137.7,-16.23],[137.91,-16.48],[138.25,-16.72],[138.63,-16.78],[139.01,-16.9],[139.25,-17.33],[139.44,-17.38],[140.04,-17.7],[140.51,-17.62],[140.83,-17.41],[140.97,-17.01],[141.22,-16.65],[141.41,-16.07],[141.45,-15.61],[141.63,-15.06],[141.52,-14.47],[141.59,-14.15],[141.48,-13.93],[141.53,-13.55],[141.65,-13.26],[141.61,-12.94],[141.88,-12.61],[141.68,-12.49],[141.81,-12.08],[141.95,-11.9],[142.14,-11.27],[142.17,-10.95],[142.55,-10.87],[142.72,-11.01],[142.84,-11.31],[142.87,-11.82],[143.18,-11.95]]],[[[136.71,-13.8],[136.75,-14.07],[136.46,-14.23],[136.42,-13.86],[136.58,-13.72],[136.71,-13.8]]],[[[130.46,-11.68],[130.32,-11.77],[130.15,-11.48],[130.34,-11.34],[130.46,-11.68]]],[[[130.62,-11.38],[131.32,-11.25],[131.54,-11.44],[131.29,-11.71],[130.95,-11.93],[130.64,-11.74],[130.42,-11.45],[130.62,-11.38]]],[[[137.6,-35.74],[138.05,-35.76],[138.01,-35.91],[137.67,-35.9],[137.45,-36.07],[136.76,-36.03],[136.54,-35.89],[136.64,-35.75],[137.33,-35.59],[137.6,-35.74]]],[[[145.04,-40.79],[145.28,-40.77],[145.82,-41.02],[146.32,-41.16],[146.57,-41.14],[146.99,-40.99],[147.45,-41],[147.62,-40.84],[147.97,-40.78],[148.29,-40.95],[148.3,-42.04],[148.02,-42.26],[147.92,-42.57],[147.98,-43.16],[147.79,-43.22],[147.65,-43.02],[147.32,-43.01],[147.25,-43.22],[147.08,-43.28],[146.87,-43.61],[146.55,-43.51],[146.04,-43.55],[145.98,-43.28],[145.8,-43.24],[145.49,-42.93],[145.27,-42.54],[145.2,-42.23],[145.24,-42.02],[144.78,-41.42],[144.66,-41.08],[144.71,-40.78],[145.04,-40.79]]],[[[143.93,-40.12],[143.86,-39.74],[144.09,-39.64],[144.14,-39.95],[143.93,-40.12]]],[[[148,-39.76],[148.3,-39.99],[148.32,-40.14],[148.07,-40.24],[147.84,-39.83],[148,-39.76]]]]},"properties":{"iso_a3":"AUS"}},{"type":"Feature","geometry":{"type":"Polygon","coordinates":[[[9.53,47.27],[9.52,47.52],[9.75,47.58],[10.31,47.31],[10.43,47.54],[10.87,47.52],[10.98,47.4],[11.3,47.42],[11.72,47.58],[13.03,47.7],[12.81,48.16],[13.41,48.39],[13.46,48.56],[13.79,48.59],[13.81,48.77],[14.05,48.6],[14.69,48.6],[14.97,48.98],[15.4,48.96],[16.06,48.75],[16.54,48.8],[16.95,48.6],[16.86,48.44],[17.15,48.01],[17.07,47.71],[16.64,47.61],[16.43,47.37],[16.46,47.02],[16.09,46.86],[15.96,46.68],[14.89,46.61],[14.5,46.42],[13.7,46.52],[13.17,46.57],[12.39,46.7],[12.13,46.98],[11.24,46.98],[11.03,46.8],[10.45,46.86],[10.13,46.85],[9.85,47.01],[9.58,47.06],[9.53,47.27]]]},"properties":{"iso_a3":"AUT"}},{"type":"Feature","geometry":{"type":"MultiPolygon","coordinates":[[[[44.82,39.65],[44.77,39.7],[45.03,39.77],[45.46,39.49],[45.77,39.38],[46.11,38.88],[45.58,38.97],[45.14,39.25],[44.82,39.65]]],[[[48.87,38.44],[48.59,38.41],[48.02,38.82],[48.28,39.45],[48,39.68],[47.77,39.65],[46.85,39.15],[46.49,38.91],[46.51,39.3],[46.2,39.59],[45.66,39.96],[45.86,40.01],[45.96,40.23],[45.57,40.42],[45.38,40.64],[45.59,40.85],[45.27,41.01],[45,41.29],[45.28,41.45],[45.72,41.34],[45.79,41.22],[46.17,41.2],[46.46,41.07],[46.67,41.29],[46.31,41.51],[46.18,41.66],[46.43,41.89],[46.75,41.81],[47.21,41.46],[47.26,41.32],[47.52,41.23],[47.86,41.21],[48.06,41.46],[48.39,41.6],[48.57,41.84],[49.11,41.3],[49.23,41.03],[49.46,40.8],[49.78,40.58],[49.99,40.58],[50.31,40.41],[49.55,40.19],[49.32,39.61],[49.36,39.35],[49.2,39.07],[49.01,39.13],[48.85,38.84],[48.87,38.44]]]]},"properties":{"iso_a3":"AZE"}},{"type":"Feature","geometry":{"type":"Polygon","coordinates":[[[30.55,-2.4],[30.42,-2.64],[30.52,-2.92],[30.78,-2.98],[30.79,-3.27],[30.43,-3.59],[30.15,-4.09],[29.95,-4.31],[29.72,-4.46],[29.4,-4.45],[29.33,-4.1],[29.22,-3.91],[29.22,-3.05],[29.01,-2.72],[29.06,-2.6],[29.3,-2.67],[29.46,-2.81],[29.87,-2.72],[29.93,-2.34],[30.12,-2.42],[30.41,-2.31],[30.55,-2.4]]]},"properties":{"iso_a3":"BDI"}},{"type":"Feature","geometry":{"type":"MultiPolygon","coordinates":[[[[4.23,51.39],[4.5,51.47],[5.48,51.29],[5.83,51.13],[5.67,50.81],[5.11,50.71],[4.71,50.8],[4.29,50.71],[3.7,50.77],[3.15,50.75],[3.02,50.77],[2.86,50.72],[2.67,50.81],[2.52,51.1],[3.35,51.38],[3.4,51.26],[4.04,51.25],[4.23,51.39]]],[[[5.67,50.81],[5.99,50.75],[6.24,50.6],[6.36,50.32],[6.12,50.12],[5.74,49.92],[5.88,49.64],[5.79,49.54],[5.51,49.51],[5.28,49.68],[4.87,49.79],[4.66,50],[4.18,49.96],[4.17,50.25],[3.63,50.46],[3.27,50.53],[3.15,50.75],[3.7,50.77],[4.29,50.71],[4.71,50.8],[5.11,50.71],[5.67,50.81]]]]},"properties":{"iso_a3":"BEL"}},{"type":"Feature","geometry":{"type":"Polygon","coordinates":[[[1.62,6.22],[1.78,6.29],[1.58,6.69],[1.62,7],[1.62,8.27],[1.6,9.05],[1.42,9.29],[1.35,9.57],[1.33,10],[0.79,10.35],[0.79,10.71],[0.9,10.99],[1.06,11.06],[1.15,11.25],[1.28,11.27],[1.43,11.45],[1.6,11.4],[1.98,11.42],[2.29,11.69],[2.39,11.9],[2.36,12.19],[2.88,12.37],[3.36,11.88],[3.6,11.7],[3.49,11.4],[3.72,11.08],[3.83,10.65],[3.78,10.44],[3.58,10.27],[3.65,10.16],[3.56,9.91],[3.33,9.78],[3.33,9.67],[3.14,9.45],[3.04,9.08],[2.77,9.05],[2.73,8.78],[2.69,7.87],[2.75,7.4],[2.72,6.98],[2.77,6.71],[2.71,6.37],[2.29,6.33],[1.62,6.22]]]},"properties":{"iso_a3":"BEN"}},{"type":"Feature","geometry":{"type":"Polygon","coordinates":[[[-68.21,12.14],[-68.29,12.17],[-68.35,12.23],[-68.37,12.3],[-68.22,12.23],[-68.21,12.14]]]},"properties":{"iso_a3":"BES"}},{"type":"Feature","geometry":{"type":"Polygon","coordinates":[[[0.9,10.99],[0.48,10.99],[-0.07,11.12],[-0.3,11.17],[-0.63,10.93],[-0.7,10.99],[-1.54,11.02],[-1.9,10.99],[-2.83,11],[-2.91,10.73],[-2.75,9.91],[-2.77,9.66],[-2.7,9.48],[-2.88,9.5],[-2.99,9.69],[-3.22,9.9],[-3.79,9.92],[-4.27,9.74],[-4.33,9.65],[-4.63,9.71],[-4.97,9.93],[-5.1,10.24],[-5.38,10.31],[-5.52,10.43],[-5.46,10.77],[-5.49,11.04],[-5.3,11.21],[-5.23,11.52],[-5.29,11.83],[-5.11,11.97],[-4.63,12.12],[-4.43,12.34],[-4.42,12.58],[-4.23,12.79],[-4.33,13.12],[-4.05,13.38],[-3.85,13.37],[-3.53,13.18],[-3.3,13.28],[-3.27,13.58],[-3.04,13.64],[-2.78,14.07],[-2.46,14.27],[-2.11,14.17],[-1.97,14.46],[-1.77,14.49],[-1.05,14.82],[-0.76,15.05],[-0.24,15.06],[0.22,14.91],[0.16,14.5],[0.38,14.25],[0.35,14.14],[0.62,13.7],[0.9,13.61],[1.02,13.47],[0.97,13.17],[1.1,13],[1.56,12.64],[1.79,12.61],[2.1,12.7],[2.23,12.47],[2.07,12.31],[2.39,11.9],[2.29,11.69],[1.98,11.42],[1.6,11.4],[1.43,11.45],[1.28,11.27],[1.15,11.25],[1.06,11.06],[0.9,10.99]]]},"properties":{"iso_a3":"BFA"}},{"type":"Feature","geometry":{"type":"Polygon","coordinates":[[[89.05,22.09],[89.05,22.27],[88.92,22.63],[88.85,23.04],[88.72,23.25],[88.74,23.44],[88.57,23.67],[88.7,24],[88.72,24.27],[88.15,24.49],[88.02,24.63],[88.15,24.91],[88.31,24.88],[88.46,25.19],[88.89,25.19],[88.77,25.49],[88.45,25.57],[88.08,25.89],[88.15,26.09],[88.44,26.37],[89.11,26.2],[89.47,25.98],[89.71,26.17],[89.82,25.94],[89.83,25.29],[90.25,25.18],[90.73,25.16],[91.29,25.18],[91.48,25.14],[92.05,25.17],[92.37,25.02],[92.06,24.37],[91.88,24.2],[91.39,24.1],[91.23,23.92],[91.16,23.66],[91.25,23.37],[91.44,23.2],[91.55,22.99],[91.77,23.11],[91.75,23.29],[91.94,23.5],[91.93,23.69],[92.25,23.68],[92.33,23.32],[92.36,22.93],[92.49,22.69],[92.57,21.98],[92.59,21.47],[92.33,21.44],[92.18,21.29],[92.32,20.79],[92.06,21.17],[92.01,21.68],[91.85,22.16],[91.69,22.5],[91.48,22.8],[91.15,22.61],[90.95,22.6],[90.83,22.72],[90.6,23.13],[90.47,23.05],[90.44,22.75],[90.6,22.44],[90.59,22.26],[90.16,21.82],[89.95,22.02],[89.67,21.88],[89.5,21.91],[89.35,21.72],[89.09,21.87],[89.05,22.09]]]},"properties":{"iso_a3":"BGD"}},{"type":"Feature","geometry":{"type":"Polygon","coordinates":[[[28.01,41.97],[27.53,41.92],[27.29,42.08],[26.58,41.95],[26.32,41.72],[26.11,41.73],[26.16,41.43],[25.25,41.24],[25.13,41.32],[24.39,41.52],[24.06,41.53],[23.64,41.39],[22.92,41.34],[22.94,41.78],[22.8,42.03],[22.58,42.1],[22.34,42.31],[22.52,42.44],[22.47,42.84],[22.71,42.88],[22.97,43.14],[22.77,43.35],[22.55,43.45],[22.37,43.86],[22.42,44.01],[22.71,44.24],[23.03,44.08],[23.22,43.87],[24.23,43.76],[24.43,43.79],[25.5,43.67],[25.82,43.77],[26.22,44.01],[27.09,44.17],[27.43,44.02],[27.88,43.99],[28.05,43.82],[28.59,43.74],[28.47,43.39],[28.13,43.4],[27.93,43.19],[27.89,42.75],[27.48,42.47],[27.71,42.35],[28.01,41.97]]]},"properties":{"iso_a3":"BGR"}},{"type":"Feature","geometry":{"type":"Polygon","coordinates":[[[50.61,25.88],[50.47,25.97],[50.45,26.19],[50.61,26.12],[50.61,25.88]]]},"properties":{"iso_a3":"BHR"}},{"type":"Feature","geometry":{"type":"MultiPolygon","coordinates":[[[[-77.66,24.25],[-77.56,24.14],[-77.52,23.87],[-77.77,23.75],[-77.85,24.04],[-77.66,24.25]]],[[[-77.23,25.9],[-77.33,26],[-77.25,26.16],[-77.21,26.49],[-77.07,26.53],[-77.04,26.33],[-77.17,26.24],[-77.23,25.9]]],[[[-73.03,21.19],[-73.16,20.98],[-73.66,20.94],[-73.68,21.1],[-73.52,21.19],[-73.24,21.15],[-73.03,21.19]]],[[[-77.74,24.71],[-77.75,24.46],[-78.04,24.29],[-78.19,24.47],[-78.3,24.75],[-78.03,25.14],[-77.84,24.79],[-77.74,24.71]]]]},"properties":{"iso_a3":"BHS"}},{"type":"Feature","geometry":{"type":"MultiPolygon","coordinates":[[[[19.35,44.88],[19.15,44.53],[19.15,44.3],[19.58,44.04],[19.26,43.94],[19.49,43.7],[19.45,43.56],[19.19,43.53],[18.94,43.5],[18.67,43.23],[18.62,43.03],[18.44,42.97],[18.55,42.64],[18.44,42.56],[18.35,42.59],[18.01,42.84],[17.99,43.46],[18.31,43.48],[18.5,43.94],[18.8,44.16],[18.76,44.34],[18.95,44.43],[18.74,44.66],[18.78,44.84],[18.38,44.9],[18.34,44.58],[17.9,44.63],[17.92,44.46],[17.62,44.36],[17.21,44.42],[17.29,44.18],[17.11,44.08],[16.46,44.47],[16.83,44.52],[16.78,44.78],[16.31,44.87],[16.23,45.03],[16.53,45.22],[17.81,45.08],[18.14,45.12],[18.34,45],[18.78,44.95],[19.01,44.87],[19.35,44.88]]],[[[17.59,42.94],[17.62,43.04],[17.08,43.52],[16.71,43.78],[16.21,44.22],[16.13,44.47],[15.74,44.77],[15.79,45.18],[16.03,45.19],[16.23,45.03],[16.31,44.87],[16.78,44.78],[16.83,44.52],[16.46,44.47],[17.11,44.08],[17.29,44.18],[17.21,44.42],[17.62,44.36],[17.92,44.46],[17.9,44.63],[18.34,44.58],[18.38,44.9],[18.78,44.84],[18.74,44.66],[18.95,44.43],[18.76,44.34],[18.8,44.16],[18.5,43.94],[18.31,43.48],[17.99,43.46],[18.01,42.84],[18.35,42.59],[17.74,42.92],[17.67,42.9],[17.59,42.94]]],[[[18.14,45.12],[18.66,45.08],[18.78,44.95],[18.34,45],[18.14,45.12]]]]},"properties":{"iso_a3":"BIH"}},{"type":"Feature","geometry":{"type":"Polygon","coordinates":[[[-62.83,17.88],[-62.86,17.88],[-62.87,17.92],[-62.8,17.91],[-62.83,17.88]]]},"properties":{"iso_a3":"BLM"}},{"type":"Feature","geometry":{"type":"Polygon","coordinates":[[[31.76,52.1],[30.98,52.05],[30.67,51.81],[30.53,51.6],[30.63,51.36],[30.33,51.33],[30.16,51.48],[29.35,51.38],[29.14,51.62],[28.6,51.54],[28.18,51.61],[27.27,51.61],[27.14,51.75],[26.45,51.81],[25.93,51.91],[25.27,51.94],[24.36,51.87],[23.98,51.59],[23.61,51.52],[23.54,51.71],[23.65,52.04],[23.2,52.26],[23.41,52.52],[23.84,52.66],[23.89,53.03],[23.6,53.6],[23.48,53.94],[24.19,53.95],[24.32,53.89],[24.77,53.97],[25.55,54.33],[25.86,54.92],[26.18,55],[26.46,55.34],[26.59,55.67],[26.95,55.81],[27.58,55.8],[27.9,56.08],[28.15,56.14],[29.09,56.02],[29.38,55.94],[29.48,55.68],[29.94,55.85],[30.46,55.79],[30.91,55.57],[30.81,55.28],[30.98,55.05],[30.8,54.78],[31.12,54.65],[31.07,54.49],[31.4,54.2],[31.79,54.06],[31.75,53.81],[32.2,53.78],[32.7,53.34],[32.14,53.09],[31.42,53.2],[31.26,53.02],[31.54,52.8],[31.58,52.31],[31.76,52.1]]]},"properties":{"iso_a3":"BLR"}},{"type":"Feature","geometry":{"type":"Polygon","coordinates":[[[-89.16,17.81],[-89.05,18],[-88.81,17.97],[-88.52,18.45],[-88.3,18.47],[-88.13,18.35],[-88.1,18.12],[-88.27,17.61],[-88.26,16.96],[-88.31,16.63],[-88.56,16.29],[-88.7,16.25],[-88.88,16.02],[-88.89,15.89],[-89.24,15.89],[-89.16,17.81]]]},"properties":{"iso_a3":"BLZ"}},{"type":"Feature","geometry":{"type":"Polygon","coordinates":[[[-64.73,32.29],[-64.69,32.39],[-64.67,32.38],[-64.73,32.29]]]},"properties":{"iso_a3":"BMU"}},{"type":"Feature","geometry":{"type":"Polygon","coordinates":[[[-69.51,-17.51],[-69.62,-17.2],[-69.44,-17.09],[-69.2,-16.77],[-69.02,-16.64],[-69.01,-16.43],[-68.91,-16.26],[-69.22,-16.15],[-69.42,-15.6],[-69.17,-15.24],[-69.37,-14.96],[-69.23,-14.6],[-68.88,-14.2],[-69.07,-13.68],[-68.98,-13.5],[-68.98,-12.88],[-68.76,-12.69],[-68.69,-12.5],[-69.58,-10.95],[-68.85,-11.01],[-68.73,-11.12],[-68.31,-10.98],[-68.07,-10.7],[-67.72,-10.68],[-67.42,-10.39],[-67.11,-10.27],[-66.58,-9.9],[-66.26,-9.83],[-65.4,-9.71],[-65.31,-9.87],[-65.31,-10.25],[-65.44,-10.45],[-65.33,-10.89],[-65.39,-11.25],[-65.32,-11.44],[-65.09,-11.74],[-64.99,-11.98],[-64.83,-12.03],[-64.51,-12.25],[-64.42,-12.44],[-63.94,-12.53],[-63.59,-12.52],[-63.02,-12.81],[-62.77,-13],[-62.35,-13.13],[-62.18,-13.13],[-61.79,-13.53],[-61.51,-13.54],[-61.08,-13.49],[-60.51,-13.79],[-60.4,-14.02],[-60.47,-14.18],[-60.3,-14.62],[-60.27,-15.09],[-60.53,-15.14],[-60.24,-15.48],[-60.18,-16.27],[-58.5,-16.33],[-58.35,-16.49],[-58.47,-16.65],[-58.4,-17.23],[-57.99,-17.51],[-57.83,-17.51],[-57.59,-18.12],[-57.57,-18.28],[-57.78,-18.91],[-57.78,-19.05],[-58.13,-19.74],[-57.86,-19.98],[-58.16,-20.16],[-58.18,-19.82],[-59.09,-19.29],[-60.01,-19.3],[-61.76,-19.65],[-61.92,-20.06],[-62.28,-20.56],[-62.28,-21.07],[-62.65,-22.23],[-62.83,-22],[-63.86,-22.01],[-63.98,-22.07],[-64.37,-22.76],[-64.61,-22.23],[-65.06,-22.1],[-65.77,-22.1],[-66.1,-21.84],[-66.25,-21.83],[-66.37,-22.11],[-66.75,-22.27],[-66.8,-22.41],[-66.99,-22.51],[-67.19,-22.82],[-67.58,-22.89],[-67.88,-22.82],[-67.88,-22.49],[-67.99,-22.06],[-68.08,-21.98],[-68.19,-21.62],[-68.2,-21.3],[-68.44,-20.95],[-68.56,-20.9],[-68.5,-20.61],[-68.75,-20.46],[-68.69,-20.31],[-68.73,-20.07],[-68.58,-19.86],[-68.7,-19.72],[-68.49,-19.45],[-68.97,-18.97],[-69.09,-18.28],[-69.09,-18.05],[-69.31,-17.94],[-69.51,-17.51]]]},"properties":{"iso_a3":"BOL"}},{"type":"Feature","geometry":{"type":"MultiPolygon","coordinates":[[[[-66.88,1.22],[-66.43,0.82],[-66.3,0.75],[-66,0.81],[-65.72,0.98],[-65.36,0.87],[-65.1,1.11],[-64.73,1.25],[-64.49,1.45],[-64.3,1.46],[-64.11,1.62],[-64.04,1.9],[-63.39,2.22],[-63.39,2.41],[-63.92,2.45],[-64.05,2.5],[-64.04,2.8],[-64.22,3.2],[-64.22,3.59],[-64.57,3.9],[-64.58,4.14],[-64.19,4.13],[-64.02,3.93],[-63.29,3.92],[-62.97,3.59],[-62.76,3.67],[-62.74,3.94],[-62.41,4.16],[-62.15,4.1],[-61.55,4.29],[-61.28,4.52],[-61.1,4.5],[-60.74,4.77],[-60.6,4.99],[-60.74,5.2],[-60.14,5.24],[-59.99,5.08],[-60.03,4.74],[-60.14,4.57],[-59.83,4.48],[-59.74,4.23],[-59.55,3.93],[-59.68,3.7],[-59.85,3.59],[-59.83,3.35],[-59.95,3.09],[-60,2.77],[-59.89,2.36],[-59.76,2.27],[-59.76,1.9],[-59.23,1.38],[-58.86,1.2],[-58.51,1.28],[-58.51,1.44],[-58.34,1.59],[-58.09,1.51],[-57.98,1.65],[-57.59,1.7],[-57.41,1.91],[-57.09,2.01],[-56.84,1.88],[-56.48,1.94],[-56.02,1.84],[-55.92,2.04],[-56.13,2.3],[-55.94,2.52],[-55.73,2.41],[-55.39,2.44],[-55.19,2.55],[-54.97,2.55],[-54.62,2.33],[-54.29,2.15],[-54.13,2.12],[-53.79,2.35],[-53.51,2.25],[-53.33,2.34],[-53.23,2.2],[-52.96,2.18],[-52.7,2.36],[-52.58,2.53],[-52.33,3.18],[-52.23,3.27],[-51.93,3.78],[-51.65,4.06],[-51.46,4.31],[-51.22,4.09],[-51.08,3.67],[-51.05,3.28],[-50.66,2.13],[-50.46,1.83],[-50.19,1.79],[-49.96,1.66],[-49.88,1.42],[-49.9,1.16],[-50.29,0.84],[-50.58,0.42],[-50.82,0.17],[-51.1,-0.03],[-51.28,-0.09],[-51.4,-0.39],[-51.7,-0.76],[-51.72,-1.02],[-51.92,-1.18],[-52.02,-1.4],[-52.23,-1.36],[-52.31,-1.56],[-52.2,-1.64],[-51.95,-1.59],[-51.65,-1.39],[-51.3,-1.22],[-50.92,-1.12],[-50.84,-1.23],[-50.69,-1.76],[-50.4,-2.02],[-50,-1.83],[-49.72,-1.93],[-49.31,-1.73],[-49.21,-1.92],[-48.99,-1.83],[-48.71,-1.49],[-48.45,-1.44],[-48.45,-1.15],[-48.12,-0.74],[-47.96,-0.77],[-47.81,-0.66],[-47.65,-0.72],[-47.4,-0.63],[-47.13,-0.75],[-46.81,-0.78],[-46.62,-0.97],[-46.22,-1.03],[-45.64,-1.35],[-45.46,-1.36],[-45.28,-1.7],[-45.08,-1.47],[-44.79,-1.72],[-44.65,-1.75],[-44.31,-2.54],[-44.11,-2.6],[-43.46,-2.5],[-43.38,-2.38],[-42.94,-2.47],[-42.59,-2.66],[-42.25,-2.79],[-41.88,-2.75],[-41.64,-2.88],[-41.32,-2.94],[-40.47,-2.8],[-39.96,-2.86],[-39.01,-3.39],[-38.69,-3.65],[-38.48,-3.72],[-38.05,-4.22],[-37.63,-4.59],[-37.3,-4.71],[-37.17,-4.91],[-36.95,-4.94],[-36.59,-5.1],[-35.98,-5.05],[-35.55,-5.13],[-35.39,-5.25],[-35.24,-5.57],[-35.1,-6.19],[-34.99,-6.39],[-34.93,-6.79],[-34.83,-7.02],[-34.81,-7.29],[-34.88,-7.75],[-34.83,-7.97],[-35.16,-8.93],[-35.34,-9.23],[-36.22,-10.23],[-36.41,-10.49],[-36.77,-10.67],[-36.94,-10.82],[-37.41,-11.5],[-37.69,-12.1],[-38.02,-12.59],[-38.4,-12.97],[-38.52,-12.76],[-38.69,-12.62],[-38.84,-13.15],[-39.07,-13.48],[-38.99,-13.62],[-39.03,-13.99],[-38.94,-14.03],[-39.06,-14.65],[-39,-15.25],[-38.88,-15.86],[-39.13,-16.76],[-39.22,-17.32],[-39.15,-17.7],[-39.49,-17.99],[-39.65,-18.25],[-39.74,-18.64],[-39.7,-19.28],[-39.84,-19.65],[-40,-19.74],[-40.3,-20.29],[-40.4,-20.57],[-40.79,-20.91],[-41.05,-21.51],[-41,-22],[-41.12,-22.08],[-41.71,-22.31],[-41.98,-22.58],[-41.94,-22.79],[-42.04,-22.95],[-42.58,-22.94],[-43.22,-22.99],[-43.53,-23.05],[-43.87,-22.91],[-44.15,-23.01],[-44.64,-23.06],[-44.67,-23.34],[-44.95,-23.38],[-45.33,-23.6],[-45.46,-23.8],[-45.66,-23.76],[-45.97,-23.8],[-46.87,-24.24],[-47.14,-24.49],[-47.88,-25],[-47.93,-25.17],[-48.2,-25.42],[-48.4,-25.27],[-48.51,-25.52],[-48.4,-25.6],[-48.55,-25.82],[-48.68,-26.7],[-48.55,-27.2],[-48.64,-27.56],[-48.62,-28.08],[-48.8,-28.58],[-49.27,-28.87],[-49.75,-29.36],[-50.03,-29.8],[-50.3,-30.43],[-50.62,-30.9],[-50.72,-30.43],[-51.16,-30.36],[-51.25,-30.47],[-51.46,-31.05],[-51.97,-31.38],[-52.19,-31.89],[-52.13,-32.17],[-52.34,-32.44],[-52.51,-32.88],[-52.76,-33.27],[-53.37,-33.74],[-53.52,-33.68],[-53.53,-33.17],[-53.13,-32.74],[-53.6,-32.4],[-53.76,-32.06],[-54.22,-31.86],[-54.59,-31.49],[-55.25,-31.23],[-55.6,-30.85],[-55.81,-31.04],[-56.18,-30.63],[-56.83,-30.11],[-57.12,-30.14],[-57.21,-30.28],[-57.61,-30.19],[-56.77,-29.42],[-56.64,-29.2],[-56.39,-29],[-56.23,-28.74],[-56.03,-28.58],[-55.73,-28.2],[-55.35,-27.96],[-55.1,-27.87],[-54.88,-27.6],[-54.26,-27.38],[-54.21,-27.29],[-53.84,-27.12],[-53.72,-26.88],[-53.75,-26.75],[-53.67,-26.23],[-53.82,-25.96],[-53.89,-25.67],[-54.15,-25.52],[-54.44,-25.62],[-54.62,-25.58],[-54.47,-25.22],[-54.24,-24.05],[-54.63,-23.81],[-55.19,-24.02],[-55.42,-23.95],[-55.52,-23.63],[-55.56,-23.15],[-55.65,-22.81],[-55.62,-22.67],[-55.85,-22.31],[-56.19,-22.28],[-56.52,-22.1],[-56.63,-22.23],[-56.94,-22.27],[-57.24,-22.2],[-57.82,-22.14],[-57.93,-21.91],[-57.95,-21.49],[-57.83,-21],[-58,-20.47],[-58.16,-20.16],[-57.86,-19.98],[-58.13,-19.74],[-57.78,-19.05],[-57.78,-18.91],[-57.57,-18.28],[-57.59,-18.12],[-57.83,-17.51],[-57.99,-17.51],[-58.4,-17.23],[-58.47,-16.65],[-58.35,-16.49],[-58.5,-16.33],[-60.18,-16.27],[-60.24,-15.48],[-60.53,-15.14],[-60.27,-15.09],[-60.3,-14.62],[-60.47,-14.18],[-60.4,-14.02],[-60.51,-13.79],[-61.08,-13.49],[-61.51,-13.54],[-61.79,-13.53],[-62.18,-13.13],[-62.35,-13.13],[-62.77,-13],[-63.02,-12.81],[-63.59,-12.52],[-63.94,-12.53],[-64.42,-12.44],[-64.51,-12.25],[-64.83,-12.03],[-64.99,-11.98],[-65.09,-11.74],[-65.32,-11.44],[-65.39,-11.25],[-65.33,-10.89],[-65.44,-10.45],[-65.31,-10.25],[-65.31,-9.87],[-65.4,-9.71],[-66.26,-9.83],[-66.58,-9.9],[-67.11,-10.27],[-67.42,-10.39],[-67.72,-10.68],[-68.07,-10.7],[-68.31,-10.98],[-68.73,-11.12],[-68.85,-11.01],[-69.58,-10.95],[-69.96,-10.93],[-70.22,-11.05],[-70.64,-11.01],[-70.64,-9.82],[-70.57,-9.7],[-70.61,-9.46],[-71.24,-9.97],[-71.61,-10.01],[-72.14,-10.01],[-72.38,-9.51],[-72.81,-9.41],[-73.21,-9.41],[-72.97,-9.12],[-72.97,-8.99],[-73.55,-8.35],[-73.71,-7.83],[-74,-7.56],[-73.96,-7.38],[-73.75,-7.34],[-73.8,-7.08],[-73.69,-6.83],[-73.33,-6.57],[-73.18,-6.53],[-73.14,-6.34],[-73.24,-6.1],[-72.98,-5.63],[-72.89,-5.12],[-72.7,-5.07],[-72.35,-4.79],[-71.84,-4.5],[-71.52,-4.47],[-70.97,-4.35],[-70.8,-4.17],[-70.4,-4.15],[-70.24,-4.3],[-69.97,-4.24],[-69.73,-3.02],[-69.4,-1.19],[-69.45,-1],[-69.62,-0.72],[-69.61,-0.55],[-69.92,-0.32],[-70.07,-0.14],[-70.05,0.58],[-69.81,0.61],[-69.47,0.73],[-69.16,0.64],[-69.16,0.86],[-69.36,1.06],[-69.85,1.06],[-69.85,1.71],[-69.58,1.77],[-69.32,1.72],[-68.18,1.72],[-67.82,1.79],[-67.61,2.04],[-67.35,2.09],[-67.09,1.62],[-67.09,1.21],[-66.88,1.22]]],[[[-49.63,-0.23],[-49.12,-0.16],[-48.44,-0.27],[-48.43,-0.44],[-48.54,-0.8],[-48.8,-1.33],[-48.93,-1.48],[-49.34,-1.6],[-49.51,-1.51],[-49.59,-1.71],[-49.81,-1.79],[-50.11,-1.75],[-50.51,-1.79],[-50.6,-1.7],[-50.76,-1.24],[-50.71,-1.08],[-50.8,-0.91],[-50.77,-0.65],[-50.65,-0.27],[-50.25,-0.12],[-49.63,-0.23]]],[[[-49.74,0.27],[-49.84,0.01],[-50,-0.03],[-50.34,0.04],[-50.27,0.23],[-49.88,0.3],[-49.74,0.27]]],[[[-50.65,-0.13],[-50.93,-0.33],[-51,-0.11],[-50.84,-0.05],[-50.65,-0.13]]],[[[-49.44,-0.11],[-49.71,-0.14],[-49.71,0.02],[-49.5,0.08],[-49.44,-0.11]]],[[[-51.83,-1.43],[-51.8,-1.2],[-51.68,-1.09],[-51.68,-0.86],[-51.55,-0.65],[-51.25,-0.54],[-51.16,-0.67],[-51.28,-1.02],[-51.64,-1.34],[-51.83,-1.43]]]]},"properties":{"iso_a3":"BRA"}},{"type":"Feature","geometry":{"type":"Polygon","coordinates":[[[-59.49,13.08],[-59.61,13.1],[-59.65,13.3],[-59.59,13.32],[-59.43,13.15],[-59.49,13.08]]]},"properties":{"iso_a3":"BRB"}},{"type":"Feature","geometry":{"type":"MultiPolygon","coordinates":[[[[115.14,4.9],[115.27,4.63],[115.29,4.35],[115.11,4.39],[115.03,4.9],[115.14,4.9]]],[[[115.03,4.9],[114.75,4.72],[114.84,4.39],[114.78,4.17],[114.61,4.02],[114.22,4.48],[114.06,4.59],[114.3,4.61],[114.54,4.72],[114.84,4.95],[115.03,4.9]]]]},"properties":{"iso_a3":"BRN"}},{"type":"Feature","geometry":{"type":"Polygon","coordinates":[[[91.63,27.76],[91.59,27.56],[91.74,27.44],[91.99,27.45],[92.08,27.29],[91.99,27.1],[92.05,26.87],[91.67,26.8],[91.43,26.87],[91.29,26.79],[90.62,26.78],[90.35,26.89],[90.12,26.75],[89.76,26.7],[89.33,26.85],[89.15,26.82],[88.86,26.96],[88.74,27.18],[88.89,27.32],[88.95,27.46],[89.54,28.11],[89.98,28.31],[90.35,28.24],[90.35,28.08],[90.63,28.08],[91.08,27.97],[91.27,28.08],[91.61,27.95],[91.63,27.76]]]},"properties":{"iso_a3":"BTN"}},{"type":"Feature","geometry":{"type":"Polygon","coordinates":[[[25.26,-17.79],[25.22,-17.92],[25.49,-18.35],[25.76,-18.65],[25.94,-18.94],[25.95,-19.08],[26.17,-19.54],[26.68,-19.89],[27.18,-20.1],[27.28,-20.48],[27.7,-20.53],[27.67,-21.06],[28.05,-21.57],[28.53,-21.65],[29.04,-21.81],[29.04,-22.02],[29.36,-22.19],[29.13,-22.21],[28.95,-22.4],[28.7,-22.54],[28.38,-22.59],[28.21,-22.69],[27.89,-23.07],[27.5,-23.37],[27.15,-23.52],[26.99,-23.7],[26.84,-24.24],[26.4,-24.61],[25.91,-24.75],[25.58,-25.61],[25.44,-25.71],[25,-25.75],[24.75,-25.82],[24.33,-25.74],[24.19,-25.63],[23.89,-25.6],[23.52,-25.34],[23.27,-25.27],[23.02,-25.32],[22.88,-25.46],[22.64,-26.07],[22.22,-26.39],[22.01,-26.64],[21.83,-26.68],[21.65,-26.85],[20.74,-26.85],[20.64,-26.74],[20.63,-26.44],[20.82,-26.16],[20.79,-25.92],[20.61,-25.49],[20.35,-25.03],[19.98,-24.78],[19.98,-23.68],[19.98,-22],[20.97,-22],[20.98,-20.56],[20.98,-18.93],[20.97,-18.32],[21.23,-18.31],[22.01,-18.2],[23.1,-18.01],[23.3,-18.03],[23.58,-18.45],[23.7,-18.42],[24,-18.15],[24.36,-17.98],[24.53,-18.05],[24.79,-17.86],[25.26,-17.79]]]},"properties":{"iso_a3":"BWA"}},{"type":"Feature","geometry":{"type":"Polygon","coordinates":[[[24.15,8.67],[24.29,8.29],[24.85,8.14],[25.25,7.72],[25.19,7.52],[25.38,7.33],[26.04,6.96],[26.36,6.64],[26.31,6.46],[26.51,6.07],[26.73,6],[27.08,5.78],[27.23,5.56],[27.26,5.29],[27.4,5.11],[27.11,5.2],[26.82,5.06],[26.17,5.17],[25.53,5.31],[25.4,5.26],[25.25,5.02],[24.77,4.93],[24.44,5.01],[23.68,4.77],[23.42,4.66],[23.12,4.74],[22.86,4.72],[22.62,4.45],[22.42,4.13],[21.69,4.28],[21.54,4.24],[21.23,4.3],[20.96,4.41],[20.56,4.46],[20.23,4.83],[19.81,5.09],[19.5,5.13],[19.07,4.89],[18.83,4.52],[18.59,4.35],[18.63,3.95],[18.61,3.48],[18.47,3.62],[18.16,3.5],[17.49,3.69],[17,3.56],[16.67,3.54],[16.57,3.46],[16.5,3.21],[16.47,2.83],[16.18,2.27],[16.11,2.47],[16.06,2.91],[15.78,3.13],[15.13,3.83],[15.14,4.07],[15.02,4.36],[14.73,4.6],[14.64,5.18],[14.56,5.28],[14.62,5.5],[14.62,5.87],[14.43,6.04],[14.74,6.28],[14.86,6.56],[15.03,6.78],[15.25,7.26],[15.48,7.52],[15.85,7.48],[16.03,7.57],[16.59,7.74],[16.78,7.55],[17.12,7.7],[17.25,7.81],[17.65,7.98],[17.76,7.97],[18.59,8.06],[19.11,8.66],[18.89,8.84],[19.05,9],[19.67,9.02],[20.07,9.13],[20.34,9.13],[20.66,9.32],[21.26,9.97],[21.4,10],[21.5,10.18],[21.73,10.37],[21.73,10.61],[22.04,10.82],[22.49,11],[22.86,10.92],[22.96,10.75],[23.26,10.46],[23.55,10.03],[23.65,9.82],[23.62,9.34],[23.47,9.11],[23.54,8.82],[23.68,8.73],[24.15,8.67]]]},"properties":{"iso_a3":"CAF"}},{"type":"Feature","geometry":{"type":"MultiPolygon","coordinates":[[[[-132.66,54.13],[-131.7,53.99],[-131.92,53.59],[-132.01,53.27],[-132.52,53.19],[-132.75,53.31],[-133.1,53.92],[-133.05,54.16],[-132.66,54.13]]],[[[-131.75,53.2],[-131.63,52.92],[-131.73,52.76],[-132.17,52.78],[-132.35,53.14],[-131.75,53.2]]],[[[-127.2,50.64],[-126.7,50.52],[-125.48,50.32],[-124.9,49.69],[-124.83,49.53],[-124.19,49.3],[-123.85,49.12],[-123.75,48.95],[-123.28,48.46],[-123.59,48.33],[-123.92,48.39],[-124.87,48.65],[-125.36,49],[-125.66,49.03],[-125.73,49.2],[-125.95,49.25],[-126.1,49.42],[-126.42,49.45],[-126.68,49.88],[-127.05,49.87],[-127.47,50.16],[-127.77,50.12],[-127.91,50.45],[-128.14,50.52],[-128.35,50.74],[-127.92,50.86],[-127.2,50.64]]],[[[-130.03,55.89],[-130.02,56.01],[-130.41,56.12],[-130.74,56.34],[-131.08,56.4],[-132.1,56.86],[-132.03,57.03],[-132.55,57.5],[-133.82,58.71],[-134.22,58.85],[-134.44,59.09],[-134.94,59.29],[-135.05,59.58],[-135.48,59.79],[-136.32,59.6],[-136.58,59.15],[-136.81,59.15],[-137.28,58.99],[-137.59,59.23],[-138.63,59.78],[-138.71,59.9],[-139.19,60.08],[-139.08,60.34],[-139.68,60.33],[-139.97,60.18],[-141,60.3],[-141,61.47],[-141,62.35],[-141,63.51],[-141,64.98],[-141,66.14],[-141,67.31],[-141,68.19],[-141,69.65],[-139.98,69.62],[-139.18,69.52],[-138.13,69.15],[-136.72,68.89],[-135.88,68.92],[-135.69,69.31],[-135.14,69.47],[-134.49,69.47],[-134.24,69.67],[-133.48,69.41],[-132.92,69.63],[-131.93,69.75],[-130.5,70.14],[-129.65,70],[-130.83,69.65],[-131.99,69.52],[-132.13,69.4],[-132.82,69.21],[-133.3,68.85],[-132.71,68.81],[-132.72,69.08],[-131.92,69.29],[-131.63,69.46],[-131.01,69.43],[-130.35,69.66],[-129.26,69.86],[-128.97,69.71],[-128.39,69.96],[-128.28,70.11],[-127.76,70.22],[-128.17,70.42],[-127.75,70.52],[-127.14,70.24],[-126.61,69.73],[-125.91,69.42],[-125.17,69.43],[-125.36,69.63],[-124.77,69.99],[-124.12,69.69],[-124.48,69.43],[-123.61,69.38],[-123.21,69.54],[-123.03,69.81],[-121.53,69.78],[-120.81,69.62],[-120.29,69.42],[-118.87,69.26],[-118.1,69.04],[-117.31,68.93],[-116.22,68.85],[-115.63,68.97],[-114.99,68.85],[-114.41,68.66],[-113.96,68.4],[-114.05,68.28],[-114.77,68.27],[-115.13,68.13],[-115.13,67.82],[-113.68,67.7],[-112.44,67.68],[-110.99,67.79],[-110.04,67.98],[-109.63,67.73],[-109.22,67.73],[-108.59,67.59],[-107.91,67.16],[-107.65,67.51],[-107.97,67.73],[-107.76,68.03],[-106.79,68.14],[-105.78,68.53],[-105.93,68.64],[-107.73,68.17],[-108.32,68.15],[-108.69,68.28],[-108.35,68.6],[-107.44,68.69],[-106.32,68.9],[-106.02,68.91],[-105.54,68.72],[-105.38,68.41],[-104.49,68.06],[-103.9,68.04],[-103.47,68.12],[-102.69,67.81],[-101.55,67.69],[-100.21,67.84],[-99.15,67.72],[-98.42,67.83],[-97.45,67.62],[-97.21,67.86],[-97.74,67.98],[-98.11,67.9],[-98.44,68.06],[-98.22,68.32],[-97.41,68.5],[-97,68.26],[-96.04,68.16],[-96.37,67.51],[-96.01,67.27],[-95.26,67.26],[-95.65,67.74],[-95.46,68.02],[-94.74,68.07],[-93.93,68.47],[-93.65,68.54],[-94.06,68.78],[-94.6,68.8],[-94.26,69.15],[-94.34,69.47],[-95.59,69.76],[-95.96,69.8],[-96.49,70.12],[-96.55,70.33],[-96.23,70.54],[-96.55,70.81],[-96.45,71.24],[-95.2,71.9],[-94.61,71.99],[-94.31,71.76],[-93.26,71.46],[-92.95,71.26],[-92.98,70.85],[-92.39,70.65],[-92.05,70.39],[-92.51,70.1],[-91.98,70.04],[-92.75,69.71],[-91.91,69.53],[-90.79,69.51],[-90.89,69.27],[-90.59,68.95],[-90.57,68.47],[-90.01,68.4],[-89.67,69.01],[-89.06,69.27],[-88.04,68.81],[-87.83,68.45],[-88.35,68.29],[-88.2,67.77],[-87.27,67.18],[-86.56,67.48],[-86.4,67.8],[-85.95,68.07],[-85.73,68.63],[-85.28,68.74],[-84.86,69.07],[-85.39,69.23],[-85.45,69.78],[-84.24,69.84],[-83.67,69.7],[-82.62,69.69],[-82.64,69.46],[-81.41,69.2],[-81.61,69],[-81.26,68.78],[-81.64,68.52],[-82.55,68.45],[-82.15,68.14],[-81.98,67.86],[-81.27,67.46],[-81.44,67.09],[-81.87,66.99],[-82.2,66.76],[-83.3,66.39],[-83.59,66.39],[-84,66.73],[-84.32,66.71],[-83.83,66.29],[-84.48,66.18],[-85.1,66.33],[-85.44,66.54],[-86.63,66.53],[-86.58,66.32],[-86.11,66.23],[-86.04,66.02],[-87.29,65.35],[-87.97,65.35],[-89.42,65.86],[-90.12,65.88],[-88.97,65.35],[-87.03,65.2],[-87.28,64.83],[-88.11,64.18],[-88.65,64.01],[-89.4,64.04],[-89.86,63.98],[-90.15,63.69],[-90.53,63.67],[-91.1,63.48],[-90.75,63.35],[-90.7,63.06],[-91.45,62.8],[-92.03,62.86],[-92.36,62.82],[-92.21,62.59],[-92.55,62.55],[-93.02,62.09],[-93.53,61.87],[-93.35,61.74],[-93.91,61.48],[-94.07,61.14],[-94.65,60.42],[-94.79,59.95],[-94.79,59.27],[-94.85,59.05],[-94.71,58.9],[-94.29,58.72],[-93.28,58.76],[-92.84,58.08],[-92.43,57.32],[-92.61,57.04],[-92.25,57.01],[-91.11,57.24],[-90.59,57.22],[-89.79,56.98],[-88.83,56.81],[-88.08,56.47],[-87.56,56.06],[-86.38,55.77],[-85.83,55.66],[-85.06,55.29],[-84.71,55.26],[-83.91,55.31],[-82.87,55.16],[-82.58,55.15],[-82.31,55],[-82.22,54.81],[-82.42,54.36],[-82.39,54.18],[-82.14,53.82],[-82.16,53.26],[-82.29,53.07],[-81.6,52.43],[-81.66,52.29],[-80.97,51.97],[-80.66,51.76],[-80.44,51.39],[-79.74,51.19],[-79.5,51.57],[-79.34,51.63],[-78.98,51.39],[-78.73,51.5],[-78.98,51.73],[-78.83,51.96],[-78.49,52.25],[-78.6,52.54],[-78.9,53.04],[-79.11,53.72],[-79,54],[-79.36,54.26],[-79.67,54.7],[-78.91,54.88],[-78.3,55.07],[-77.78,55.29],[-77.17,55.66],[-76.65,56.11],[-76.52,56.71],[-76.6,57.27],[-76.89,57.76],[-77.16,58.02],[-77.55,58.24],[-78.01,58.4],[-78.52,58.68],[-78.46,58.87],[-77.76,59.38],[-77.73,59.68],[-77.33,59.8],[-77.31,60.04],[-77.68,60.43],[-77.87,60.79],[-78.16,60.85],[-77.73,61.21],[-77.74,61.44],[-77.51,61.56],[-77.95,61.76],[-78.15,62.21],[-78.07,62.36],[-77.37,62.57],[-76.88,62.53],[-75.82,62.32],[-74.65,62.21],[-73.76,62.47],[-73.3,62.33],[-72.67,61.96],[-72.36,61.89],[-71.42,61.16],[-70.54,61.04],[-69.64,60.69],[-69.76,60.39],[-69.63,60.22],[-69.8,60.03],[-69.58,59.68],[-69.68,59.34],[-69.4,59.34],[-69.41,59.09],[-69.98,58.82],[-69.65,58.73],[-69.17,58.9],[-68.7,58.9],[-68.41,58.78],[-68.33,58.6],[-67.89,58.33],[-67.57,58.21],[-66.72,58.49],[-66.36,58.79],[-66.04,58.82],[-65.7,59.03],[-65.49,59.45],[-65.41,59.8],[-65.17,59.91],[-64.93,60.25],[-64.5,60.27],[-63.54,59.33],[-63.19,58.86],[-62.87,58.67],[-63.22,58.52],[-62.81,58.2],[-62.49,58.15],[-62.31,57.97],[-61.9,57.86],[-62.09,57.45],[-61.85,57.38],[-61.33,57.01],[-61.37,56.68],[-62.06,56.7],[-61.94,56.42],[-61.36,56.22],[-61.09,55.87],[-60.83,55.96],[-59.93,55.26],[-59.39,55.08],[-59,55.15],[-58.78,54.84],[-58.4,54.77],[-58.2,54.87],[-57.4,54.57],[-57.7,54.39],[-58.15,54.35],[-58.63,54.05],[-58.84,54.04],[-59.5,53.83],[-60.06,53.73],[-60.1,53.49],[-59.5,53.57],[-58.92,53.88],[-58.33,54.05],[-58.19,54.23],[-57.42,54.16],[-57.13,53.79],[-57.49,53.63],[-57.33,53.47],[-56.84,53.74],[-56.46,53.77],[-56.11,53.59],[-55.8,53.21],[-55.89,53],[-55.84,52.51],[-55.7,52.14],[-56.02,51.93],[-56.98,51.46],[-57.77,51.43],[-58.02,51.32],[-58.51,51.3],[-59.17,50.78],[-59.61,50.49],[-60.08,50.25],[-61.29,50.2],[-61.72,50.1],[-61.92,50.23],[-62.72,50.3],[-63.24,50.24],[-63.73,50.3],[-64.17,50.27],[-65.27,50.32],[-66.13,50.2],[-66.5,50.21],[-66.94,49.99],[-67.37,49.35],[-68.28,49.2],[-68.93,48.83],[-69.37,48.39],[-69.78,48.1],[-69.99,47.74],[-70.45,47.42],[-70.71,47.14],[-71.27,46.8],[-71.88,46.69],[-72.68,46.29],[-72.98,46.21],[-73.48,45.74],[-73.71,45.71],[-74.04,45.5],[-73.97,45.35],[-74.36,45.21],[-74.71,45],[-75.18,44.9],[-75.88,44.42],[-76.15,44.3],[-76.46,44.06],[-76.82,43.63],[-78.72,43.62],[-79.17,43.47],[-79.07,43.11],[-78.92,42.94],[-79.04,42.8],[-80.25,42.37],[-81.28,42.21],[-82.44,41.67],[-82.69,41.68],[-83.03,41.83],[-83.14,41.98],[-83.07,42.3],[-82.55,42.62],[-82.41,43.07],[-82.14,43.57],[-82.55,45.35],[-83.59,45.82],[-83.47,45.99],[-83.62,46.12],[-83.98,46.08],[-84.19,46.55],[-84.56,46.46],[-84.78,46.64],[-84.88,46.9],[-86.92,47.74],[-88.38,48.3],[-88.61,48.26],[-89.27,48.02],[-89.99,48.02],[-90.09,48.12],[-90.74,48.1],[-90.84,48.2],[-91.52,48.06],[-92.17,48.34],[-93.05,48.62],[-93.38,48.62],[-93.71,48.53],[-93.85,48.61],[-94.68,48.77],[-94.85,49.3],[-95.16,49.37],[-95.16,48.99],[-96.68,48.99],[-98.81,48.99],[-100.09,48.99],[-101.79,48.99],[-103.5,48.99],[-104.78,48.99],[-106.48,48.99],[-108.62,48.99],[-110.32,48.99],[-112.45,48.99],[-113.73,48.99],[-115.44,48.99],[-117.14,48.99],[-119.7,48.99],[-120.98,48.99],[-122.79,48.99],[-123.2,49.15],[-123.17,49.35],[-123.86,49.48],[-123.99,49.74],[-124.48,49.81],[-124.78,50.07],[-125.06,50.42],[-125.48,50.5],[-125.7,50.46],[-126.4,50.53],[-126.4,50.81],[-126.63,50.92],[-127.06,50.87],[-127.44,50.99],[-127.71,51.15],[-127.63,51.43],[-127.82,51.6],[-127.83,51.88],[-128.19,52],[-128.36,52.16],[-128.04,52.32],[-128.28,52.44],[-128.11,52.86],[-128.45,52.88],[-128.52,53.14],[-129.08,53.37],[-129.46,53.35],[-129.82,53.41],[-129.91,53.55],[-130.34,53.72],[-130.04,54.13],[-130.4,54.35],[-130.37,54.62],[-130.22,54.73],[-129.99,55.11],[-130.08,55.56],[-130.03,55.89]]],[[[-109.82,78.65],[-109.35,78.37],[-111.52,78.27],[-112.86,78.47],[-111.71,78.57],[-110.88,78.74],[-109.82,78.65]]],[[[-110.46,78.1],[-110.75,77.86],[-110.12,77.72],[-110.2,77.52],[-111.95,77.34],[-113.16,77.53],[-113.19,77.91],[-111.21,78.09],[-110.46,78.1]]],[[[-115.55,77.36],[-116.29,77.1],[-115.86,76.97],[-116.22,76.61],[-118.02,76.45],[-118.99,76.14],[-120.37,75.82],[-121.02,76.02],[-122.06,76.02],[-122.62,76.17],[-122.37,76.4],[-121.61,76.44],[-119.09,77.31],[-118.01,77.38],[-117.28,77.31],[-116.84,77.53],[-116.21,77.52],[-115.55,77.36]]],[[[-108.29,76.06],[-107.42,75.91],[-106.4,76.06],[-105.63,75.95],[-105.48,75.75],[-105.86,75.19],[-106.96,74.94],[-108.83,75.06],[-109.5,74.88],[-110.54,74.78],[-111.73,74.5],[-113.02,74.4],[-113.67,74.45],[-114.27,74.6],[-114.13,74.77],[-113.32,74.88],[-113.89,75.21],[-114.86,75],[-115.73,74.97],[-116.48,75.17],[-117.5,75.2],[-117.03,75.6],[-116.59,76.1],[-115.8,76.25],[-115.58,76.44],[-114.19,76.45],[-113.82,76.21],[-112.7,76.2],[-111.51,75.81],[-111.05,75.55],[-109.09,75.51],[-108.94,75.7],[-109.8,75.86],[-109.43,76.11],[-110.28,76.33],[-109.34,76.76],[-108.64,76.61],[-108.12,76.23],[-108.29,76.06]]],[[[-114.52,72.59],[-113.5,72.69],[-113.21,72.98],[-112.75,72.99],[-111.46,72.77],[-111.25,72.67],[-111.61,72.44],[-111.18,72.36],[-110.21,72.66],[-110.55,72.86],[-110.09,72.99],[-109.12,72.73],[-108.7,72.5],[-108.19,71.72],[-107.31,71.89],[-107.7,72.15],[-108.24,73.11],[-108.03,73.35],[-107.11,73.19],[-106.48,73.2],[-105.62,72.93],[-104.81,71.9],[-104.39,71.58],[-104.57,71.1],[-103.95,70.76],[-103.2,70.55],[-102.75,70.52],[-101.56,70.14],[-101.09,70.14],[-100.94,69.72],[-101.73,69.7],[-102.18,69.85],[-102.52,69.76],[-102.62,69.55],[-101.98,69.43],[-101.86,69.02],[-102.9,68.82],[-103.47,68.81],[-106.34,69.22],[-107.03,69.18],[-107.44,69],[-108.55,68.9],[-108.95,68.76],[-109.96,68.63],[-111.31,68.54],[-113.13,68.49],[-113.62,68.84],[-113.69,69.2],[-114.32,69.27],[-115.86,69.3],[-116.51,69.42],[-117.1,69.8],[-117.14,70.1],[-116.55,70.18],[-114.59,70.31],[-112.64,70.23],[-112.11,70.45],[-113.76,70.69],[-115.31,70.6],[-116.99,70.6],[-117.59,70.63],[-118.26,70.89],[-118.27,71.03],[-117.81,71.16],[-117.94,71.39],[-118.37,71.64],[-118.99,71.76],[-118.94,71.99],[-118.21,72.29],[-118.46,72.47],[-117.26,72.91],[-114.64,73.37],[-114.16,73.27],[-114.11,72.86],[-114.52,72.59]]],[[[-119.74,74.11],[-117.97,74.27],[-116.72,74.03],[-115.41,73.54],[-115.52,73.42],[-116.48,73.25],[-118.96,72.68],[-119.51,72.3],[-120.18,72.21],[-120.44,71.63],[-121.16,71.41],[-121.75,71.44],[-122.84,71.1],[-123.39,71.22],[-124.01,71.68],[-125.3,71.97],[-125.76,72.14],[-124.98,72.6],[-124.84,73.08],[-123.8,73.77],[-124.26,73.95],[-124.7,74.35],[-121.32,74.53],[-119.94,74.25],[-119.74,74.11]]],[[[-69.49,83.02],[-65.11,82.89],[-63.47,82.77],[-63.09,82.57],[-61.48,82.47],[-61.27,82.28],[-62.18,82.04],[-64.57,81.73],[-65.74,81.49],[-65.48,81.28],[-68.63,80.68],[-71.39,79.76],[-73.23,79.64],[-73.87,79.5],[-76.12,79.33],[-76.26,79.01],[-74.43,78.72],[-75.87,78.01],[-76.97,77.93],[-78.01,77.95],[-78.08,77.52],[-79.5,77.2],[-79.32,76.98],[-77.98,76.75],[-78.28,76.57],[-79.29,76.35],[-80.8,76.17],[-80.83,76.41],[-81.59,76.48],[-83.39,76.44],[-85.14,76.3],[-85.68,76.35],[-88.55,76.42],[-89.57,76.49],[-89.5,76.83],[-88.4,77.1],[-86.87,77.2],[-87.59,77.39],[-88.09,77.72],[-87.02,77.89],[-85.29,77.56],[-85.59,78.11],[-86.22,78.08],[-87.55,78.18],[-87.49,78.42],[-86.81,78.77],[-85.23,78.9],[-83.98,79.16],[-85.09,79.61],[-86.15,79.74],[-86.61,80.12],[-86.31,80.32],[-83.72,80.23],[-80.05,80.53],[-81.01,80.65],[-82.37,80.56],[-83.4,80.71],[-84.22,80.54],[-86.1,80.56],[-86.6,80.66],[-85.25,80.99],[-85.78,81.04],[-87.33,80.67],[-89.06,80.83],[-89.98,81.12],[-89.67,81.33],[-91.65,81.68],[-90.49,81.88],[-89.63,81.89],[-88.06,82.1],[-86.58,82.19],[-84.9,82.45],[-83.59,82.33],[-82.45,82.43],[-82.12,82.63],[-80.15,82.91],[-77.62,82.9],[-77.12,83.01],[-74.41,83.01],[-69.97,83.12],[-69.49,83.02]]],[[[-95.48,77.79],[-93.3,77.74],[-93.52,77.47],[-95.99,77.48],[-96.19,77.7],[-95.48,77.79]]],[[[-93.54,75.03],[-93.55,74.69],[-94.7,74.64],[-95.87,74.83],[-96.57,75.1],[-95.67,75.53],[-94.43,75.59],[-93.75,75.35],[-93.54,75.03]]],[[[-100,73.95],[-99.16,73.73],[-97.58,73.89],[-97,73.67],[-97.23,73.42],[-97.8,73.29],[-97.72,73.04],[-97.33,72.94],[-96.44,72.49],[-96.77,72.05],[-96.61,71.83],[-97.46,71.63],[-98.18,71.66],[-98.2,71.44],[-98.66,71.3],[-99.28,71.42],[-99.73,71.76],[-100.71,72.19],[-101.25,72.32],[-101.72,72.31],[-101.97,72.49],[-102.71,72.76],[-102.5,73.01],[-101.92,73.06],[-101.35,72.75],[-100.48,72.77],[-100.09,72.94],[-101.45,73.43],[-100.92,73.81],[-100,73.95]]],[[[-84.92,65.26],[-84.61,65.45],[-84.08,65.22],[-83.41,65.1],[-82.67,64.78],[-82.05,64.64],[-81.79,64.43],[-81.67,64.17],[-81.01,64.03],[-80.26,63.8],[-81.05,63.46],[-82.38,63.71],[-82.47,63.93],[-83.49,64.1],[-83.73,63.81],[-84.31,63.59],[-84.55,63.35],[-84.96,63.2],[-85.5,63.14],[-85.71,63.66],[-87.19,63.67],[-86.89,63.92],[-86.25,64.14],[-86.37,64.57],[-86.19,65.01],[-86.02,65.64],[-85.55,65.92],[-85.13,65.69],[-85.24,65.51],[-84.92,65.26]]],[[[-97.7,76.47],[-97.53,76.18],[-97.6,75.85],[-97.41,75.55],[-97.88,75.42],[-97.67,75.13],[-98.12,75.03],[-99.63,74.98],[-100.23,75.01],[-100.48,75.19],[-99.92,75.68],[-102.54,75.51],[-102.8,75.6],[-102.14,75.88],[-101.43,75.99],[-102.14,76.28],[-100.39,76.61],[-99.02,76.61],[-97.7,76.47]]],[[[-103.43,79.32],[-102.65,79.1],[-101.7,79.08],[-100.01,78.73],[-99.85,78.44],[-99.13,78.12],[-99.17,77.86],[-99.96,77.79],[-100.59,77.89],[-101.07,78.19],[-102.73,78.37],[-103.95,78.26],[-104.76,78.35],[-104.73,78.58],[-103.57,78.54],[-103.52,78.77],[-104.9,79.05],[-105.39,79.32],[-103.43,79.32]]],[[[-91.89,81.13],[-90.64,80.59],[-88.64,80.39],[-87.63,80.19],[-86.98,79.89],[-87.14,79.66],[-85.5,79.53],[-85.06,79.33],[-88,78.62],[-88.61,78.39],[-90.61,78.15],[-91.41,78.19],[-92.68,78.39],[-92.72,78.61],[-93.39,78.64],[-94.16,78.99],[-92.68,79.19],[-93.93,79.29],[-95.1,79.29],[-95.73,79.42],[-95.86,79.67],[-96.46,79.85],[-96.77,80.14],[-96.22,80.25],[-96.13,80.69],[-95.27,81],[-94.52,81.03],[-94.06,81.35],[-93.03,81.35],[-91.89,81.13]]],[[[-94.29,76.91],[-93.95,76.92],[-92.72,76.6],[-91.55,76.69],[-89.28,76.3],[-90.25,76.05],[-89.2,75.74],[-88.2,75.51],[-87.26,75.62],[-86.24,75.41],[-85.58,75.58],[-84.6,75.65],[-83.93,75.82],[-83.24,75.75],[-82.15,75.83],[-80.32,75.63],[-79.66,75.45],[-79.51,74.88],[-80.15,74.8],[-80.26,74.58],[-81.23,74.57],[-81.94,74.47],[-82.98,74.58],[-84.43,74.51],[-86.11,74.54],[-86.99,74.48],[-88.42,74.49],[-88.78,74.72],[-89.56,74.55],[-90.55,74.61],[-91.13,74.74],[-91.96,74.79],[-92.39,75.26],[-92.08,75.63],[-92.14,75.8],[-93.09,76.35],[-93.67,76.27],[-95.27,76.26],[-95.79,76.54],[-96.9,76.75],[-96.69,76.99],[-95.85,77.07],[-94.29,76.91]]],[[[-96.2,78.53],[-94.89,78.35],[-95.09,77.99],[-96.48,77.87],[-97.43,77.98],[-98.28,78.44],[-98.33,78.77],[-97.6,78.8],[-96.59,78.69],[-96.2,78.53]]],[[[-93.17,74.16],[-92.22,73.97],[-91.09,74.01],[-90.35,73.87],[-91.62,73.03],[-92.12,72.75],[-93.34,72.8],[-93.77,72.67],[-93.56,72.42],[-94.04,72.03],[-95.19,72.03],[-95.25,72.5],[-95.6,72.88],[-95.65,73.67],[-95.06,73.81],[-94.73,74.09],[-93.17,74.16]]],[[[-97.44,69.64],[-96.3,69.34],[-95.95,69.02],[-95.59,68.84],[-95.89,68.63],[-96.4,68.47],[-97.47,68.54],[-97.7,68.63],[-99.44,68.92],[-99.46,69.13],[-98.91,69.17],[-98.45,69.35],[-98.56,69.46],[-98.2,69.8],[-97.89,69.86],[-97.44,69.64]]],[[[-61.11,45.94],[-60.81,45.74],[-60.47,45.95],[-60.59,46.12],[-60.43,46.26],[-59.87,46.16],[-60.02,45.88],[-60.39,45.65],[-60.67,45.59],[-61.28,45.57],[-61.45,45.72],[-61.5,45.94],[-61.41,46.17],[-61.24,46.3],[-60.87,46.8],[-60.49,47.01],[-60.33,46.77],[-60.58,46.17],[-61.11,45.94]]],[[[-67.12,45.17],[-67.47,45.28],[-67.43,45.6],[-67.78,45.7],[-67.81,47.08],[-68.24,47.35],[-68.83,47.2],[-69.05,47.27],[-69.24,47.46],[-70.01,46.71],[-70.07,46.44],[-70.25,46.25],[-70.29,45.94],[-70.42,45.74],[-70.7,45.55],[-70.71,45.41],[-71.13,45.26],[-71.33,45.29],[-71.52,45.01],[-72.77,45.01],[-74.71,45],[-73.52,45.46],[-73.47,45.63],[-73.16,46.01],[-72.73,46.18],[-72.5,46.35],[-71.9,46.63],[-71.26,46.76],[-70.52,47.03],[-69.8,47.62],[-69.47,47.97],[-68.99,48.28],[-68.24,48.63],[-67.56,48.86],[-66.6,49.13],[-65.52,49.27],[-64.84,49.19],[-64.26,48.92],[-64.35,48.42],[-65.26,48.02],[-65.48,48.03],[-65.93,48.19],[-66.21,47.99],[-65.85,47.91],[-65.67,47.7],[-65.23,47.81],[-64.87,47.8],[-64.91,47.37],[-65.32,47.1],[-64.83,47.06],[-64.91,46.89],[-64.73,46.67],[-64.54,46.24],[-63.92,46.17],[-63.87,45.96],[-63.29,45.75],[-62.91,45.78],[-62.48,45.62],[-61.96,45.87],[-61.88,45.71],[-61.49,45.69],[-61.28,45.44],[-61.03,45.29],[-61.65,45.13],[-62.51,44.84],[-63.31,44.64],[-63.61,44.48],[-64.17,44.59],[-64.38,44.3],[-64.86,43.87],[-65.23,43.73],[-65.48,43.52],[-65.74,43.56],[-65.89,43.8],[-66.13,43.81],[-66.19,44.14],[-66.1,44.37],[-65.66,44.76],[-64.9,45.12],[-64.45,45.26],[-64.24,45.11],[-63.91,45.38],[-64.6,45.41],[-64.83,45.48],[-65.28,45.47],[-65.88,45.22],[-66.11,45.26],[-66.35,45.13],[-66.87,45.07],[-67.12,45.17]]],[[[-55.46,51.54],[-55.63,51.37],[-56.03,51.33],[-55.78,51.09],[-55.87,50.91],[-56.69,50.06],[-56.25,50.09],[-55.58,49.89],[-55.9,49.68],[-55.68,49.43],[-55.28,49.51],[-55.22,49.33],[-54.91,49.32],[-54.5,49.53],[-54.36,49.42],[-53.86,49.43],[-53.62,49.32],[-53.57,49.14],[-53.95,48.81],[-53.79,48.53],[-53.55,48.48],[-53.28,48.56],[-53.06,48.48],[-53.53,48.23],[-53.28,48],[-53.12,47.46],[-52.68,47.43],[-52.91,47.1],[-53.07,46.68],[-53.62,46.68],[-54.01,46.84],[-54.09,47.09],[-53.87,47.39],[-53.99,47.76],[-54.19,47.86],[-54.43,47.46],[-54.86,47.39],[-55.25,46.94],[-55.84,46.87],[-55.84,47.07],[-55.49,47.16],[-55.19,47.45],[-55.86,47.53],[-55.84,47.79],[-56.22,47.67],[-56.95,47.57],[-57.93,47.67],[-58.43,47.68],[-59.12,47.57],[-59.36,47.87],[-59.27,48],[-58.6,48.41],[-58.72,48.6],[-58.4,49.08],[-58.1,49.08],[-58.21,49.39],[-58.02,49.54],[-57.27,50.73],[-57.05,50.86],[-56.75,51.27],[-56.03,51.57],[-55.69,51.47],[-55.46,51.54]]],[[[-86.59,71.01],[-85.64,71.15],[-84.79,71.09],[-84.66,71.59],[-85.34,71.7],[-85.91,71.99],[-85.41,72.21],[-85.34,72.42],[-85.64,72.63],[-85.62,72.82],[-85.26,72.95],[-85.45,73.11],[-85.02,73.34],[-82.84,73.72],[-81.61,73.7],[-81.15,73.31],[-80.6,73.12],[-80.27,72.75],[-80.68,72.56],[-80.18,72.21],[-79.65,72.33],[-78.45,72.44],[-78.35,72.6],[-77.57,72.74],[-76.7,72.7],[-75.7,72.57],[-75.12,72.38],[-74.9,72.1],[-74.27,72.04],[-74.4,71.67],[-73.31,71.48],[-72.9,71.68],[-71.64,71.52],[-71.22,71.24],[-71.19,70.98],[-70.64,71.01],[-69.95,70.85],[-68.5,70.61],[-68.36,70.48],[-67.36,70.03],[-67.17,69.8],[-68.19,69.73],[-68.51,69.58],[-67.91,69.46],[-67.24,69.46],[-66.77,69.34],[-66.8,69.15],[-67.61,69.17],[-67.88,68.78],[-67.66,68.55],[-66.76,68.42],[-66.21,68.28],[-66.23,67.96],[-65.7,67.99],[-65.02,67.79],[-64.53,67.81],[-64.16,67.62],[-64.01,67.35],[-63.59,67.38],[-63.04,67.24],[-63.26,67.02],[-62.38,66.91],[-61.97,67.02],[-61.3,66.65],[-61.86,66.31],[-62.02,66.07],[-62.45,65.95],[-62.66,65.64],[-63.34,65.62],[-63.4,65.12],[-64.67,65.17],[-65.11,65.46],[-65.42,65.99],[-65.83,66],[-66.48,66.28],[-66.79,66.56],[-67.31,66.3],[-67.18,66.03],[-67.55,65.92],[-67.33,65.36],[-66.8,65.02],[-65.94,64.89],[-65.27,64.63],[-65.07,64.44],[-65.35,64.23],[-65.01,64.01],[-64.68,64.03],[-64.51,63.26],[-65.07,63.26],[-64.68,62.9],[-65.05,62.7],[-65.27,62.72],[-65.92,62.97],[-66.41,63.03],[-67.18,63.31],[-67.5,63.48],[-67.84,63.45],[-68.49,63.73],[-68.91,63.7],[-68.14,63.17],[-67.47,62.95],[-66.64,62.6],[-66.28,62.3],[-66.06,61.91],[-66.42,61.89],[-67.44,62.15],[-68.38,62.24],[-69.13,62.42],[-69.6,62.77],[-70.24,62.76],[-71.25,63.04],[-71.86,63.36],[-71.46,63.51],[-71.73,63.71],[-72.22,63.71],[-73.44,64.42],[-73.28,64.56],[-74.42,64.63],[-75.07,64.46],[-75.49,64.54],[-75.77,64.39],[-76.12,64.38],[-76.72,64.24],[-77.76,64.36],[-78.2,64.66],[-78.1,64.94],[-77.45,65.16],[-77.36,65.44],[-76.48,65.37],[-75.83,65.23],[-74.57,65.36],[-73.99,65.52],[-73.75,65.77],[-74.28,66.01],[-74.37,66.21],[-73.03,66.73],[-72.79,67.03],[-72.22,67.25],[-73.06,68.11],[-73.33,68.27],[-74.65,68.71],[-74.75,68.89],[-75.52,68.95],[-76.4,68.69],[-76.56,69.01],[-75.95,69.03],[-75.65,69.21],[-77.13,69.65],[-77.59,69.85],[-77.77,70.24],[-78.28,70.23],[-78.89,69.98],[-79.62,69.89],[-80.16,70],[-81.1,70.09],[-81.2,69.98],[-82.14,69.84],[-83.15,70.01],[-83.86,69.96],[-85.43,70.11],[-86.2,70.11],[-86.81,70.39],[-87.9,70.25],[-88.78,70.49],[-89.21,70.76],[-89.37,71],[-88.7,71.05],[-87.84,70.94],[-87.87,71.21],[-88.59,71.24],[-89.42,71.35],[-89.85,71.49],[-90.03,71.95],[-89.66,72.16],[-89.82,72.47],[-89.36,72.8],[-89.23,73.11],[-88.71,73.4],[-87.72,73.72],[-86.77,73.83],[-85.11,73.81],[-84.97,73.69],[-86.09,73.26],[-86.67,72.76],[-86.32,72.46],[-86.22,71.9],[-85.75,71.64],[-85.02,71.35],[-85.41,71.23],[-86.59,71.01]]],[[[-61.8,49.09],[-62.22,49.08],[-63.04,49.22],[-63.57,49.4],[-64.13,49.94],[-63.29,49.82],[-62.86,49.71],[-61.82,49.28],[-61.8,49.09]]],[[[-63.81,46.47],[-63.68,46.56],[-63.13,46.42],[-62.16,46.49],[-62.53,46.2],[-62.53,45.98],[-62.8,45.97],[-63.05,46.27],[-63.28,46.15],[-63.64,46.23],[-63.81,46.47]]],[[[-82,62.95],[-82.11,62.65],[-83.02,62.21],[-83.7,62.16],[-83.9,62.48],[-83.38,62.9],[-82.97,62.87],[-82.23,62.98],[-82,62.95]]],[[[-79.55,62.41],[-79.29,62.25],[-79.32,62.03],[-79.71,61.61],[-80.27,61.82],[-80.18,62.21],[-79.87,62.4],[-79.55,62.41]]],[[[-75.68,68.32],[-75.15,68.23],[-75.09,67.63],[-75.2,67.46],[-75.78,67.28],[-76.86,67.24],[-77.08,67.32],[-77.31,67.71],[-76.74,68.23],[-76.36,68.32],[-75.68,68.32]]],[[[-79.54,73.65],[-78.29,73.67],[-77.21,73.5],[-76.29,73.08],[-76.4,72.82],[-77.84,72.9],[-79.5,72.76],[-79.94,72.86],[-80.18,73.22],[-80.78,73.33],[-80.86,73.59],[-80.41,73.77],[-79.54,73.65]]],[[[-80.73,52.75],[-81.01,52.76],[-81.84,52.96],[-81.85,53.19],[-81.14,53.21],[-80.9,53.04],[-80.73,52.75]]],[[[-89.83,77.27],[-90.99,77.33],[-91.18,77.56],[-90.17,77.59],[-89.72,77.44],[-89.83,77.27]]],[[[-105.29,72.92],[-106.18,73.3],[-106.95,73.51],[-106.61,73.7],[-105.51,73.77],[-104.59,73.58],[-104.58,73.35],[-105.29,72.92]]],[[[-102.23,76.01],[-102.58,75.78],[-103.31,75.76],[-104.24,76.05],[-104.35,76.18],[-103.1,76.31],[-102.58,76.28],[-102.23,76.01]]],[[[-113.83,77.75],[-114.61,77.77],[-115.03,77.97],[-114.33,78.08],[-113.72,77.89],[-113.83,77.75]]],[[[-130.58,54.77],[-130.21,55.03],[-130.35,54.81],[-130.58,54.77]]],[[[-128.55,52.94],[-128.51,52.52],[-128.75,52.56],[-129.08,52.82],[-129.18,53.02],[-128.97,53.27],[-128.63,53.11],[-128.55,52.94]]],[[[-64.83,61.37],[-65.39,61.56],[-65.13,61.69],[-64.67,61.59],[-64.83,61.37]]],[[[-73.62,67.78],[-74.48,67.8],[-74.75,67.98],[-74.38,68.09],[-73.46,67.99],[-73.62,67.78]]],[[[-77.88,63.47],[-77.54,63.29],[-77.94,63.11],[-78.54,63.42],[-77.88,63.47]]],[[[-79.21,68.85],[-78.6,69.37],[-78.23,69.3],[-78.78,68.95],[-79.21,68.85]]],[[[-104.12,75.04],[-104.89,75.15],[-104.35,75.43],[-103.8,75.35],[-103.71,75.11],[-104.12,75.04]]]]},"properties":{"iso_a3":"CAN"}},{"type":"Feature","geometry":{"type":"Polygon","coordinates":[[[96.84,-12.18],[96.85,-12.19],[96.87,-12.18],[96.87,-12.19],[96.85,-12.2],[96.84,-12.18]]]},"properties":{"iso_a3":"CCK"}},{"type":"Feature","geometry":{"type":"Polygon","coordinates":[[[9.52,47.52],[9.53,47.27],[9.48,47.17],[9.58,47.06],[9.85,47.01],[10.13,46.85],[10.45,46.86],[10.43,46.55],[10.09,46.6],[9.88,46.37],[9.25,46.29],[8.89,45.92],[8.44,46.28],[8.13,46.16],[7.79,45.92],[7.54,45.98],[7.13,45.88],[7.02,45.93],[6.77,46.17],[6.76,46.42],[6.06,46.43],[6.16,46.61],[6.41,46.76],[7,47.32],[7.42,47.46],[7.62,47.59],[7.93,47.56],[8.62,47.77],[8.87,47.66],[9.18,47.67],[9.52,47.52]]]},"properties":{"iso_a3":"CHE"}},{"type":"Feature","geometry":{"type":"MultiPolygon","coordinates":[[[[-70.42,-18.35],[-70.18,-18.33],[-69.93,-18.21],[-69.8,-17.9],[-69.85,-17.7],[-69.51,-17.51],[-69.31,-17.94],[-69.09,-18.05],[-69.09,-18.28],[-68.97,-18.97],[-68.49,-19.45],[-68.7,-19.72],[-68.58,-19.86],[-68.73,-20.07],[-68.69,-20.31],[-68.75,-20.46],[-68.5,-20.61],[-68.56,-20.9],[-68.44,-20.95],[-68.2,-21.3],[-68.19,-21.62],[-68.08,-21.98],[-67.99,-22.06],[-67.88,-22.49],[-67.88,-22.82],[-67.58,-22.89],[-67.19,-22.82],[-67.01,-23],[-67.36,-24.03],[-68.25,-24.39],[-68.51,-24.63],[-68.56,-24.84],[-68.43,-25.15],[-68.54,-25.24],[-68.6,-25.49],[-68.41,-26.15],[-68.58,-26.35],[-68.58,-26.52],[-68.32,-26.88],[-68.35,-27.03],[-68.65,-27.15],[-68.85,-27.15],[-69,-27.45],[-69.17,-27.92],[-69.66,-28.41],[-69.83,-29.1],[-70.03,-29.32],[-69.86,-30.12],[-69.96,-30.36],[-70.16,-30.44],[-70.35,-30.9],[-70.31,-31.02],[-70.52,-31.15],[-70.59,-31.57],[-70.36,-32.04],[-70.32,-32.27],[-70.17,-32.47],[-70.02,-33.27],[-69.8,-33.4],[-69.89,-33.73],[-69.85,-34.22],[-70.05,-34.3],[-70.29,-34.73],[-70.39,-35.15],[-70.53,-35.22],[-70.38,-35.77],[-70.4,-36.06],[-70.72,-36.28],[-70.75,-36.39],[-71.06,-36.52],[-71.19,-36.84],[-71.12,-37.06],[-71.2,-37.3],[-71.13,-37.45],[-71.17,-37.76],[-71.03,-38.04],[-70.97,-38.45],[-70.85,-38.54],[-70.95,-38.74],[-71.35,-38.89],[-71.43,-38.99],[-71.42,-39.29],[-71.54,-39.6],[-71.72,-39.64],[-71.64,-39.89],[-71.72,-40.3],[-71.93,-40.69],[-71.87,-40.89],[-71.91,-41.65],[-71.76,-42.1],[-72.11,-42.25],[-72.14,-42.58],[-72.1,-43.07],[-71.78,-43.17],[-71.9,-43.44],[-71.75,-43.59],[-71.68,-43.93],[-71.81,-44.11],[-71.82,-44.38],[-71.33,-44.42],[-71.15,-44.49],[-71.26,-44.76],[-71.6,-44.98],[-71.35,-45.23],[-71.51,-45.51],[-71.75,-45.58],[-71.75,-45.84],[-71.63,-45.95],[-71.88,-46.16],[-71.76,-46.32],[-71.73,-46.71],[-71.94,-46.83],[-71.95,-47.09],[-72.1,-47.34],[-72.35,-47.49],[-72.52,-47.88],[-72.33,-48.11],[-72.35,-48.37],[-72.61,-48.52],[-72.59,-48.73],[-72.73,-48.9],[-73.03,-49.01],[-73.14,-49.3],[-73.46,-49.31],[-73.58,-49.58],[-73.47,-49.79],[-73.5,-50.13],[-73.31,-50.36],[-73.15,-50.74],[-72.51,-50.61],[-72.34,-50.68],[-72.28,-50.91],[-72.38,-51.1],[-72.3,-51.3],[-72.41,-51.54],[-71.95,-51.88],[-71.92,-51.99],[-69.96,-52.01],[-69.49,-52.14],[-69.21,-52.14],[-68.44,-52.36],[-69.24,-52.21],[-69.56,-52.42],[-70.8,-52.77],[-70.95,-53.23],[-71,-53.78],[-71.3,-53.88],[-72.1,-53.67],[-72.38,-53.47],[-72.31,-53.25],[-71.74,-53.23],[-71.4,-53.11],[-71.16,-52.85],[-71.39,-52.76],[-72.13,-53.06],[-72.73,-53.42],[-73.05,-53.24],[-72.89,-52.87],[-72.45,-52.81],[-72.12,-52.65],[-72.23,-52.52],[-72.78,-52.58],[-72.8,-52.71],[-73.12,-53.07],[-73.34,-53.05],[-73.65,-52.84],[-73.59,-52.69],[-74.01,-52.64],[-74.04,-52.4],[-73.83,-52.23],[-73.33,-52.17],[-72.7,-51.99],[-72.93,-51.86],[-73.38,-52.07],[-73.75,-51.8],[-73.97,-51.78],[-73.9,-51.33],[-74.81,-51.06],[-75.06,-50.79],[-74.65,-50.62],[-74.78,-50.47],[-74.63,-50.19],[-74.33,-49.97],[-74.22,-49.5],[-74.35,-49.43],[-74.38,-48.79],[-74.34,-48.49],[-74.58,-48.27],[-74.58,-48],[-74.38,-47.83],[-74.65,-47.7],[-74.4,-47.33],[-74.16,-47.18],[-74.15,-46.97],[-75.01,-46.74],[-75.15,-46.6],[-75.66,-46.61],[-74.92,-46.16],[-75.07,-45.87],[-74.46,-45.84],[-74.16,-45.77],[-74.12,-45.5],[-73.96,-45.4],[-73.55,-45.48],[-73.36,-44.98],[-73.08,-44.92],[-72.74,-44.73],[-72.66,-44.44],[-73.27,-44.17],[-73.22,-43.9],[-73.07,-43.86],[-73,-43.63],[-73.08,-43.32],[-72.76,-43.04],[-72.85,-42.67],[-72.79,-42.3],[-72.63,-42.2],[-72.82,-41.91],[-72.66,-41.74],[-72.81,-41.54],[-73.01,-41.54],[-73.17,-41.75],[-73.52,-41.8],[-73.86,-41.45],[-73.97,-41.12],[-73.92,-40.87],[-73.67,-40.08],[-73.67,-39.96],[-73.41,-39.79],[-73.25,-39.42],[-73.23,-39.22],[-73.52,-38.51],[-73.46,-38.04],[-73.66,-37.7],[-73.6,-37.19],[-73.22,-37.17],[-73.12,-36.69],[-72.87,-36.39],[-72.78,-35.98],[-72.59,-35.76],[-72.62,-35.59],[-72.39,-35.24],[-72.22,-35.1],[-72.06,-34.62],[-72,-34.17],[-71.83,-33.82],[-71.66,-33.65],[-71.74,-33.1],[-71.59,-32.97],[-71.45,-32.66],[-71.42,-32.39],[-71.51,-32.21],[-71.53,-31.81],[-71.66,-31.17],[-71.71,-30.76],[-71.67,-30.33],[-71.4,-30.14],[-71.32,-29.65],[-71.35,-29.35],[-71.49,-29.2],[-71.52,-28.93],[-71.31,-28.67],[-71.19,-28.38],[-71.09,-27.81],[-70.93,-27.59],[-70.9,-27.19],[-70.65,-26.33],[-70.64,-25.99],[-70.71,-25.78],[-70.49,-25.38],[-70.45,-25.17],[-70.56,-24.78],[-70.55,-24.33],[-70.49,-23.78],[-70.39,-23.57],[-70.59,-23.37],[-70.56,-23.06],[-70.33,-22.85],[-70.23,-22.19],[-70.09,-21.49],[-70.09,-21.25],[-70.2,-20.73],[-70.15,-20.23],[-70.15,-19.81],[-70.28,-19.27],[-70.36,-18.4],[-70.42,-18.35]]],[[[-68.63,-52.65],[-68.64,-53.52],[-68.65,-54.85],[-69.08,-54.91],[-69.49,-54.86],[-69.72,-54.71],[-70.03,-54.82],[-70.5,-54.81],[-71.23,-54.69],[-71.16,-54.45],[-70.76,-54.24],[-70.87,-53.88],[-70.53,-53.63],[-70.38,-54.18],[-70.17,-54.38],[-69.74,-54.31],[-69.99,-54.11],[-70.15,-53.76],[-69.35,-53.48],[-69.64,-53.33],[-70.09,-53.42],[-70.33,-53.38],[-70.39,-53.03],[-69.88,-52.8],[-69.5,-52.49],[-69.17,-52.67],[-68.79,-52.58],[-68.63,-52.65]]],[[[-67.08,-55.15],[-67.74,-55.26],[-68.07,-55.22],[-68.11,-54.93],[-67.25,-54.98],[-67.08,-55.15]]],[[[-73.77,-43.35],[-74.11,-43.36],[-74.39,-43.23],[-74.21,-42.88],[-74.16,-42.22],[-74.02,-41.89],[-73.53,-41.9],[-73.44,-42.28],[-73.47,-42.47],[-73.79,-42.59],[-73.44,-42.94],[-73.75,-43.16],[-73.77,-43.35]]],[[[-74.48,-49.15],[-74.59,-50.01],[-75.03,-49.84],[-75.3,-49.85],[-75.31,-49.49],[-75.47,-49.36],[-75.18,-49.08],[-74.95,-48.96],[-74.98,-48.82],[-74.75,-48.71],[-74.53,-48.81],[-74.48,-49.15]]],[[[-75.51,-48.76],[-75.65,-48.59],[-75.52,-48.33],[-75.56,-48.07],[-75.39,-48.02],[-75.16,-48.43],[-75.16,-48.62],[-75.51,-48.76]]],[[[-74.57,-48.59],[-74.92,-48.63],[-75.21,-48.14],[-74.98,-47.92],[-74.73,-48.13],[-74.57,-48.59]]],[[[-72.92,-53.48],[-72.48,-53.59],[-72.21,-53.81],[-72.56,-54.07],[-72.88,-54.04],[-72.98,-53.86],[-73.31,-53.92],[-73.64,-53.57],[-73.37,-53.47],[-72.92,-53.48]]],[[[-74.82,-51.63],[-74.78,-51.82],[-74.53,-51.99],[-74.85,-52.27],[-75.11,-51.79],[-74.82,-51.63]]],[[[-69.7,-54.92],[-68.9,-55.02],[-68.46,-54.96],[-68.28,-55.26],[-68.29,-55.52],[-68.87,-55.45],[-69.01,-55.26],[-69.3,-55.17],[-69.46,-55.42],[-69.98,-55.15],[-69.7,-54.92]]],[[[-71.39,-54.03],[-71.02,-54.11],[-71.14,-54.37],[-71.47,-54.23],[-71.97,-54.21],[-72.21,-54.05],[-72,-53.88],[-71.39,-54.03]]],[[[-73.74,-44.39],[-73.98,-44.49],[-73.72,-45.16],[-73.85,-45.34],[-74.1,-45.33],[-74.35,-44.91],[-74.62,-44.65],[-74.5,-44.47],[-74.1,-44.39],[-74.08,-44.19],[-73.9,-44.13],[-73.74,-44.39]]],[[[-72.99,-44.78],[-73.35,-44.83],[-73.45,-44.64],[-73.21,-44.33],[-72.76,-44.55],[-72.99,-44.78]]],[[[-75.11,-48.84],[-75.26,-49.07],[-75.49,-49.08],[-75.62,-48.89],[-75.11,-48.84]]],[[[-75.05,-50.3],[-75.45,-50.34],[-75.33,-50.01],[-74.88,-50.11],[-75.05,-50.3]]]]},"properties":{"iso_a3":"CHL"}},{"type":"Feature","geometry":{"type":"MultiPolygon","coordinates":[[[[107.97,21.51],[107.8,21.65],[107.35,21.61],[107.06,21.79],[107.01,21.89],[106.73,22],[106.58,22.57],[106.78,22.78],[106.54,22.91],[106.34,22.86],[106.18,22.96],[105.84,22.92],[105.55,23.07],[105.28,23.35],[104.86,23.14],[104.8,22.91],[104.37,22.7],[104.21,22.81],[104.05,22.75],[103.92,22.54],[103.64,22.77],[103.47,22.6],[103.27,22.71],[103.01,22.45],[102.52,22.74],[102.41,22.71],[102.13,22.38],[101.67,22.46],[101.52,22.25],[101.6,21.99],[101.74,21.83],[101.7,21.15],[101.54,21.23],[101.22,21.22],[101.14,21.57],[101.08,21.76],[100.84,21.66],[100.68,21.5],[100.21,21.46],[99.98,21.7],[99.92,22.03],[99.23,22.11],[99.17,22.19],[99.34,22.5],[99.39,22.83],[99.51,22.96],[99.34,23.1],[98.86,23.19],[98.79,23.74],[98.68,23.84],[98.76,24.12],[98.02,24.07],[97.69,24.13],[97.67,24.38],[97.53,24.49],[97.58,24.77],[97.74,24.87],[97.71,25.03],[97.82,25.25],[98.01,25.29],[98.14,25.57],[98.3,25.57],[98.65,25.92],[98.74,26.79],[98.65,27.57],[98.24,27.66],[98.1,28.14],[97.89,28.36],[97.54,28.51],[97.32,28.22],[97.08,28.37],[96.78,28.37],[96.33,28.53],[96.58,28.76],[96.44,29.05],[96.16,28.91],[96.19,29.27],[96.04,29.45],[95.52,29.21],[95.42,29.05],[94.77,29.18],[94.62,29.31],[94.29,29.14],[93.9,28.8],[93.66,28.69],[93.25,28.63],[93.12,28.4],[92.7,28.15],[92.66,27.95],[92.41,27.82],[92.1,27.81],[91.98,27.73],[91.63,27.76],[91.61,27.95],[91.27,28.08],[91.08,27.97],[90.63,28.08],[90.35,28.08],[90.35,28.24],[89.98,28.31],[89.54,28.11],[88.95,27.46],[88.89,27.32],[88.75,27.52],[88.85,27.87],[88.8,28.01],[88.58,28.09],[88.14,27.95],[88.11,27.87],[87.86,27.89],[87.68,27.82],[87.14,27.84],[87.02,27.93],[86.55,28.09],[86.41,27.93],[85.84,28.14],[85.68,28.28],[85.21,28.29],[84.86,28.55],[84.71,28.6],[84.23,28.91],[84.1,29.22],[83.94,29.28],[83.58,29.18],[83.16,29.61],[82.85,29.68],[82.49,29.94],[82.22,30.06],[82.04,30.33],[81.64,30.39],[81.42,30.34],[81.26,30.09],[81.01,30.16],[80.99,30.24],[80.61,30.45],[80.19,30.57],[80.08,30.78],[79.79,30.97],[79.57,30.95],[79.39,31.06],[79.11,31.4],[78.79,31.29],[78.69,31.74],[78.74,31.96],[78.5,32.22],[78.41,32.56],[78.7,32.6],[78.92,32.36],[79.22,32.5],[79.2,32.95],[79.14,33.17],[78.8,33.5],[78.75,34.09],[78.97,34.23],[78.94,34.35],[78.67,34.52],[78.33,34.61],[78.01,35.25],[78.05,35.45],[77.8,35.5],[77.57,35.47],[77.09,35.55],[76.77,35.66],[76.56,35.77],[76.25,35.81],[75.9,36.09],[75.97,36.38],[75.84,36.65],[75.42,36.74],[75.35,36.91],[75.05,36.99],[74.89,36.95],[74.54,37.02],[74.37,37.16],[74.74,37.29],[74.89,37.23],[75.12,37.39],[74.89,37.6],[74.94,37.77],[74.79,38.1],[74.84,38.4],[74.75,38.51],[74.28,38.66],[74.03,38.54],[73.8,38.61],[73.7,38.85],[73.8,39],[73.61,39.23],[73.63,39.45],[73.91,39.58],[73.84,39.8],[74.02,40.06],[74.41,40.14],[75,40.45],[75.58,40.61],[75.68,40.31],[76.06,40.39],[76.32,40.35],[76.48,40.45],[76.82,40.98],[76.99,41.04],[77.58,40.99],[78.12,41.08],[78.36,41.37],[79.29,41.78],[79.77,41.9],[79.84,42],[80.22,42.03],[80.21,42.19],[80.26,42.27],[80.16,42.63],[80.39,43.04],[80.79,43.16],[80.5,43.89],[80.36,44.1],[80.34,44.44],[80.4,44.68],[80.06,45.01],[80.63,45.13],[80.85,45.13],[81.6,45.31],[81.99,45.16],[82.6,45.22],[82.58,45.44],[82.31,45.56],[82.56,46.16],[83,47.03],[83.19,47.19],[83.71,47.02],[84.34,47],[84.72,46.94],[84.86,46.84],[85.23,47.04],[85.48,47.06],[85.66,47.25],[85.53,47.92],[85.75,48.39],[86.55,48.53],[86.72,48.7],[86.75,49.01],[86.89,49.09],[87.32,49.09],[87.81,49.16],[87.83,48.79],[87.98,48.56],[88.52,48.38],[88.58,48.22],[89.05,48],[89.48,48.03],[89.83,47.82],[90.31,47.68],[90.48,47.33],[90.72,47],[90.87,46.95],[91.03,46.53],[90.91,46.27],[91,46.04],[90.71,45.73],[90.66,45.53],[90.88,45.2],[91.58,45.08],[92.42,45.01],[92.79,45.04],[93.66,44.9],[93.96,44.67],[94.2,44.65],[94.71,44.35],[95.05,44.26],[95.35,44.28],[95.33,44.04],[95.57,43.89],[95.91,43.21],[96.3,42.93],[96.39,42.72],[97.21,42.79],[98.25,42.68],[99.47,42.57],[99.98,42.68],[101.09,42.55],[101.5,42.54],[101.71,42.47],[101.97,42.22],[102.16,42.16],[103.07,42.01],[103.71,41.75],[104.5,41.88],[104.5,41.66],[104.98,41.6],[105.87,41.99],[106.77,42.29],[108.17,42.45],[108.69,42.42],[109.34,42.44],[110.4,42.77],[111.01,43.34],[111.55,43.5],[111.93,43.71],[111.84,43.93],[111.52,44.19],[111.4,44.37],[111.62,44.83],[111.9,45.06],[112.41,45.06],[112.6,44.92],[113.05,44.81],[113.59,44.75],[114.03,44.94],[114.42,45.2],[114.56,45.39],[115.16,45.39],[115.68,45.46],[116.24,45.8],[116.21,45.89],[116.56,46.29],[116.86,46.39],[117.27,46.35],[117.39,46.54],[117.67,46.52],[118.31,46.72],[119.62,46.6],[119.87,46.67],[119.9,46.86],[119.71,47.15],[119.12,47.56],[118.76,47.76],[118.5,47.98],[118.15,48.03],[117.77,47.99],[117.35,47.65],[117.07,47.81],[116.76,47.87],[116.23,47.86],[115.9,47.69],[115.56,47.95],[115.53,48.13],[115.79,48.25],[115.82,48.58],[116.03,48.84],[116.68,49.82],[117.25,49.62],[117.87,49.51],[118.45,49.84],[118.76,49.96],[119.15,50.01],[119.33,50.15],[119.19,50.38],[119.57,50.95],[120.07,51.6],[120.68,51.97],[120.75,52.1],[120.66,52.57],[120.04,52.72],[120.7,53.17],[120.99,53.28],[121.41,53.32],[122.34,53.49],[122.74,53.47],[123.31,53.56],[123.61,53.55],[124.81,53.13],[124.97,53.2],[125.6,53.06],[125.73,52.89],[126.05,52.74],[126.38,52.29],[126.51,51.93],[126.81,51.51],[126.92,51.1],[127.31,50.71],[127.34,50.35],[127.59,50.21],[127.5,49.87],[127.81,49.62],[128.24,49.56],[128.7,49.6],[129.12,49.36],[129.5,49.39],[130.2,48.89],[130.55,48.86],[130.55,48.6],[130.75,48.43],[130.73,48.02],[131,47.69],[131.32,47.73],[131.79,47.68],[132.38,47.73],[133.14,48.11],[133.47,48.1],[133.84,48.27],[134.46,48.36],[134.67,48.25],[134.57,48.02],[134.75,47.72],[134.6,47.52],[134.17,47.3],[134.2,47.13],[133.87,46.5],[133.86,46.25],[133.51,45.88],[133.44,45.6],[133.19,45.49],[133.11,45.13],[132.94,45.03],[131.98,45.24],[131.65,45.21],[131.45,44.98],[131.08,44.91],[130.97,44.8],[131.09,44.6],[131.26,44.07],[131.18,43.51],[131.26,43.38],[131.07,42.9],[130.49,42.78],[130.53,42.54],[130.25,42.74],[130.12,42.96],[129.86,42.97],[129.7,42.45],[129.37,42.44],[129.2,42.22],[128.92,42.04],[128.05,41.99],[128.03,41.9],[128.29,41.56],[128.2,41.43],[127.69,41.44],[127.14,41.55],[126.9,41.78],[126.6,41.64],[126.49,41.36],[125.99,40.9],[125.73,40.87],[125.42,40.66],[124.89,40.46],[124.39,40.1],[124.36,40],[124.11,39.84],[123.35,39.76],[123.03,39.67],[122.33,39.37],[122.12,39.15],[121.65,38.87],[121.32,38.81],[121.11,38.92],[121.68,39.11],[121.51,39.37],[121.52,39.84],[121.8,39.95],[122.19,40.36],[122.28,40.54],[122.14,40.69],[121.77,40.88],[121.17,40.9],[120.77,40.59],[120.48,40.23],[119.59,39.9],[119.39,39.75],[119.22,39.41],[118.98,39.18],[118.63,39.18],[118.3,39.07],[118.04,39.23],[117.78,39.13],[117.55,38.69],[117.66,38.42],[118.01,38.18],[118.54,38.09],[118.8,38.13],[118.94,38.04],[119.09,37.7],[118.99,37.64],[118.95,37.33],[119.11,37.2],[119.45,37.12],[119.76,37.16],[119.88,37.35],[120.16,37.5],[120.37,37.7],[120.75,37.83],[121.22,37.6],[121.64,37.46],[121.96,37.45],[122.06,37.53],[122.34,37.41],[122.6,37.43],[122.52,36.95],[122.34,36.83],[122.16,36.96],[121.93,36.96],[120.99,36.6],[120.9,36.44],[120.68,36.34],[120.68,36.17],[120.05,35.86],[119.87,35.64],[119.72,35.59],[119.43,35.3],[119.22,35.01],[119.35,34.75],[119.58,34.58],[120.2,34.33],[120.32,34.17],[120.5,33.72],[120.87,33.02],[120.85,32.66],[121.29,32.46],[121.4,32.21],[121.83,31.9],[121.68,31.71],[121.35,31.86],[121.06,31.72],[121.35,31.49],[121.66,31.32],[121.88,30.92],[121.53,30.84],[121,30.56],[121.16,30.3],[121.43,30.23],[121.68,29.98],[121.94,29.89],[121.89,29.63],[121.97,29.49],[121.92,29.14],[121.72,29.26],[121.63,28.77],[121.48,28.64],[121.6,28.37],[121.35,28.23],[121.1,28.29],[120.96,28.04],[120.59,27.58],[120.54,27.32],[120.28,27.1],[120.14,26.89],[120.09,26.67],[119.97,26.59],[119.88,26.33],[119.46,26.05],[119.65,25.92],[119.54,25.59],[119.42,25.46],[119.18,25.45],[119.24,25.21],[119.02,25.22],[118.96,25],[118.64,24.81],[118.66,24.62],[118.01,24.56],[118.06,24.25],[117.84,24.01],[117.74,24.01],[117.15,23.6],[116.91,23.65],[116.86,23.45],[116.54,23.18],[116.47,22.95],[115.85,22.8],[115.64,22.85],[115.5,22.72],[115.2,22.82],[114.85,22.62],[114.65,22.76],[114.5,22.53],[114.27,22.54],[114.02,22.51],[113.83,22.61],[113.55,22.59],[113.55,22.22],[113.49,22.24],[113.48,22.2],[113.27,22.09],[113.01,22.12],[112.59,21.78],[112.3,21.74],[111.94,21.85],[111.6,21.56],[110.77,21.39],[110.57,21.21],[110.46,21.23],[110.19,21.04],[110.18,20.86],[110.51,20.52],[110.45,20.36],[110.12,20.26],[109.94,20.3],[109.66,20.92],[109.78,21.34],[109.76,21.56],[109.15,21.43],[109.03,21.63],[108.77,21.63],[108.62,21.77],[108.32,21.69],[108.25,21.56],[107.97,21.51]]],[[[110.89,19.99],[111.01,19.66],[110.82,19.56],[110.64,19.29],[110.48,18.81],[110.05,18.51],[109.82,18.4],[109.7,18.26],[109.52,18.22],[109.03,18.37],[108.7,18.54],[108.64,18.87],[108.65,19.27],[109.06,19.61],[109.31,19.9],[109.65,19.98],[109.91,19.96],[110.21,20.06],[110.6,20.1],[110.89,19.99]]]]},"properties":{"iso_a3":"CHN"}},{"type":"Feature","geometry":{"type":"Polygon","coordinates":[[[-7.99,10.16],[-7.81,10.24],[-7.66,10.43],[-7.5,10.44],[-7.36,10.26],[-7.04,10.14],[-6.95,10.34],[-6.69,10.35],[-6.68,10.63],[-6.25,10.72],[-6.19,10.4],[-6.03,10.19],[-5.84,10.39],[-5.52,10.43],[-5.38,10.31],[-5.1,10.24],[-4.97,9.93],[-4.63,9.71],[-4.33,9.65],[-4.27,9.74],[-3.79,9.92],[-3.22,9.9],[-2.99,9.69],[-2.88,9.5],[-2.7,9.48],[-2.67,9.28],[-2.75,9.11],[-2.6,8.78],[-2.51,8.21],[-2.79,7.93],[-2.9,7.69],[-2.99,7.2],[-3.24,6.81],[-3.2,6.35],[-3,5.71],[-2.79,5.6],[-2.75,5.43],[-2.8,5.18],[-3.02,5.13],[-3.17,5.2],[-3.35,5.13],[-4.04,5.23],[-4.9,5.14],[-5.02,5.2],[-5.91,5.01],[-6.92,4.64],[-7.06,4.54],[-7.54,4.35],[-7.59,4.82],[-7.4,5.55],[-7.45,5.84],[-7.8,5.98],[-7.89,6.23],[-8.2,6.29],[-8.6,6.51],[-8.33,6.8],[-8.3,7.07],[-8.49,7.56],[-8.23,7.56],[-8.01,8.08],[-8.26,8.25],[-8.24,8.46],[-7.82,8.47],[-7.78,8.72],[-7.95,8.79],[-7.9,9.42],[-8.14,9.5],[-8.16,9.97],[-7.99,10.16]]]},"properties":{"iso_a3":"CIV"}},{"type":"Feature","geometry":{"type":"Polygon","coordinates":[[[8.56,4.76],[8.8,5.2],[8.94,5.78],[9.06,6.01],[9.37,6.32],[9.66,6.53],[9.78,6.76],[10.14,7],[10.21,6.89],[10.48,6.89],[10.56,7.04],[10.74,6.99],[11.03,6.7],[11.15,6.44],[11.4,6.53],[11.55,6.7],[11.58,6.89],[11.86,7.12],[11.77,7.27],[12.02,7.59],[12.16,7.94],[12.23,8.28],[12.4,8.6],[12.58,8.62],[12.81,8.89],[12.93,9.43],[13.18,9.54],[13.27,10.04],[13.41,10.17],[13.54,10.61],[13.89,11.14],[14.2,11.27],[14.56,11.49],[14.63,12.11],[14.52,12.3],[14.2,12.38],[14.06,13.08],[14.52,12.98],[14.54,12.82],[14.76,12.66],[14.88,12.27],[15.08,11.85],[15.12,11.54],[15.03,11.11],[15.07,10.85],[15.2,10.48],[15.53,10.09],[15.54,9.96],[15.13,9.98],[14.84,9.94],[14.24,9.98],[13.98,9.69],[14,9.59],[14.33,9.2],[15.12,8.56],[15.44,7.85],[15.55,7.79],[15.48,7.52],[15.25,7.26],[15.03,6.78],[14.86,6.56],[14.74,6.28],[14.43,6.04],[14.62,5.87],[14.62,5.5],[14.56,5.28],[14.64,5.18],[14.73,4.6],[15.02,4.36],[15.14,4.07],[15.13,3.83],[15.78,3.13],[16.06,2.91],[16.11,2.47],[16.18,2.27],[15.98,1.76],[15.6,1.95],[15.34,1.94],[15.16,2.04],[14.9,2.01],[14.58,2.2],[14.29,2.16],[13.29,2.16],[13.22,2.26],[12.87,2.25],[12.36,2.3],[12.15,2.28],[11.35,2.3],[11.33,2.17],[9.98,2.17],[9.8,2.3],[9.89,2.92],[9.95,3.08],[9.88,3.31],[9.67,3.54],[9.56,3.8],[9.43,3.92],[9,4.09],[8.9,4.44],[8.56,4.76]]]},"properties":{"iso_a3":"CMR"}},{"type":"Feature","geometry":{"type":"Polygon","coordinates":[[[30.75,-8.19],[29.77,-8.34],[28.9,-8.49],[28.92,-8.7],[28.76,-8.93],[28.4,-9.22],[28.54,-9.51],[28.63,-9.83],[28.61,-10.4],[28.64,-10.67],[28.54,-10.8],[28.36,-11.48],[28.48,-11.81],[28.85,-12.12],[29.06,-12.35],[29.49,-12.42],[29.51,-12.23],[29.8,-12.16],[29.8,-13.39],[29.65,-13.41],[29.55,-13.25],[29.2,-13.4],[29.01,-13.37],[28.67,-12.86],[28.55,-12.84],[28.36,-12.48],[27.86,-12.28],[27.53,-12.2],[27.42,-11.94],[27.05,-11.62],[26.95,-11.9],[26.73,-11.98],[26.03,-11.89],[25.35,-11.62],[25.18,-11.24],[24.67,-11.35],[24.52,-11.44],[24.32,-11.07],[24.14,-11.03],[23.97,-10.87],[23.9,-10.98],[23.4,-10.98],[23.08,-11.09],[22.56,-11.06],[22.31,-11.2],[22.18,-10.89],[22.31,-10.69],[22.3,-10.4],[22.2,-10.04],[21.95,-9.73],[21.81,-9.47],[21.91,-8.69],[21.9,-8.34],[21.8,-8.11],[21.78,-7.87],[21.84,-7.42],[21.78,-7.31],[21.19,-7.28],[20.61,-7.28],[20.48,-6.92],[19.66,-7.04],[19.53,-7.14],[19.48,-7.47],[19.37,-7.66],[19.34,-7.97],[18.9,-8],[18.65,-7.94],[17.91,-8.07],[17.54,-8.08],[17.16,-7.46],[16.98,-7.26],[16.97,-7.06],[16.74,-6.62],[16.7,-6.16],[16.54,-5.97],[16.32,-5.87],[15.73,-5.86],[14.4,-5.89],[13.98,-5.86],[13.07,-5.86],[12.86,-5.85],[12.68,-5.96],[12.41,-5.99],[12.21,-5.76],[12.5,-5.7],[12.52,-5.15],[12.6,-4.98],[12.83,-4.74],[13.07,-4.63],[13.41,-4.84],[13.69,-4.69],[13.72,-4.45],[13.94,-4.48],[14.36,-4.3],[14.45,-4.45],[14.37,-4.59],[14.41,-4.83],[14.78,-4.85],[15.11,-4.46],[15.6,-4.03],[15.87,-3.93],[16.15,-3.46],[16.22,-3.03],[16.19,-2.28],[16.27,-2.11],[16.54,-1.84],[16.78,-1.38],[16.97,-1.14],[17.28,-1],[17.75,-0.55],[17.72,-0.28],[17.89,0.23],[17.93,0.54],[17.9,1.12],[18.06,1.53],[18.07,2.01],[18.21,2.41],[18.49,2.92],[18.62,3.3],[18.61,3.48],[18.63,3.95],[18.59,4.35],[18.83,4.52],[19.07,4.89],[19.5,5.13],[19.81,5.09],[20.23,4.83],[20.56,4.46],[20.96,4.41],[21.23,4.3],[21.54,4.24],[21.69,4.28],[22.42,4.13],[22.62,4.45],[22.86,4.72],[23.12,4.74],[23.42,4.66],[23.68,4.77],[24.44,5.01],[24.77,4.93],[25.25,5.02],[25.4,5.26],[25.53,5.31],[26.17,5.17],[26.82,5.06],[27.11,5.2],[27.4,5.11],[27.66,4.85],[27.79,4.64],[28.19,4.35],[28.43,4.32],[28.73,4.5],[28.94,4.49],[29.22,4.39],[29.55,4.64],[29.68,4.59],[30.19,3.98],[30.51,3.84],[30.56,3.65],[30.76,3.62],[30.84,3.49],[30.91,3.41],[30.75,3.04],[30.85,2.85],[30.73,2.46],[31.18,2.27],[31.25,2.04],[30.94,1.68],[30.48,1.24],[30.32,1.19],[30.18,0.97],[29.94,0.82],[29.93,0.5],[29.72,0.1],[29.56,-0.98],[29.58,-1.39],[29.35,-1.52],[29.14,-1.82],[29.11,-2.23],[28.88,-2.4],[28.92,-2.68],[29.01,-2.72],[29.22,-3.05],[29.22,-3.91],[29.33,-4.1],[29.4,-4.45],[29.32,-4.9],[29.61,-5.72],[29.48,-6.02],[29.54,-6.31],[29.71,-6.62],[30.11,-6.92],[30.31,-7.2],[30.75,-8.19]]]},"properties":{"iso_a3":"COD"}},{"type":"Feature","geometry":{"type":"Polygon","coordinates":[[[11.13,-3.92],[11.29,-3.64],[11.54,-3.52],[11.69,-3.68],[11.93,-3.35],[11.69,-3.13],[11.76,-2.98],[11.54,-2.84],[11.6,-2.6],[11.73,-2.39],[11.95,-2.34],[12.06,-2.41],[12.45,-2.33],[12.43,-1.93],[12.59,-1.83],[12.79,-1.93],[12.99,-2.31],[13.46,-2.4],[13.78,-2.16],[13.89,-2.37],[14.09,-2.47],[14.25,-2],[14.38,-1.89],[14.46,-1.41],[14.41,-0.97],[14.48,-0.62],[14.07,-0.27],[13.86,-0.2],[13.88,0.19],[14.09,0.54],[14.32,0.62],[14.43,0.81],[14.24,1.32],[13.85,1.42],[13.27,1.24],[13.18,1.54],[13.17,1.79],[13.29,2.16],[14.29,2.16],[14.58,2.2],[14.9,2.01],[15.16,2.04],[15.34,1.94],[15.6,1.95],[15.98,1.76],[16.18,2.27],[16.47,2.83],[16.5,3.21],[16.57,3.46],[16.67,3.54],[17,3.56],[17.49,3.69],[18.16,3.5],[18.47,3.62],[18.61,3.48],[18.62,3.3],[18.49,2.92],[18.21,2.41],[18.07,2.01],[18.06,1.53],[17.9,1.12],[17.93,0.54],[17.89,0.23],[17.72,-0.28],[17.75,-0.55],[17.28,-1],[16.97,-1.14],[16.78,-1.38],[16.54,-1.84],[16.27,-2.11],[16.19,-2.28],[16.22,-3.03],[16.15,-3.46],[15.87,-3.93],[15.6,-4.03],[15.11,-4.46],[14.78,-4.85],[14.41,-4.83],[14.37,-4.59],[14.45,-4.45],[14.36,-4.3],[13.94,-4.48],[13.72,-4.45],[13.69,-4.69],[13.41,-4.84],[13.07,-4.63],[12.88,-4.45],[12.38,-4.62],[12.02,-5],[11.78,-4.68],[11.67,-4.43],[11.39,-4.2],[11.13,-3.92]]]},"properties":{"iso_a3":"COG"}},{"type":"Feature","geometry":{"type":"Polygon","coordinates":[[[-159.74,-21.25],[-159.84,-21.24],[-159.83,-21.2],[-159.77,-21.19],[-159.74,-21.25]]]},"properties":{"iso_a3":"COK"}},{"type":"Feature","geometry":{"type":"Polygon","coordinates":[[[-71.32,11.86],[-71.96,11.67],[-72.25,11.2],[-72.45,11.11],[-72.69,10.84],[-72.87,10.49],[-73.01,9.79],[-73.36,9.23],[-72.8,9.11],[-72.67,8.63],[-72.42,8.38],[-72.36,8.09],[-72.45,7.97],[-72.48,7.61],[-72.44,7.45],[-72.21,7.37],[-72.08,7.1],[-71.89,6.99],[-71.62,7.03],[-71.01,6.99],[-70.66,7.08],[-70.39,6.97],[-70.1,6.94],[-69.43,6.12],[-69.27,6.1],[-68.94,6.2],[-68.47,6.16],[-67.94,6.24],[-67.57,6.24],[-67.44,6.03],[-67.58,5.83],[-67.69,5.45],[-67.82,5.27],[-67.81,4.93],[-67.86,4.67],[-67.8,4.28],[-67.66,3.86],[-67.31,3.42],[-67.35,3.32],[-67.86,2.86],[-67.62,2.79],[-67.21,2.39],[-66.88,1.22],[-67.09,1.21],[-67.09,1.62],[-67.35,2.09],[-67.61,2.04],[-67.82,1.79],[-68.18,1.72],[-69.32,1.72],[-69.58,1.77],[-69.85,1.71],[-69.85,1.06],[-69.36,1.06],[-69.16,0.86],[-69.16,0.64],[-69.47,0.73],[-69.81,0.61],[-70.05,0.58],[-70.07,-0.14],[-69.92,-0.32],[-69.61,-0.55],[-69.62,-0.72],[-69.45,-1],[-69.4,-1.19],[-69.73,-3.02],[-69.97,-4.24],[-70.34,-3.81],[-70.53,-3.87],[-70.74,-3.78],[-70.07,-2.75],[-70.1,-2.66],[-70.91,-2.22],[-71.4,-2.33],[-71.75,-2.15],[-71.98,-2.33],[-72.4,-2.43],[-72.63,-2.35],[-72.89,-2.41],[-73.15,-2.28],[-73.13,-2.08],[-73.22,-1.79],[-73.44,-1.74],[-73.49,-1.54],[-73.66,-1.25],[-73.86,-1.2],[-74.05,-1.03],[-74.25,-0.97],[-74.42,-0.58],[-74.8,-0.2],[-74.95,-0.19],[-75.14,-0.05],[-75.28,-0.11],[-75.88,0.15],[-76.07,0.35],[-76.31,0.45],[-76.43,0.26],[-76.77,0.24],[-77.42,0.42],[-77.47,0.64],[-78.04,0.9],[-78.68,1.28],[-78.86,1.46],[-79.03,1.62],[-78.63,2.06],[-78.62,2.31],[-78.3,2.51],[-78.12,2.49],[-77.67,2.88],[-77.24,3.59],[-77.17,3.86],[-77.36,3.94],[-77.45,4.3],[-77.35,4.4],[-77.29,4.72],[-77.34,4.84],[-77.4,5.42],[-77.53,5.54],[-77.25,5.78],[-77.47,6.18],[-77.36,6.5],[-77.53,6.69],[-77.8,7.14],[-77.9,7.23],[-77.74,7.54],[-77.59,7.54],[-77.35,7.71],[-77.21,8.03],[-77.48,8.5],[-77.37,8.66],[-76.85,8.09],[-76.77,8.31],[-76.89,8.62],[-76.69,8.69],[-76.28,8.99],[-76.14,9.27],[-75.91,9.43],[-75.64,9.45],[-75.68,9.73],[-75.59,9.99],[-75.67,10.2],[-75.55,10.33],[-75.45,10.61],[-74.84,11.11],[-74.45,10.99],[-74.22,11.11],[-74.06,11.34],[-73.68,11.27],[-73.31,11.3],[-72.72,11.71],[-72.28,11.89],[-72.14,12.19],[-71.71,12.42],[-71.49,12.43],[-71.26,12.34],[-71.14,12.05],[-71.32,11.86]]]},"properties":{"iso_a3":"COL"}},{"type":"Feature","geometry":{"type":"Polygon","coordinates":[[[43.47,-11.9],[43.23,-11.75],[43.38,-11.61],[43.47,-11.9]]]},"properties":{"iso_a3":"COM"}},{"type":"Feature","geometry":{"type":"MultiPolygon","coordinates":[[[[-23.44,15.01],[-23.64,14.92],[-23.79,15.08],[-23.7,15.27],[-23.44,15.01]]],[[[-22.92,16.24],[-22.69,16.17],[-22.71,16.04],[-22.96,16.05],[-22.92,16.24]]]]},"properties":{"iso_a3":"CPV"}},{"type":"Feature","geometry":{"type":"Polygon","coordinates":[[[-82.56,9.58],[-82.8,9.59],[-82.94,9.45],[-82.94,9.06],[-82.74,8.95],[-82.92,8.74],[-82.86,8.45],[-83,8.37],[-82.88,8.07],[-83.12,8.35],[-83.6,8.48],[-83.73,8.61],[-83.61,8.8],[-83.64,9.04],[-83.9,9.28],[-84.22,9.46],[-84.58,9.57],[-84.71,9.9],[-85.15,9.62],[-85.31,9.81],[-85.62,9.9],[-85.8,10.13],[-85.83,10.4],[-85.66,10.64],[-85.67,10.75],[-85.89,10.92],[-85.74,11.06],[-85.54,11.17],[-84.91,10.95],[-84.7,11.05],[-84.35,10.98],[-84.17,10.78],[-83.81,10.74],[-83.64,10.92],[-83.58,10.73],[-83.35,10.32],[-83.03,9.99],[-82.78,9.67],[-82.56,9.58]]]},"properties":{"iso_a3":"CRI"}},{"type":"Feature","geometry":{"type":"MultiPolygon","coordinates":[[[[-81.84,23.16],[-81.01,23.09],[-80.65,23.1],[-80.36,22.94],[-80.08,22.94],[-79.68,22.74],[-79.55,22.58],[-79.28,22.41],[-78.69,22.37],[-78.14,22.11],[-77.87,21.9],[-77.55,21.77],[-77.34,21.76],[-76.65,21.28],[-76.26,21.23],[-76.07,21.13],[-75.72,21.11],[-75.6,20.99],[-75.64,20.73],[-75.21,20.71],[-74.88,20.65],[-74.51,20.38],[-74.23,20.33],[-74.25,20.08],[-74.63,20.06],[-75.12,19.9],[-75.55,19.89],[-75.77,19.96],[-76.25,19.99],[-77,19.89],[-77.72,19.86],[-77.55,20.08],[-77.1,20.41],[-77.23,20.64],[-78.12,20.76],[-78.49,21.05],[-78.64,21.52],[-78.82,21.62],[-79.19,21.55],[-79.91,21.74],[-80.23,21.87],[-80.5,22.06],[-80.96,22.05],[-81.12,22.13],[-81.82,22.2],[-81.76,22.47],[-81.9,22.68],[-82.74,22.69],[-83.38,22.22],[-83.93,22.15],[-84.03,21.94],[-84.45,21.79],[-84.53,22.03],[-84.33,22.07],[-84.36,22.38],[-84.04,22.67],[-83.26,22.97],[-82.67,23.04],[-82.1,23.19],[-81.84,23.16]]],[[[-82.56,21.57],[-82.85,21.44],[-83.08,21.79],[-82.99,21.94],[-82.71,21.89],[-82.56,21.57]]]]},"properties":{"iso_a3":"CUB"}},{"type":"Feature","geometry":{"type":"Polygon","coordinates":[[[-68.75,12.06],[-68.8,12.05],[-69,12.14],[-69.15,12.3],[-69.08,12.34],[-69.01,12.23],[-68.83,12.16],[-68.75,12.06]]]},"properties":{"iso_a3":"CUW"}},{"type":"Feature","geometry":{"type":"Polygon","coordinates":[[[105.73,-10.49],[105.7,-10.56],[105.6,-10.46],[105.71,-10.43],[105.73,-10.49]]]},"properties":{"iso_a3":"CXR"}},{"type":"Feature","geometry":{"type":"Polygon","coordinates":[[[-81.37,19.35],[-81.28,19.36],[-81.3,19.27],[-81.4,19.28],[-81.37,19.35]]]},"properties":{"iso_a3":"CYM"}},{"type":"Feature","geometry":{"type":"MultiPolygon","coordinates":[[[[34,35.07],[33.53,35.04],[33.38,35.16],[32.92,35.09],[32.71,35.17],[32.88,35.18],[32.94,35.39],[33.61,35.35],[33.94,35.29],[34,35.07]]],[[[32.71,35.17],[32.92,35.09],[33.38,35.16],[33.53,35.04],[34,35.07],[33.7,34.97],[33.41,34.75],[32.69,34.65],[32.45,34.73],[32.32,34.95],[32.56,35.16],[32.71,35.17]]]]},"properties":{"iso_a3":"CYP"}},{"type":"Feature","geometry":{"type":"Polygon","coordinates":[[[18.83,49.51],[18.6,49.49],[18.16,49.26],[18.09,49.07],[17.76,48.89],[17.19,48.86],[16.95,48.6],[16.54,48.8],[16.06,48.75],[15.4,48.96],[14.97,48.98],[14.69,48.6],[14.05,48.6],[13.81,48.77],[13.4,48.98],[12.92,49.33],[12.68,49.41],[12.39,49.74],[12.46,49.96],[12.21,50.1],[12.45,50.35],[12.94,50.41],[13.53,50.69],[14.37,50.9],[14.81,50.86],[15.26,50.96],[15.35,50.81],[15.73,50.74],[16.01,50.61],[16.23,50.39],[16.68,50.1],[17.15,50.38],[17.98,50],[18.56,49.88],[18.83,49.51]]]},"properties":{"iso_a3":"CZE"}},{"type":"Feature","geometry":{"type":"MultiPolygon","coordinates":[[[[9.52,47.52],[9.18,47.67],[8.87,47.66],[8.62,47.77],[7.93,47.56],[7.62,47.59],[7.53,47.67],[7.58,48.06],[7.84,48.64],[8.14,48.89],[8,49.01],[7.45,49.15],[7.04,49.11],[6.74,49.16],[6.34,49.45],[6.49,49.8],[6.14,49.97],[6.12,50.12],[6.36,50.32],[6.24,50.6],[5.99,50.75],[5.89,50.98],[6.19,51.49],[5.95,51.76],[6.74,51.91],[6.72,52.04],[6.98,52.21],[7.01,52.63],[7.19,53],[7.2,53.28],[7.05,53.38],[7.29,53.68],[8.01,53.69],[8.17,53.54],[8.54,53.56],[8.62,53.88],[8.9,53.84],[8.95,54.47],[8.67,54.9],[9.34,54.81],[9.74,54.83],[10.36,54.44],[11.01,54.18],[11.4,53.94],[11.8,54.15],[12.11,54.17],[12.58,54.47],[13.03,54.41],[13.45,54.14],[13.72,54.15],[13.87,53.85],[14.26,53.73],[14.41,53.28],[14.37,53.11],[14.13,52.88],[14.62,52.53],[14.55,52.36],[14.75,52.08],[14.6,51.83],[15.02,51.25],[14.81,50.86],[14.37,50.9],[13.53,50.69],[12.94,50.41],[12.45,50.35],[12.21,50.1],[12.46,49.96],[12.39,49.74],[12.68,49.41],[12.92,49.33],[13.4,48.98],[13.81,48.77],[13.79,48.59],[13.46,48.56],[13.41,48.39],[12.81,48.16],[13.03,47.7],[11.72,47.58],[11.3,47.42],[10.98,47.4],[10.87,47.52],[10.43,47.54],[10.31,47.31],[9.75,47.58],[9.52,47.52]]],[[[13.71,54.38],[13.16,54.36],[13.24,54.64],[13.64,54.58],[13.71,54.38]]]]},"properties":{"iso_a3":"DEU"}},{"type":"Feature","geometry":{"type":"Polygon","coordinates":[[[43.25,11.5],[42.92,11],[42.56,11.08],[41.96,10.94],[41.8,10.98],[41.76,11.41],[41.79,11.69],[42,11.91],[42.38,12.47],[42.67,12.38],[42.87,12.62],[43.12,12.71],[43.3,12.46],[43.41,12.19],[43.27,11.97],[42.8,11.74],[42.91,11.59],[43.25,11.5]]]},"properties":{"iso_a3":"DJI"}},{"type":"Feature","geometry":{"type":"Polygon","coordinates":[[[-61.28,15.25],[-61.48,15.53],[-61.32,15.59],[-61.28,15.25]]]},"properties":{"iso_a3":"DMA"}},{"type":"Feature","geometry":{"type":"MultiPolygon","coordinates":[[[[12.57,55.79],[12.57,55.68],[12.22,55.47],[12.41,55.29],[12.09,55.19],[12.05,54.82],[11.74,54.92],[11.65,55.19],[11.29,55.2],[11.19,55.47],[10.98,55.72],[11.32,55.75],[12.22,56.12],[12.61,56.03],[12.57,55.79]]],[[[9.74,54.83],[9.34,54.81],[8.67,54.9],[8.62,55.42],[8.13,55.6],[8.2,55.98],[8.12,56.14],[8.16,56.61],[8.28,56.85],[8.62,57.11],[9.3,57.15],[9.55,57.23],[9.96,57.58],[10.26,57.62],[10.54,57.45],[10.52,57.24],[10.3,57],[10.28,56.62],[10.49,56.52],[10.85,56.52],[10.86,56.3],[10.32,56.21],[10.18,55.87],[9.59,55.49],[9.67,55.27],[9.5,55.12],[9.74,54.83]]],[[[10.65,55.61],[10.82,55.32],[10.79,55.13],[10.44,55.05],[9.99,55.16],[9.86,55.52],[10.29,55.61],[10.65,55.61]]]]},"properties":{"iso_a3":"DNK"}},{"type":"Feature","geometry":{"type":"Polygon","coordinates":[[[-71.77,18.04],[-71.74,18.27],[-71.87,18.61],[-71.74,18.73],[-71.81,18.99],[-71.66,19.13],[-71.75,19.29],[-71.71,19.49],[-71.78,19.72],[-71.56,19.9],[-71.24,19.85],[-70.95,19.91],[-70.69,19.79],[-70.44,19.77],[-70.19,19.64],[-69.96,19.67],[-69.74,19.3],[-69.32,19.33],[-69.32,19.2],[-68.68,18.9],[-68.34,18.61],[-68.44,18.42],[-68.66,18.22],[-68.93,18.41],[-69.77,18.44],[-70.18,18.25],[-70.48,18.22],[-70.76,18.35],[-71.03,18.27],[-71.11,18.07],[-71.36,17.69],[-71.63,17.77],[-71.77,18.04]]]},"properties":{"iso_a3":"DOM"}},{"type":"Feature","geometry":{"type":"Polygon","coordinates":[[[8.58,36.94],[8.23,36.55],[8.35,36.37],[8.25,35.8],[8.39,35.2],[8.25,34.73],[8.12,34.56],[7.84,34.41],[7.75,34.25],[7.51,34.08],[7.5,33.83],[7.76,33.23],[8.08,33.09],[8.21,32.93],[8.33,32.54],[9.04,32.07],[9.52,30.23],[9.31,30.12],[9.64,29.64],[9.81,29.18],[9.82,28.56],[9.86,28.04],[9.92,27.79],[9.75,27.33],[9.89,26.85],[9.86,26.55],[9.49,26.33],[9.45,26.07],[10,25.33],[10.12,24.79],[10.26,24.59],[10.44,24.48],[10.69,24.55],[11.54,24.29],[11.97,23.52],[10.41,22.6],[9.38,21.99],[8.34,21.38],[7.48,20.87],[6.99,20.47],[5.84,19.48],[5.75,19.43],[4.23,19.14],[3.32,18.99],[3.11,19.15],[3.26,19.41],[3.2,19.79],[2.87,19.96],[2.41,20.06],[2.22,20.25],[1.93,20.27],[1.69,20.38],[1.61,20.56],[1.17,20.82],[1.15,21.1],[-0.31,22.05],[-1.95,23.12],[-3.26,23.98],[-4.82,25],[-5.67,25.52],[-7.18,26.4],[-8.31,27.06],[-8.68,27.29],[-8.68,27.66],[-8.68,28.69],[-7.69,29.35],[-7.49,29.39],[-7.09,29.63],[-6.64,29.57],[-6.48,29.82],[-6.21,29.81],[-5.77,29.87],[-5.45,29.96],[-5.18,30.17],[-4.97,30.47],[-4.32,30.7],[-3.99,30.91],[-3.7,30.94],[-3.62,31.07],[-3.83,31.2],[-3.83,31.66],[-3.44,31.7],[-3.02,31.83],[-2.93,32.04],[-2.52,32.13],[-1.28,32.09],[-1.24,32.34],[-1.11,32.55],[-1.45,32.78],[-1.68,33.32],[-1.63,33.57],[-1.7,33.72],[-1.71,34.18],[-1.85,34.61],[-1.79,34.72],[-2.13,34.97],[-2.22,35.1],[-1.91,35.09],[-1.34,35.36],[-0.92,35.67],[-0.43,35.86],[-0.05,35.83],[0.15,36.06],[0.51,36.26],[1.26,36.52],[2.34,36.61],[2.59,36.6],[2.97,36.78],[3.52,36.8],[3.78,36.9],[4.76,36.9],[5.3,36.65],[5.73,36.8],[6.06,36.86],[6.33,37.05],[6.93,36.92],[7.43,37.06],[7.79,36.88],[8.58,36.94]]]},"properties":{"iso_a3":"DZA"}},{"type":"Feature","geometry":{"type":"MultiPolygon","coordinates":[[[[-75.28,-0.11],[-75.48,-0.16],[-75.42,-0.41],[-75.26,-0.56],[-75.25,-0.95],[-75.41,-0.92],[-75.57,-1.53],[-76.09,-2.13],[-76.68,-2.56],[-77.86,-2.98],[-78.13,-3.28],[-78.35,-3.43],[-78.42,-3.78],[-78.55,-3.99],[-78.69,-4.38],[-78.69,-4.56],[-78.91,-4.71],[-78.92,-4.86],[-79.08,-4.99],[-79.33,-4.93],[-79.46,-4.77],[-79.52,-4.54],[-79.8,-4.48],[-80.2,-4.31],[-80.38,-4.46],[-80.51,-4.07],[-80.3,-4.01],[-80.18,-3.88],[-80.22,-3.61],[-80.32,-3.39],[-80.03,-3.23],[-79.92,-3.09],[-79.73,-2.58],[-80.13,-2.53],[-80.28,-2.71],[-80.45,-2.63],[-80.68,-2.4],[-80.84,-2.35],[-80.96,-2.19],[-80.77,-2.08],[-80.76,-1.82],[-80.84,-1.63],[-80.8,-1.38],[-80.9,-1.08],[-80.84,-0.97],[-80.55,-0.85],[-80.46,-0.59],[-80.48,-0.37],[-80.13,-0.01],[-80.03,0.41],[-80.09,0.78],[-79.74,0.98],[-78.9,1.21],[-78.86,1.46],[-78.68,1.28],[-78.04,0.9],[-77.47,0.64],[-77.42,0.42],[-76.77,0.24],[-76.43,0.26],[-76.31,0.45],[-76.07,0.35],[-75.88,0.15],[-75.28,-0.11]]],[[[-90.33,-0.77],[-90.54,-0.68],[-90.47,-0.52],[-90.27,-0.48],[-90.19,-0.66],[-90.33,-0.77]]],[[[-91.27,0.03],[-91.18,-0.22],[-90.98,-0.42],[-90.96,-0.6],[-90.8,-0.75],[-90.91,-0.94],[-91.13,-1.02],[-91.42,-1],[-91.5,-0.86],[-91.14,-0.62],[-91.25,-0.37],[-91.37,-0.29],[-91.43,-0.02],[-91.27,0.03]]]]},"properties":{"iso_a3":"ECU"}},{"type":"Feature","geometry":{"type":"Polygon","coordinates":[[[36.87,22],[35.23,22],[34.25,22],[32.61,22],[30.71,21.99],[28.8,22],[26.89,22],[24.98,22],[24.98,23.12],[24.98,24.69],[24.98,26.49],[24.98,28.06],[24.98,29.18],[24.7,30.2],[24.88,30.46],[24.97,30.78],[24.85,31.33],[25.15,31.65],[25.38,31.51],[25.89,31.62],[27.25,31.38],[27.54,31.21],[27.83,31.2],[27.97,31.1],[28.51,31.05],[28.97,30.86],[29.16,30.83],[29.59,31.01],[29.93,31.23],[30.22,31.26],[30.4,31.46],[31.19,31.59],[31.52,31.46],[31.77,31.29],[32.21,31.12],[32.32,31.26],[32.68,31.07],[33.13,31.17],[33.67,31.13],[34.2,31.32],[34.25,31.21],[34.66,30.19],[34.9,29.48],[34.74,29.27],[34.62,28.76],[34.45,28.36],[34.4,28.02],[34.22,27.76],[33.76,28.05],[33.25,28.57],[33.08,29.07],[32.72,29.52],[32.57,29.97],[32.36,29.63],[32.57,29.39],[32.63,28.99],[32.9,28.57],[33.2,28.21],[33.55,27.9],[33.55,27.61],[33.89,27.05],[33.96,26.65],[34.05,26.55],[34.33,26.02],[34.57,25.69],[34.68,25.44],[35.19,24.48],[35.48,24.15],[35.62,24.07],[35.5,23.78],[35.56,23.27],[35.7,22.95],[35.91,22.74],[36.23,22.63],[36.41,22.39],[36.83,22.1],[36.87,22]]]},"properties":{"iso_a3":"EGY"}},{"type":"Feature","geometry":{"type":"Polygon","coordinates":[[[36.52,14.26],[36.43,15.13],[36.57,15.36],[36.68,15.73],[36.91,16.3],[36.89,16.62],[37.01,17.06],[37.41,17.06],[37.51,17.29],[37.8,17.47],[38.25,17.58],[38.61,18.01],[38.91,17.43],[39.14,16.73],[39.22,16.19],[39.3,15.92],[39.42,15.79],[39.51,15.53],[39.63,15.45],[39.86,15.47],[40.04,15.33],[40.2,15.01],[40.55,14.93],[40.8,14.74],[41.18,14.62],[41.66,13.98],[42.25,13.59],[42.4,13.21],[42.52,13.22],[42.73,13.02],[42.8,12.86],[43.08,12.82],[43.12,12.71],[42.87,12.62],[42.67,12.38],[42.38,12.47],[42.13,12.77],[41.95,12.88],[41.77,13.18],[41.36,13.5],[40.77,14.14],[40.52,14.23],[40.14,14.46],[39.9,14.44],[39.53,14.54],[39.2,14.48],[39.07,14.63],[38.81,14.48],[38.5,14.42],[38.22,14.65],[37.88,14.85],[37.57,14.15],[37.26,14.45],[37.02,14.27],[36.81,14.32],[36.52,14.26]]]},"properties":{"iso_a3":"ERI"}},{"type":"Feature","geometry":{"type":"Polygon","coordinates":[[[-8.68,27.66],[-8.68,27.29],[-8.68,26],[-10.38,26],[-12.02,26],[-12.02,24.92],[-12.02,23.47],[-12.37,23.32],[-12.62,23.27],[-13.03,23],[-13.17,22.75],[-13.09,22.5],[-13.02,21.33],[-13.86,21.33],[-15.46,21.33],[-16.96,21.33],[-17.05,20.81],[-17.1,20.86],[-17,21.42],[-16.73,21.47],[-15.75,21.49],[-15.46,21.45],[-14.84,21.45],[-14.67,21.6],[-14.63,21.86],[-14.22,22.31],[-14.17,22.76],[-14.02,23.41],[-13.89,23.69],[-13.77,23.79],[-13.31,23.98],[-13.06,24.4],[-12.43,24.83],[-12.31,25.11],[-12.17,25.64],[-12.03,26.03],[-11.72,26.1],[-11.64,26.3],[-11.34,26.63],[-11.39,26.88],[-10.92,27.01],[-10.55,26.99],[-10.25,26.86],[-10.03,26.91],[-9.74,26.86],[-9.35,27.1],[-8.79,27.12],[-8.77,27.46],[-8.68,27.66]]]},"properties":{"iso_a3":"ESH"}},{"type":"Feature","geometry":{"type":"MultiPolygon","coordinates":[[[[3.15,39.79],[3.46,39.7],[3.24,39.39],[3.07,39.3],[2.77,39.41],[2.63,39.56],[2.9,39.91],[3.15,39.79]]],[[[-1.79,43.41],[-1.41,43.24],[-1.29,43.06],[-0.76,42.94],[-0.59,42.8],[-0.3,42.83],[-0.04,42.69],[0.63,42.69],[0.67,42.84],[1.35,42.69],[1.43,42.6],[1.49,42.43],[1.71,42.5],[2.03,42.35],[2.2,42.42],[2.65,42.34],[2.97,42.47],[3.21,42.43],[3.17,42.26],[3.25,41.94],[3,41.77],[2.31,41.47],[2.08,41.29],[1.03,41.06],[0.82,40.89],[0.86,40.69],[0.6,40.61],[0.36,40.32],[-0.08,39.88],[-0.33,39.52],[-0.2,39.06],[0.14,38.7],[-0.38,38.44],[-0.65,38.15],[-0.82,37.58],[-1.33,37.56],[-1.64,37.39],[-1.8,37.23],[-1.94,36.95],[-2.11,36.78],[-2.6,36.81],[-2.79,36.71],[-3.26,36.76],[-3.43,36.71],[-3.83,36.76],[-4.37,36.72],[-4.67,36.51],[-5.17,36.42],[-5.36,36.13],[-5.63,36.03],[-6.04,36.19],[-6.38,36.64],[-6.49,36.95],[-6.88,37.19],[-7.41,37.18],[-7.5,37.59],[-7.19,38.01],[-7.02,38.04],[-7.34,38.46],[-7.28,38.71],[-7.05,38.91],[-7.45,39.54],[-7.45,39.68],[-7.04,39.71],[-6.91,39.94],[-7.01,40.21],[-6.81,40.34],[-6.82,40.65],[-6.93,41.01],[-6.21,41.53],[-6.56,41.7],[-6.62,41.94],[-7.15,41.98],[-7.4,41.83],[-7.69,41.89],[-8.09,41.81],[-8.21,42.13],[-8.54,42.07],[-8.78,41.94],[-8.89,42.11],[-8.81,42.33],[-8.81,42.64],[-9.18,42.91],[-9.18,43.17],[-8.87,43.33],[-8.54,43.34],[-8.25,43.44],[-8.26,43.58],[-7.7,43.76],[-7.26,43.59],[-5.67,43.58],[-4.31,43.41],[-3.6,43.52],[-3.05,43.37],[-2.88,43.45],[-2.34,43.33],[-1.79,43.41]]],[[[-16.33,28.38],[-16.42,28.15],[-16.66,28.01],[-16.91,28.34],[-16.52,28.41],[-16.33,28.38]]],[[[-14.2,28.17],[-14.23,28.22],[-14,28.71],[-13.83,28.59],[-13.93,28.25],[-14.2,28.17]]],[[[-15.4,28.15],[-15.39,27.87],[-15.71,27.78],[-15.81,27.99],[-15.68,28.15],[-15.4,28.15]]],[[[-17.83,28.49],[-18,28.76],[-17.74,28.79],[-17.83,28.49]]]]},"properties":{"iso_a3":"ESP"}},{"type":"Feature","geometry":{"type":"MultiPolygon","coordinates":[[[[27.35,57.53],[26.9,57.61],[26.53,57.53],[26.3,57.6],[25.99,57.84],[25.11,58.06],[24.32,57.87],[24.53,58.35],[24.11,58.27],[23.77,58.36],[23.51,58.66],[23.43,58.92],[23.49,59.2],[24.08,59.29],[24.38,59.47],[25.44,59.52],[25.51,59.64],[26.63,59.55],[26.97,59.45],[27.89,59.41],[28.01,59.48],[27.76,59.05],[27.43,58.73],[27.49,58.27],[27.67,57.93],[27.35,57.53]]],[[[22.62,58.62],[22.96,58.61],[23.29,58.48],[22.73,58.23],[22.19,58.15],[21.88,58.26],[22.17,58.52],[22.62,58.62]]],[[[22.92,58.83],[22.41,58.86],[22.59,59.08],[22.91,58.99],[22.92,58.83]]]]},"properties":{"iso_a3":"EST"}},{"type":"Feature","geometry":{"type":"Polygon","coordinates":[[[35.27,5.49],[35.08,5.67],[34.96,6.05],[34.71,6.66],[34.48,6.9],[34.28,7],[34.06,7.23],[33.9,7.51],[33.67,7.67],[33.23,7.76],[33.01,7.87],[33.23,8.4],[33.41,8.45],[33.95,8.44],[34.09,8.58],[34.08,9.46],[34.12,9.73],[34.29,10.12],[34.28,10.53],[34.43,10.79],[34.57,10.88],[34.77,10.75],[34.93,10.86],[34.96,11.28],[35.11,11.82],[35.25,11.96],[35.6,12.54],[35.73,12.66],[36.11,12.73],[36.16,13.09],[36.45,13.84],[36.52,14.26],[36.81,14.32],[37.02,14.27],[37.26,14.45],[37.57,14.15],[37.88,14.85],[38.22,14.65],[38.5,14.42],[38.81,14.48],[39.07,14.63],[39.2,14.48],[39.53,14.54],[39.9,14.44],[40.14,14.46],[40.52,14.23],[40.77,14.14],[41.36,13.5],[41.77,13.18],[41.95,12.88],[42.13,12.77],[42.38,12.47],[42,11.91],[41.79,11.69],[41.76,11.41],[41.8,10.98],[41.96,10.94],[42.56,11.08],[42.92,11],[42.66,10.62],[42.84,10.2],[43.18,9.88],[43.3,9.61],[43.48,9.38],[43.62,9.34],[43.98,9.01],[45.23,8.59],[46.98,8],[47.98,8],[46.97,7.03],[45.93,6],[44.94,4.91],[44.03,4.95],[43.54,4.84],[43.02,4.56],[42.79,4.29],[42.02,4.14],[41.88,3.98],[41.22,3.94],[41.09,3.99],[40.77,4.27],[40.01,3.95],[39.84,3.85],[39.54,3.47],[39.23,3.48],[38.61,3.6],[38.09,3.65],[37.58,3.99],[36.85,4.43],[36.08,4.45],[35.98,4.5],[35.76,4.81],[35.8,5.16],[35.75,5.34],[35.27,5.49]]]},"properties":{"iso_a3":"ETH"}},{"type":"Feature","geometry":{"type":"Polygon","coordinates":[[[24.16,65.81],[23.67,66.38],[23.99,66.81],[23.62,67.18],[23.77,67.33],[23.47,67.45],[23.5,67.88],[23.64,67.95],[22.78,68.39],[22,68.52],[20.62,69.04],[21.13,69.08],[21.62,69.27],[22.41,68.72],[23.32,68.65],[23.85,68.81],[24.94,68.59],[25.17,68.77],[25.75,68.99],[25.75,69.23],[25.96,69.59],[26.53,69.92],[27.11,69.9],[27.89,70.06],[28.41,69.82],[29.14,69.67],[29.33,69.47],[28.85,69.18],[28.97,69.02],[28.47,68.49],[28.69,68.19],[29.34,68.06],[29.82,67.75],[29.94,67.55],[29.24,67.1],[29.09,66.85],[29.9,66.09],[30.1,65.68],[29.82,65.57],[29.6,64.97],[30.11,64.37],[30.49,64.24],[30.5,64.02],[30.06,63.69],[30.42,63.5],[31.18,63.21],[31.53,62.89],[31.29,62.57],[29.69,61.55],[29.25,61.29],[28.41,60.9],[27.8,60.54],[27.46,60.46],[26.95,60.47],[25.66,60.33],[25.16,60.19],[24.34,60.04],[23.72,59.97],[22.99,60.1],[22.44,60.09],[22.52,60.38],[22.26,60.4],[21.44,60.6],[21.36,60.97],[21.61,61.59],[21.26,61.99],[21.35,62.22],[21.17,62.41],[21.14,62.74],[21.46,62.95],[21.55,63.2],[22.12,63.24],[22.24,63.44],[23.25,63.9],[24.28,64.52],[24.56,64.8],[25.13,64.88],[25.35,65.48],[25.24,65.55],[24.16,65.81]]]},"properties":{"iso_a3":"FIN"}},{"type":"Feature","geometry":{"type":"MultiPolygon","coordinates":[[[[180,-16.17],[179.75,-16.45],[179.59,-16.79],[179.42,-16.81],[179.2,-16.71],[179.01,-16.9],[178.71,-16.98],[178.57,-16.66],[178.81,-16.63],[178.96,-16.48],[179.36,-16.38],[179.64,-16.22],[180,-16.15],[180,-16.17]]],[[[178.28,-17.37],[178.59,-17.65],[178.67,-18.08],[178.33,-18.14],[178.16,-18.25],[177.85,-18.25],[177.32,-18.08],[177.26,-17.86],[177.4,-17.63],[177.62,-17.46],[178.19,-17.31],[178.28,-17.37]]]]},"properties":{"iso_a3":"FJI"}},{"type":"Feature","geometry":{"type":"MultiPolygon","coordinates":[[[[-58.85,-51.27],[-57.81,-51.52],[-57.84,-51.71],[-58.68,-51.94],[-58.65,-52.1],[-59.53,-52.24],[-59.57,-51.93],[-59.18,-51.71],[-59.1,-51.49],[-58.85,-51.27]]],[[[-60.29,-51.46],[-59.79,-51.45],[-59.39,-51.36],[-59.29,-51.48],[-59.92,-51.97],[-60.25,-51.99],[-60.29,-51.46]]]]},"properties":{"iso_a3":"FLK"}},{"type":"Feature","geometry":{"type":"MultiPolygon","coordinates":[[[[9.48,42.81],[9.56,42.16],[9.4,41.93],[9.39,41.73],[9.19,41.38],[8.81,41.59],[8.62,41.96],[8.7,42.1],[8.64,42.43],[8.81,42.61],[9.48,42.81]]],[[[7.62,47.59],[7.42,47.46],[7,47.32],[6.41,46.76],[6.16,46.61],[6.06,46.43],[6.76,46.42],[6.77,46.17],[7.02,45.93],[6.8,45.81],[7.01,45.5],[7.08,45.24],[6.63,45.12],[6.74,44.92],[6.99,44.83],[6.84,44.51],[6.97,44.28],[7.37,44.13],[7.68,44.08],[7.49,43.77],[7.44,43.75],[7.4,43.77],[7.38,43.73],[7.18,43.66],[6.72,43.37],[6.49,43.17],[6.12,43.07],[5.81,43.1],[5.41,43.23],[5.06,43.44],[4.71,43.37],[4.16,43.5],[4.05,43.59],[3.26,43.19],[3.05,42.92],[3.09,42.59],[3.21,42.43],[2.97,42.47],[2.65,42.34],[2.2,42.42],[2.03,42.35],[1.71,42.5],[1.43,42.6],[1.35,42.69],[0.67,42.84],[0.63,42.69],[-0.04,42.69],[-0.3,42.83],[-0.59,42.8],[-0.76,42.94],[-1.29,43.06],[-1.41,43.24],[-1.79,43.41],[-1.48,43.56],[-1.35,44.02],[-1.2,44.73],[-1.19,45.16],[-1.08,45.53],[-1.07,45.81],[-1.15,46.31],[-1.79,46.51],[-2.06,46.81],[-2.02,47.04],[-2.77,47.51],[-3.26,47.69],[-3.9,47.84],[-4.31,47.82],[-4.63,48.09],[-4.72,48.54],[-4.06,48.71],[-3.71,48.71],[-3.23,48.84],[-3,48.79],[-2.69,48.54],[-2.45,48.65],[-1.44,48.64],[-1.57,48.81],[-1.58,49.2],[-1.88,49.63],[-1.26,49.68],[-1.14,49.39],[-0.16,49.3],[0.28,49.46],[0.19,49.7],[0.62,49.86],[1.25,50],[1.55,50.29],[1.58,50.74],[1.91,50.99],[2.52,51.1],[2.67,50.81],[2.86,50.72],[3.02,50.77],[3.15,50.75],[3.27,50.53],[3.63,50.46],[4.17,50.25],[4.18,49.96],[4.66,50],[4.87,49.79],[5.28,49.68],[5.51,49.51],[5.79,49.54],[5.96,49.45],[6.34,49.45],[6.74,49.16],[7.04,49.11],[7.45,49.15],[8,49.01],[8.14,48.89],[7.84,48.64],[7.58,48.06],[7.53,47.67],[7.62,47.59]]]]},"properties":{"iso_a3":"FRA"}},{"type":"Feature","geometry":{"type":"Polygon","coordinates":[[[-6.63,62.23],[-7.01,62.09],[-7.17,62.29],[-6.96,62.32],[-6.63,62.23]]]},"properties":{"iso_a3":"FRO"}},{"type":"Feature","geometry":{"type":"Polygon","coordinates":[[[158.31,6.81],[158.18,6.8],[158.13,6.94],[158.29,6.95],[158.31,6.81]]]},"properties":{"iso_a3":"FSM"}},{"type":"Feature","geometry":{"type":"Polygon","coordinates":[[[13.29,2.16],[13.17,1.79],[13.18,1.54],[13.27,1.24],[13.85,1.42],[14.24,1.32],[14.43,0.81],[14.32,0.62],[14.09,0.54],[13.88,0.19],[13.86,-0.2],[14.07,-0.27],[14.48,-0.62],[14.41,-0.97],[14.46,-1.41],[14.38,-1.89],[14.25,-2],[14.09,-2.47],[13.89,-2.37],[13.78,-2.16],[13.46,-2.4],[12.99,-2.31],[12.79,-1.93],[12.59,-1.83],[12.43,-1.93],[12.45,-2.33],[12.06,-2.41],[11.95,-2.34],[11.73,-2.39],[11.6,-2.6],[11.54,-2.84],[11.76,-2.98],[11.69,-3.13],[11.93,-3.35],[11.69,-3.68],[11.54,-3.52],[11.29,-3.64],[11.13,-3.92],[10.95,-3.66],[10.64,-3.4],[10.35,-3.01],[10.01,-2.75],[10,-2.59],[9.86,-2.44],[9.62,-2.37],[9.4,-2.03],[9.48,-1.89],[9.2,-1.38],[9.06,-1.3],[8.88,-0.95],[8.82,-0.71],[9.14,-0.57],[9.3,-0.35],[9.41,0.2],[9.74,0.08],[9.78,0.19],[9.47,0.36],[9.33,0.61],[9.63,0.78],[9.59,1.03],[9.7,1.08],[9.98,1],[11.34,1],[11.33,2.17],[11.35,2.3],[12.15,2.28],[12.36,2.3],[12.87,2.25],[13.22,2.26],[13.29,2.16]]]},"properties":{"iso_a3":"GAB"}},{"type":"Feature","geometry":{"type":"MultiPolygon","coordinates":[[[[-3.1,53.26],[-2.92,53.19],[-2.99,52.74],[-3.2,52.46],[-2.98,52.32],[-3.11,52.06],[-2.66,51.8],[-2.67,51.62],[-3.29,51.39],[-3.56,51.41],[-3.76,51.54],[-4.6,51.74],[-4.9,51.63],[-5.17,51.74],[-5.09,52],[-4.38,52.2],[-4.05,52.48],[-4.1,52.92],[-4.41,53.01],[-4.11,53.22],[-3.33,53.35],[-3.1,53.26]]],[[[-2.02,55.81],[-2.32,55.63],[-2.19,55.46],[-2.54,55.32],[-3.08,54.96],[-3.55,54.95],[-3.96,54.78],[-4.3,54.84],[-4.52,54.76],[-5.14,54.86],[-4.72,55.42],[-4.89,55.7],[-5.37,55.83],[-5.56,55.39],[-5.77,55.39],[-5.49,56.35],[-5.86,56.56],[-6.03,56.76],[-5.73,56.85],[-5.56,57.23],[-5.82,57.44],[-5.61,57.88],[-5.36,58.21],[-5.08,58.35],[-5.02,58.57],[-4.43,58.51],[-3.26,58.65],[-3.21,58.32],[-3.99,57.96],[-4.08,57.68],[-3.87,57.6],[-3.4,57.71],[-1.96,57.68],[-1.78,57.49],[-2.02,57.26],[-2.26,56.86],[-2.59,56.56],[-2.6,56.03],[-2.02,55.81]]],[[[-6.2,58.36],[-6.44,58.09],[-6.86,57.93],[-7.09,58.18],[-6.3,58.49],[-6.2,58.36]]],[[[-6.14,57.5],[-6.14,57.31],[-6.68,57.36],[-6.62,57.56],[-6.14,57.5]]],[[[-6.22,54.09],[-6.65,54.06],[-7.05,54.41],[-7.31,54.16],[-7.85,54.22],[-8.12,54.41],[-7.55,54.77],[-7.22,55.09],[-6.48,55.24],[-6.13,55.22],[-5.99,55.03],[-5.53,54.62],[-6.02,54.05],[-6.22,54.09]]],[[[-2.67,51.62],[-2.66,51.8],[-3.11,52.06],[-2.98,52.32],[-3.2,52.46],[-2.99,52.74],[-2.92,53.19],[-3.1,53.26],[-3.03,53.91],[-3.17,54.13],[-3.57,54.47],[-3.46,54.77],[-3.08,54.96],[-2.54,55.32],[-2.19,55.46],[-2.32,55.63],[-2.02,55.81],[-1.66,55.57],[-1.29,54.77],[-1.15,54.65],[-0.67,54.5],[-0.08,54.12],[-0.21,54.02],[0.01,53.74],[-0.07,53.64],[0.27,53.34],[0.36,53.16],[0.05,52.91],[0.28,52.81],[0.56,52.97],[1.06,52.96],[1.66,52.75],[1.75,52.47],[1.56,52.09],[0.96,51.81],[0.89,51.36],[1.41,51.36],[1.4,51.18],[1.04,51.05],[0.96,50.93],[0.21,50.76],[-0.2,50.81],[-0.87,50.77],[-1.29,50.86],[-1.6,50.73],[-2.03,50.73],[-2.04,50.6],[-2.55,50.62],[-3,50.72],[-3.4,50.63],[-3.58,50.32],[-3.79,50.23],[-4.17,50.39],[-4.82,50.26],[-5.23,50.02],[-5.34,50.25],[-4.58,50.78],[-4.52,50.98],[-4.19,51.19],[-3.84,51.23],[-3.26,51.19],[-3.04,51.25],[-2.67,51.62]]]]},"properties":{"iso_a3":"GBR"}},{"type":"Feature","geometry":{"type":"Polygon","coordinates":[[[43.44,41.11],[42.79,41.56],[42.47,41.44],[41.93,41.5],[41.82,41.43],[41.51,41.52],[41.7,41.71],[41.76,41.97],[41.49,42.66],[41.13,42.83],[40.84,43.06],[40.52,43.12],[39.98,43.42],[40.15,43.57],[40.65,43.53],[41.58,43.22],[42.05,43.19],[42.28,43.23],[42.76,43.17],[43.09,42.99],[43.78,42.75],[43.96,42.57],[44.51,42.75],[44.85,42.75],[45.21,42.65],[45.34,42.53],[45.73,42.48],[45.63,42.23],[45.95,42.04],[46.43,41.89],[46.18,41.66],[46.31,41.51],[46.67,41.29],[46.46,41.07],[46.17,41.2],[45.79,41.22],[45.72,41.34],[45.28,41.45],[45,41.29],[44.84,41.21],[44.23,41.21],[43.44,41.11]]]},"properties":{"iso_a3":"GEO"}},{"type":"Feature","geometry":{"type":"Polygon","coordinates":[[[-2.51,49.49],[-2.55,49.43],[-2.65,49.47],[-2.54,49.51],[-2.51,49.49]]]},"properties":{"iso_a3":"GGY"}},{"type":"Feature","geometry":{"type":"Polygon","coordinates":[[[-0.07,11.12],[0.01,11.02],[-0.06,10.63],[0.36,10.24],[0.32,9.69],[0.53,9.4],[0.47,9.12],[0.49,8.85],[0.37,8.76],[0.62,8.48],[0.69,8.3],[0.58,8.15],[0.61,7.73],[0.5,7.55],[0.63,7.35],[0.53,6.85],[0.74,6.45],[0.98,6.32],[1.19,6.09],[0.95,5.81],[0.75,5.76],[0.26,5.76],[-0.35,5.5],[-0.8,5.23],[-1.06,5.18],[-1.64,4.98],[-2,4.76],[-2.4,4.93],[-2.96,5.05],[-3.02,5.13],[-2.8,5.18],[-2.75,5.43],[-2.79,5.6],[-3,5.71],[-3.2,6.35],[-3.24,6.81],[-2.99,7.2],[-2.9,7.69],[-2.79,7.93],[-2.51,8.21],[-2.6,8.78],[-2.75,9.11],[-2.67,9.28],[-2.7,9.48],[-2.77,9.66],[-2.75,9.91],[-2.91,10.73],[-2.83,11],[-1.9,10.99],[-1.54,11.02],[-0.7,10.99],[-0.63,10.93],[-0.3,11.17],[-0.07,11.12]]]},"properties":{"iso_a3":"GHA"}},{"type":"Feature","geometry":{"type":"Polygon","coordinates":[[[-10.28,8.49],[-10.56,8.32],[-10.63,8.53],[-10.5,8.66],[-10.61,8.87],[-10.68,9.29],[-11.05,9.79],[-11.27,10],[-11.91,9.99],[-12.14,9.88],[-12.28,9.93],[-12.5,9.86],[-12.68,9.48],[-13.03,9.1],[-13.29,9.05],[-13.27,9.17],[-13.57,9.54],[-13.69,9.54],[-13.7,9.85],[-13.95,9.97],[-14.03,10.12],[-14.43,10.25],[-14.61,10.55],[-14.78,10.93],[-15.04,10.94],[-14.78,11.41],[-14.68,11.51],[-14.27,11.66],[-13.95,11.66],[-13.73,11.74],[-13.74,12.01],[-13.95,12.18],[-13.71,12.31],[-13.73,12.67],[-13.14,12.64],[-13.01,12.48],[-12.29,12.33],[-12.04,12.4],[-11.57,12.43],[-11.39,12.4],[-11.49,12.17],[-11.31,12.02],[-10.93,12.21],[-10.74,11.93],[-10.62,11.94],[-10.47,12.14],[-10.27,12.21],[-9.82,12.04],[-9.36,12.26],[-9.3,12.49],[-9,12.35],[-8.82,11.92],[-8.82,11.67],[-8.66,11.51],[-8.41,11.39],[-8.47,11.05],[-8.31,10.95],[-8.27,10.49],[-8.01,10.32],[-7.99,10.16],[-8.16,9.97],[-8.14,9.5],[-7.9,9.42],[-7.95,8.79],[-7.78,8.72],[-7.82,8.47],[-8.24,8.46],[-8.26,8.25],[-8.01,8.08],[-8.23,7.56],[-8.49,7.56],[-8.74,7.5],[-8.89,7.26],[-9.13,7.25],[-9.46,7.44],[-9.37,7.7],[-9.52,8.35],[-9.77,8.53],[-10.06,8.43],[-10.28,8.49]]]},"properties":{"iso_a3":"GIN"}},{"type":"Feature","geometry":{"type":"Polygon","coordinates":[[[-61.33,16.23],[-61.52,16.23],[-61.5,16.36],[-61.41,16.47],[-61.33,16.23]]]},"properties":{"iso_a3":"GLP"}},{"type":"Feature","geometry":{"type":"Polygon","coordinates":[[[-16.56,13.59],[-15.51,13.59],[-15.43,13.73],[-15.11,13.81],[-14.94,13.79],[-14.41,13.5],[-13.98,13.54],[-13.85,13.34],[-14.25,13.24],[-14.44,13.27],[-15.15,13.56],[-15.29,13.4],[-15.81,13.33],[-15.83,13.16],[-16.65,13.15],[-16.76,13.06],[-16.82,13.34],[-16.56,13.59]]]},"properties":{"iso_a3":"GMB"}},{"type":"Feature","geometry":{"type":"Polygon","coordinates":[[[-16.71,12.35],[-16.52,12.35],[-16.14,12.46],[-15.84,12.44],[-15.57,12.49],[-15.2,12.68],[-13.73,12.67],[-13.71,12.31],[-13.95,12.18],[-13.74,12.01],[-13.73,11.74],[-13.95,11.66],[-14.27,11.66],[-14.68,11.51],[-14.78,11.41],[-15.04,10.94],[-15.22,11.03],[-15.48,11.41],[-15.41,11.62],[-15.5,11.72],[-15.94,11.79],[-16.44,12.2],[-16.71,12.35]]]},"properties":{"iso_a3":"GNB"}},{"type":"Feature","geometry":{"type":"MultiPolygon","coordinates":[[[[8.74,3.76],[8.95,3.63],[8.7,3.22],[8.47,3.26],[8.74,3.76]]],[[[11.33,2.17],[11.34,1],[9.98,1],[9.7,1.08],[9.59,1.03],[9.39,1.14],[9.49,1.44],[9.63,1.57],[9.81,1.93],[9.8,2.3],[9.98,2.17],[11.33,2.17]]]]},"properties":{"iso_a3":"GNQ"}},{"type":"Feature","geometry":{"type":"MultiPolygon","coordinates":[[[[23.42,38.96],[23.53,38.81],[24.1,38.67],[24.2,38.54],[24.04,38.39],[23.76,38.4],[23.25,38.8],[23.42,38.96]]],[[[26.41,39.33],[26.58,39.11],[26.47,38.97],[26.16,39.03],[25.84,39.2],[26.17,39.37],[26.41,39.33]]],[[[25.44,39.98],[25.36,39.81],[25.06,39.85],[25.06,40],[25.44,39.98]]],[[[27.84,35.93],[27.72,36.17],[27.91,36.35],[28.07,36.13],[27.84,35.93]]],[[[23.85,35.54],[24.17,35.6],[24.31,35.36],[24.72,35.42],[25.48,35.31],[25.73,35.35],[25.79,35.12],[26.17,35.22],[26.24,35.04],[25.83,35.03],[24.8,34.93],[24.71,35.09],[24.46,35.16],[23.59,35.26],[23.57,35.53],[23.85,35.54]]],[[[26.32,41.72],[26.58,41.6],[26.62,41.4],[26.33,41.24],[26.33,40.95],[26.04,40.73],[25.86,40.84],[25.25,40.93],[25.1,40.99],[24.79,40.86],[24.38,40.91],[23.88,40.54],[23.66,40.22],[23.31,40.22],[22.63,40.5],[22.59,40.04],[22.84,39.8],[22.99,39.33],[22.84,39.26],[22.97,39.03],[22.77,38.8],[23.25,38.66],[23.57,38.49],[23.68,38.35],[24.01,38.23],[24.06,37.71],[23.58,38.01],[23.19,37.96],[23.2,37.62],[22.77,37.39],[23,37.02],[23.07,36.77],[22.61,36.78],[22.49,36.57],[22.08,37.03],[21.74,36.86],[21.58,37.08],[21.69,37.31],[21.57,37.54],[21.33,37.67],[21.15,37.92],[21.4,38.2],[21.66,38.18],[21.82,38.33],[22.56,38.11],[22.8,37.98],[22.93,38.2],[22.39,38.39],[21.97,38.41],[21.47,38.32],[21.11,38.38],[20.99,38.65],[20.78,38.81],[20.78,39.01],[20.3,39.33],[20.19,39.55],[20,39.71],[20.21,39.65],[20.38,39.84],[20.41,40.05],[20.61,40.08],[20.81,40.45],[21.03,40.62],[20.96,40.85],[21.58,40.87],[21.93,41.11],[22.4,41.12],[22.72,41.18],[22.92,41.34],[23.64,41.39],[24.06,41.53],[24.39,41.52],[25.13,41.32],[25.25,41.24],[26.16,41.43],[26.11,41.73],[26.32,41.72]]]]},"properties":{"iso_a3":"GRC"}},{"type":"Feature","geometry":{"type":"Polygon","coordinates":[[[-61.72,12.01],[-61.76,12.05],[-61.71,12.19],[-61.61,12.22],[-61.63,12.05],[-61.72,12.01]]]},"properties":{"iso_a3":"GRD"}},{"type":"Feature","geometry":{"type":"MultiPolygon","coordinates":[[[[-29.95,83.56],[-25.95,83.29],[-24.47,82.88],[-22.52,82.79],[-21.52,82.6],[-21.99,82.46],[-23.86,82.29],[-23.18,81.99],[-21.34,82.07],[-21.23,81.6],[-22.57,81.1],[-21.93,81.05],[-20.76,81.31],[-20.02,81.56],[-17.23,81.43],[-16.36,81.73],[-15.45,81.84],[-13.7,81.79],[-12.19,81.65],[-11.53,81.42],[-13.45,81.04],[-14.49,80.97],[-14.5,80.76],[-16.76,80.57],[-15.93,80.4],[-17.01,80.19],[-18.07,80.17],[-19.43,80.26],[-20.04,80.08],[-20.14,79.8],[-19.28,79.68],[-19.41,79.35],[-19.07,79.15],[-19.72,79.07],[-20.05,78.84],[-21.13,78.66],[-20.96,78.56],[-21.31,78.17],[-20.68,77.62],[-20.23,77.37],[-19.3,77.22],[-18.34,77.22],[-18.51,76.78],[-20.06,76.93],[-20.94,76.89],[-21.88,76.57],[-21.42,76.26],[-20.1,76.22],[-19.51,75.76],[-19.43,75.23],[-20.48,75.31],[-20.93,75.05],[-19.98,74.98],[-19.27,74.34],[-19.65,74.26],[-21.13,74.11],[-21.02,73.94],[-20.34,73.82],[-20.51,73.49],[-21.33,73.46],[-22.35,73.27],[-22.85,73.08],[-22.04,72.92],[-22.07,72.4],[-22.29,72.12],[-24.07,72.5],[-24.42,72.35],[-22.5,71.91],[-21.75,71.48],[-21.63,70.47],[-23.33,70.45],[-23.97,70.65],[-24.38,71.15],[-25.66,71.53],[-25.74,71.18],[-26.72,70.95],[-27.69,70.99],[-28.07,70.7],[-28.54,70.48],[-28.02,70.4],[-26.75,70.48],[-26.42,70.22],[-25.62,70.35],[-24.75,70.3],[-24.04,70.18],[-22.29,70.03],[-23.09,69.88],[-23.71,69.63],[-25.54,69.05],[-25.7,68.89],[-26.34,68.7],[-29.25,68.3],[-29.96,68.3],[-30.98,68.06],[-31.42,68.13],[-32.14,68.38],[-32.37,68.21],[-32.27,67.92],[-33.16,67.63],[-33.61,67.17],[-34.2,66.66],[-34.63,66.43],[-35.63,66.14],[-36.29,65.86],[-36.93,65.78],[-37.75,65.59],[-38,65.71],[-38.64,65.62],[-39.96,65.56],[-39.58,65.34],[-40.66,64.92],[-40.18,64.48],[-40.48,64.34],[-40.65,63.93],[-40.55,63.73],[-41.05,63.51],[-41.11,63.27],[-41.63,62.97],[-42.15,62.57],[-42.32,62.15],[-42.11,61.86],[-42.42,61.54],[-42.72,60.77],[-43.16,60.33],[-43.12,60.06],[-43.91,59.82],[-44.41,59.92],[-45.38,60.2],[-45.38,60.44],[-46.05,60.62],[-46.14,60.78],[-46.58,60.96],[-47.22,60.78],[-47.58,60.85],[-48.01,60.72],[-48.39,61],[-48.38,61.14],[-48.92,61.28],[-49.05,61.52],[-49.29,61.59],[-49.38,61.89],[-49.62,62],[-49.55,62.23],[-50.29,62.47],[-50.34,62.83],[-50.74,63.05],[-51.47,63.64],[-51.45,63.9],[-51.71,64.21],[-52,64.26],[-52.26,65.15],[-52.76,65.59],[-53.2,65.59],[-53.24,65.98],[-53.65,66.27],[-53.42,66.65],[-53.04,66.83],[-53.69,66.99],[-53.88,67.14],[-53.58,67.84],[-53.15,68.21],[-51.6,68.05],[-51.63,68.27],[-52.7,68.26],[-53.21,68.41],[-53.04,68.61],[-52.3,68.7],[-51.62,68.53],[-51.25,68.74],[-51.06,69.27],[-50.5,69.94],[-51.11,70.06],[-51.5,69.99],[-52.25,70.06],[-53.02,70.3],[-54.01,70.42],[-54.5,70.66],[-54.17,70.82],[-52.41,70.69],[-51.52,70.44],[-51.26,70.85],[-52.06,71.12],[-53.01,71.18],[-53.17,71.54],[-54.69,71.37],[-55.34,71.43],[-55.67,71.63],[-55.32,72.11],[-55.3,72.35],[-54.74,72.7],[-54.77,72.92],[-55.63,72.99],[-55.3,73.26],[-55.45,73.46],[-56.11,73.59],[-55.93,73.9],[-56.23,74.13],[-56.71,74.22],[-56.66,74.46],[-57.36,74.95],[-57.81,75.04],[-58.6,75.39],[-58.25,75.51],[-58.52,75.69],[-61.19,76.16],[-62.74,76.25],[-63.44,76.34],[-64.31,76.32],[-65.09,76.15],[-66.13,76.22],[-66.83,75.97],[-68.32,76.09],[-69.37,76.33],[-68.77,76.67],[-70.44,76.81],[-71.14,77.03],[-70.86,77.18],[-68.98,77.2],[-68.14,77.38],[-66.71,77.34],[-66.27,77.52],[-66.69,77.68],[-67.51,77.54],[-68.73,77.58],[-69.35,77.47],[-71.51,77.88],[-72.79,78.15],[-72.68,78.4],[-71.52,78.64],[-70.91,78.64],[-69.03,78.94],[-67.48,79.12],[-65.97,79.13],[-65.42,79.34],[-64.84,79.97],[-67.06,80.12],[-67,80.41],[-65.8,80.66],[-64.69,80.97],[-63.24,81.08],[-62.9,81.22],[-61.44,81.13],[-61.1,81.4],[-61.24,81.69],[-60.84,81.86],[-58.72,82.09],[-54.73,82.35],[-53.11,82.25],[-50.89,81.9],[-50.39,82.12],[-50.99,82.46],[-48.86,82.41],[-46.62,82.1],[-45.29,81.83],[-44.53,81.85],[-44.64,82.1],[-44.33,82.47],[-46.48,82.95],[-43.19,83.26],[-42.05,83.21],[-39.89,83.3],[-37.83,83.49],[-32.98,83.6],[-29.95,83.56]]],[[[-52.73,69.94],[-52.05,69.81],[-51.9,69.6],[-52.11,69.49],[-53.58,69.26],[-54.12,69.36],[-54.92,69.71],[-54.82,70.19],[-54.37,70.32],[-53.3,70.21],[-52.73,69.94]]],[[[-44.86,82.08],[-46.75,82.35],[-47.31,82.53],[-46.4,82.69],[-44.75,82.4],[-44.86,82.08]]],[[[-25.43,70.92],[-25.4,70.65],[-26.22,70.45],[-26.6,70.55],[-27.9,70.45],[-27.71,70.9],[-26.98,70.86],[-25.82,71.04],[-25.43,70.92]]],[[[-18,75.41],[-17.59,74.99],[-18.67,75],[-18.86,75.32],[-18,75.41]]]]},"properties":{"iso_a3":"GRL"}},{"type":"Feature","geometry":{"type":"Polygon","coordinates":[[[-92.24,14.55],[-92.19,14.82],[-92.07,15.07],[-92.19,15.32],[-91.74,16.07],[-90.45,16.07],[-90.42,16.39],[-90.58,16.47],[-90.71,16.71],[-90.98,16.87],[-91.32,17.2],[-90.99,17.25],[-90.99,17.82],[-89.16,17.81],[-89.24,15.89],[-88.89,15.89],[-88.6,15.76],[-88.54,15.85],[-88.23,15.73],[-88.96,15.15],[-89.17,15.04],[-89.22,14.87],[-89.17,14.61],[-89.36,14.42],[-89.55,14.24],[-90.05,13.9],[-90.1,13.74],[-90.61,13.93],[-91.15,13.93],[-91.64,14.11],[-92.24,14.55]]]},"properties":{"iso_a3":"GTM"}},{"type":"Feature","geometry":{"type":"Polygon","coordinates":[[[-54.62,2.33],[-54.4,2.46],[-54.2,2.82],[-54.19,3.18],[-54.01,3.45],[-53.99,3.59],[-54.26,3.9],[-54.4,4.2],[-54.48,4.84],[-54.45,5.01],[-54.16,5.36],[-53.99,5.68],[-53.85,5.78],[-53.45,5.56],[-52.9,5.43],[-52.45,5.02],[-52.06,4.72],[-51.79,4.57],[-51.65,4.06],[-51.93,3.78],[-52.23,3.27],[-52.33,3.18],[-52.58,2.53],[-52.7,2.36],[-52.96,2.18],[-53.23,2.2],[-53.33,2.34],[-53.51,2.25],[-53.79,2.35],[-54.13,2.12],[-54.29,2.15],[-54.62,2.33]]]},"properties":{"iso_a3":"GUF"}},{"type":"Feature","geometry":{"type":"Polygon","coordinates":[[[144.74,13.26],[144.65,13.31],[144.65,13.43],[144.78,13.41],[144.74,13.26]]]},"properties":{"iso_a3":"GUM"}},{"type":"Feature","geometry":{"type":"Polygon","coordinates":[[[-60.74,5.2],[-61.38,5.91],[-61.13,6.21],[-61.2,6.59],[-61.15,6.69],[-60.72,6.77],[-60.4,6.95],[-60.35,7.15],[-60.58,7.16],[-60.72,7.54],[-60.51,7.81],[-60.38,7.83],[-60.03,8.05],[-59.83,8.31],[-60.02,8.55],[-59.84,8.37],[-59.67,8.36],[-59.2,8.07],[-58.81,7.74],[-58.48,7.33],[-58.48,7.04],[-58.3,6.88],[-57.98,6.79],[-57.61,6.45],[-57.34,6.27],[-57.19,6.1],[-57.19,5.55],[-57.32,5.34],[-57.21,5.2],[-57.33,5.02],[-57.65,5],[-57.92,4.82],[-57.85,4.67],[-58.05,4.17],[-58.03,4],[-57.83,3.68],[-57.55,3.35],[-57.3,3.38],[-57.2,2.85],[-56.7,2.04],[-56.48,1.94],[-56.84,1.88],[-57.09,2.01],[-57.41,1.91],[-57.59,1.7],[-57.98,1.65],[-58.09,1.51],[-58.34,1.59],[-58.51,1.44],[-58.51,1.28],[-58.86,1.2],[-59.23,1.38],[-59.76,1.9],[-59.76,2.27],[-59.89,2.36],[-60,2.77],[-59.95,3.09],[-59.83,3.35],[-59.85,3.59],[-59.68,3.7],[-59.55,3.93],[-59.74,4.23],[-59.83,4.48],[-60.14,4.57],[-60.03,4.74],[-59.99,5.08],[-60.14,5.24],[-60.74,5.2]]]},"properties":{"iso_a3":"GUY"}},{"type":"Feature","geometry":{"type":"Polygon","coordinates":[[[114.02,22.51],[114.27,22.54],[114.27,22.3],[113.9,22.43],[114.02,22.51]]]},"properties":{"iso_a3":"HKG"}},{"type":"Feature","geometry":{"type":"Polygon","coordinates":[[[73.71,-53.14],[73.41,-53.15],[73.34,-53.03],[73.59,-53.03],[73.71,-53.14]]]},"properties":{"iso_a3":"HMD"}},{"type":"Feature","geometry":{"type":"Polygon","coordinates":[[[-83.16,14.99],[-83.42,15.01],[-83.87,14.79],[-84.24,14.75],[-84.54,14.63],[-84.86,14.81],[-84.99,14.75],[-85.28,14.29],[-85.79,13.84],[-86.09,14.04],[-86.33,13.77],[-86.61,13.77],[-86.77,13.7],[-86.71,13.31],[-86.92,13.22],[-87.06,12.99],[-87.34,12.98],[-87.6,13.39],[-87.81,13.4],[-87.72,13.81],[-87.99,13.88],[-88.15,13.99],[-88.48,13.85],[-88.51,13.98],[-88.71,14.03],[-89.06,14.33],[-89.36,14.42],[-89.17,14.61],[-89.22,14.87],[-89.17,15.04],[-88.96,15.15],[-88.23,15.73],[-88.13,15.7],[-87.87,15.88],[-87.62,15.91],[-87.49,15.79],[-87.29,15.83],[-86.91,15.76],[-86.36,15.78],[-86.18,15.89],[-85.78,16],[-85.48,15.9],[-85.16,15.92],[-84.97,15.99],[-84.56,15.8],[-84.26,15.82],[-83.97,15.52],[-83.76,15.22],[-83.55,15.29],[-83.37,15.24],[-83.16,14.99]]]},"properties":{"iso_a3":"HND"}},{"type":"Feature","geometry":{"type":"MultiPolygon","coordinates":[[[[13.58,45.52],[13.88,45.43],[14.73,45.51],[15.34,45.47],[15.27,45.72],[15.62,45.83],[15.64,46.2],[16.23,46.37],[16.52,46.5],[17.41,45.95],[17.81,45.79],[18.36,45.75],[18.67,45.91],[18.91,45.93],[18.84,45.84],[19.06,45.53],[19.01,44.87],[18.78,44.95],[18.66,45.08],[18.14,45.12],[17.81,45.08],[16.53,45.22],[16.23,45.03],[16.03,45.19],[15.79,45.18],[15.74,44.77],[16.13,44.47],[16.21,44.22],[16.71,43.78],[17.08,43.52],[17.62,43.04],[17.59,42.94],[16.9,43.39],[16.39,43.54],[15.99,43.52],[15.94,43.66],[15.5,43.91],[15.19,44.17],[15.27,44.38],[14.9,44.71],[14.85,45.08],[14.55,45.3],[14.24,45.16],[13.97,44.84],[13.63,45.11],[13.58,45.52]]],[[[18.44,42.56],[18.52,42.43],[17.67,42.9],[17.74,42.92],[18.35,42.59],[18.44,42.56]]]]},"properties":{"iso_a3":"HRV"}},{"type":"Feature","geometry":{"type":"Polygon","coordinates":[[[-71.78,19.72],[-71.71,19.49],[-71.75,19.29],[-71.66,19.13],[-71.81,18.99],[-71.74,18.73],[-71.87,18.61],[-71.74,18.27],[-71.77,18.04],[-72.06,18.23],[-72.5,18.22],[-72.88,18.15],[-73.39,18.25],[-73.75,18.19],[-73.88,18.04],[-74.09,18.22],[-74.42,18.35],[-74.48,18.45],[-74.28,18.66],[-73.69,18.57],[-73.59,18.52],[-72.74,18.44],[-72.35,18.67],[-72.65,18.89],[-72.81,19.07],[-72.7,19.44],[-73.05,19.61],[-73.4,19.66],[-73.4,19.81],[-72.88,19.93],[-72.64,19.9],[-72.22,19.74],[-71.78,19.72]]]},"properties":{"iso_a3":"HTI"}},{"type":"Feature","geometry":{"type":"Polygon","coordinates":[[[22.13,48.41],[22.88,47.95],[22.68,47.8],[22.29,47.73],[22,47.51],[22,47.4],[21.32,46.61],[21.15,46.3],[20.76,46.25],[20.24,46.11],[19.53,46.16],[19.21,45.98],[18.91,45.93],[18.67,45.91],[18.36,45.75],[17.81,45.79],[17.41,45.95],[16.52,46.5],[16.28,46.86],[16.09,46.86],[16.46,47.02],[16.43,47.37],[16.64,47.61],[17.07,47.71],[17.15,48.01],[17.32,47.99],[17.76,47.77],[18.72,47.79],[18.91,48.05],[19.47,48.11],[19.63,48.22],[19.9,48.13],[20.33,48.3],[20.49,48.53],[21.2,48.51],[21.45,48.55],[21.77,48.34],[22.13,48.41]]]},"properties":{"iso_a3":"HUN"}},{"type":"Feature","geometry":{"type":"MultiPolygon","coordinates":[[[[97.48,1.47],[97.7,1.18],[97.93,0.97],[97.88,0.63],[97.68,0.6],[97.6,0.83],[97.41,0.95],[97.24,1.42],[97.48,1.47]]],[[[99.16,-1.78],[98.87,-1.66],[98.6,-1.2],[98.68,-0.97],[98.87,-0.92],[99.27,-1.63],[99.16,-1.78]]],[[[116.64,-8.61],[116.38,-8.93],[116.08,-8.74],[116.06,-8.44],[116.4,-8.2],[116.65,-8.28],[116.73,-8.39],[116.64,-8.61]]],[[[115.45,-8.16],[115.7,-8.41],[115.33,-8.62],[115.06,-8.57],[114.84,-8.43],[114.61,-8.38],[114.48,-8.12],[115,-8.17],[115.15,-8.07],[115.45,-8.16]]],[[[106.05,-1.67],[106.16,-1.87],[106.21,-2.19],[106.37,-2.46],[106.68,-2.7],[106.55,-3.06],[106.25,-2.89],[106,-2.82],[105.91,-2.64],[105.79,-2.18],[105.55,-2.08],[105.34,-2.13],[105.37,-1.66],[105.59,-1.53],[105.91,-1.5],[106.05,-1.67]]],[[[123.18,-4.55],[123.06,-4.75],[122.97,-5.14],[123.19,-5.33],[122.92,-5.52],[122.81,-5.67],[122.58,-5.54],[122.77,-5.21],[122.85,-4.62],[123.04,-4.39],[123.18,-4.55]]],[[[122.65,-5.27],[122.56,-5.39],[122.28,-5.32],[122.4,-5.07],[122.37,-4.77],[122.66,-4.63],[122.76,-4.93],[122.61,-5.14],[122.65,-5.27]]],[[[108.32,3.69],[108.04,3.89],[108,4.04],[108.2,4.2],[108.39,3.99],[108.32,3.69]]],[[[108.21,-3],[108.17,-3.14],[107.94,-3.13],[107.66,-3.21],[107.56,-2.92],[107.67,-2.57],[107.84,-2.53],[108.07,-2.6],[108.29,-2.83],[108.21,-3]]],[[[135.38,-0.65],[135.89,-0.73],[136.31,-1.17],[136.11,-1.22],[135.84,-1.12],[135.65,-0.88],[135.43,-0.77],[135.38,-0.65]]],[[[135.47,-1.59],[136.2,-1.65],[136.23,-1.89],[135.87,-1.75],[135.49,-1.67],[135.47,-1.59]]],[[[130.81,0],[131.28,-0.15],[131.26,-0.37],[130.69,-0.3],[130.24,-0.21],[130.29,-0.1],[130.81,0]]],[[[128.45,2.05],[128.26,2.08],[128.22,2.3],[128.33,2.47],[128.6,2.6],[128.69,2.47],[128.62,2.22],[128.45,2.05]]],[[[128.15,-1.66],[128.06,-1.71],[127.56,-1.73],[127.39,-1.64],[127.46,-1.45],[127.65,-1.33],[127.91,-1.44],[128.15,-1.66]]],[[[126.02,-1.79],[125.96,-1.92],[125.43,-1.94],[125.44,-1.81],[126.02,-1.79]]],[[[124.97,-1.71],[124.83,-1.89],[124.42,-2.01],[124.33,-1.86],[124.38,-1.69],[124.66,-1.64],[124.97,-1.71]]],[[[131.33,-8],[131.09,-7.87],[131.26,-7.47],[131.56,-7.14],[131.69,-7.44],[131.62,-7.63],[131.38,-7.87],[131.33,-8]]],[[[126.8,-7.67],[126.47,-7.95],[125.81,-7.88],[125.98,-7.66],[126.21,-7.71],[126.61,-7.57],[126.8,-7.67]]],[[[124.58,-8.14],[125.12,-8.2],[125.1,-8.35],[124.44,-8.44],[124.43,-8.18],[124.58,-8.14]]],[[[131,-1.32],[130.78,-1.26],[130.67,-0.96],[130.9,-0.89],[131.07,-0.97],[131,-1.32]]],[[[96.49,5.23],[96.97,5.27],[97.19,5.21],[97.55,5.21],[97.91,4.88],[98,4.66],[98.25,4.41],[98.31,4.09],[98.66,3.93],[98.78,3.76],[99.15,3.58],[99.73,3.18],[100.02,2.79],[100.52,2.19],[100.69,2.12],[100.94,2.29],[101.05,2.26],[101.3,2.01],[101.48,1.69],[101.78,1.62],[102.02,1.44],[102.16,1.26],[102.22,1.02],[102.57,0.75],[102.85,0.72],[103.07,0.49],[103.41,0.51],[103.67,0.29],[103.79,0.05],[103.43,-0.19],[103.43,-0.53],[103.53,-0.75],[103.72,-0.89],[104.2,-1.05],[104.36,-1.04],[104.43,-1.25],[104.52,-1.82],[104.57,-1.92],[104.85,-2.09],[104.88,-2.42],[105.03,-2.36],[105.4,-2.38],[105.58,-2.49],[105.9,-2.89],[106.06,-3.22],[105.9,-3.41],[105.84,-3.61],[105.93,-3.88],[105.83,-4.16],[105.89,-4.55],[105.89,-5.01],[105.82,-5.68],[105.62,-5.8],[105.35,-5.55],[105.02,-5.73],[104.64,-5.52],[104.68,-5.82],[104.6,-5.9],[104.07,-5.39],[103.83,-5.08],[103.33,-4.77],[102.92,-4.47],[102.37,-3.97],[102.13,-3.6],[101.58,-3.17],[101.31,-2.73],[101.12,-2.59],[100.85,-2.14],[100.86,-1.93],[100.49,-1.3],[100.31,-0.83],[99.86,-0.31],[99.67,0.05],[99.33,0.21],[99.16,0.35],[98.8,1.49],[98.56,1.9],[98.09,2.2],[97.7,2.36],[97.59,2.85],[97.39,2.98],[96.97,3.58],[96.8,3.71],[96.44,3.82],[96.23,4.07],[95.99,4.26],[95.49,4.76],[95.21,5.28],[95.22,5.52],[95.4,5.63],[95.74,5.58],[96.13,5.29],[96.49,5.23]]],[[[122.78,-8.61],[122.47,-8.73],[122.09,-8.74],[121.65,-8.9],[121.41,-8.81],[121.33,-8.92],[121.04,-8.94],[120.55,-8.8],[120.12,-8.78],[119.91,-8.86],[119.81,-8.7],[119.87,-8.47],[120.23,-8.29],[120.61,-8.24],[121.28,-8.48],[121.44,-8.58],[122.02,-8.47],[122.26,-8.62],[122.47,-8.57],[122.6,-8.4],[122.78,-8.61]]],[[[120.01,-9.37],[120.22,-9.51],[120.29,-9.65],[120.56,-9.72],[120.83,-10.04],[120.7,-10.21],[120.44,-10.29],[120.14,-10.2],[119.93,-9.97],[119.6,-9.77],[119.09,-9.71],[118.96,-9.52],[119.19,-9.38],[119.61,-9.35],[120.01,-9.37]]],[[[118.24,-8.32],[118.49,-8.27],[118.99,-8.34],[119.01,-8.75],[118.82,-8.71],[118.48,-8.86],[118.23,-8.81],[117.51,-9.01],[117.21,-9.03],[117.06,-9.1],[116.79,-9.01],[116.78,-8.66],[116.84,-8.53],[117.16,-8.37],[117.57,-8.43],[117.81,-8.71],[117.97,-8.73],[118.23,-8.59],[117.81,-8.34],[117.76,-8.15],[118.12,-8.12],[118.24,-8.32]]],[[[124.89,1],[124.7,0.83],[124.43,0.47],[124.22,0.38],[123.75,0.31],[123.27,0.33],[123.08,0.49],[122.28,0.48],[121.84,0.44],[121.52,0.5],[121.01,0.44],[120.58,0.53],[120.35,0.45],[120.19,0.27],[120.01,-0.2],[120.06,-0.56],[120.27,-0.9],[120.52,-1.04],[120.67,-1.37],[121.03,-1.41],[121.43,-0.94],[121.63,-0.84],[121.74,-0.93],[121.97,-0.93],[122.28,-0.76],[122.89,-0.76],[122.87,-0.64],[123.17,-0.57],[123.38,-0.65],[123.4,-0.96],[123.3,-1.03],[123.05,-0.87],[122.9,-0.9],[122.72,-1.06],[122.51,-1.35],[122.25,-1.56],[121.86,-1.69],[121.72,-1.86],[121.41,-1.97],[121.58,-2.15],[121.85,-2.33],[122.08,-2.75],[122.29,-2.91],[122.4,-3.2],[122.32,-3.28],[122.25,-3.62],[122.61,-3.92],[122.69,-4.08],[122.88,-4.11],[122.9,-4.35],[122.47,-4.42],[122.11,-4.54],[122.07,-4.79],[121.92,-4.85],[121.59,-4.76],[121.49,-4.58],[121.62,-4.09],[121.31,-3.92],[120.91,-3.56],[120.91,-3.4],[121.04,-3.21],[121.05,-2.75],[120.99,-2.67],[120.65,-2.67],[120.34,-2.87],[120.25,-3.05],[120.39,-3.35],[120.44,-3.75],[120.36,-4.09],[120.42,-4.62],[120.28,-5.15],[120.39,-5.39],[120.31,-5.54],[119.95,-5.58],[119.76,-5.69],[119.56,-5.61],[119.36,-5.31],[119.52,-4.88],[119.61,-4.42],[119.62,-4.03],[119.49,-3.77],[119.49,-3.55],[119.36,-3.46],[118.99,-3.54],[118.87,-3.4],[118.81,-3.16],[118.86,-2.93],[118.78,-2.76],[119.09,-2.48],[119.17,-2.14],[119.35,-1.83],[119.31,-1.41],[119.51,-0.91],[119.71,-0.68],[119.77,-0.48],[119.72,-0.09],[119.87,0.04],[119.81,0.24],[120.06,0.69],[120.32,0.98],[120.42,0.85],[120.6,0.85],[120.91,1.29],[121.08,1.33],[121.44,1.21],[121.59,1.07],[121.87,1.09],[122.11,1.03],[122.44,1.02],[122.89,0.85],[123.01,0.94],[123.28,0.93],[123.85,0.84],[124.27,1.02],[124.53,1.23],[124.99,1.7],[125.11,1.69],[125.23,1.5],[124.89,1]]],[[[107.37,-6.01],[107.67,-6.22],[108.14,-6.3],[108.3,-6.27],[108.52,-6.47],[108.68,-6.79],[109.29,-6.87],[109.5,-6.81],[109.94,-6.92],[110.43,-6.95],[110.58,-6.81],[110.67,-6.57],[110.83,-6.42],[111,-6.46],[111.15,-6.67],[111.54,-6.65],[111.74,-6.77],[111.99,-6.81],[112.14,-6.91],[112.54,-6.93],[112.65,-7.22],[112.79,-7.3],[112.79,-7.55],[113.25,-7.72],[113.88,-7.68],[114.07,-7.63],[114.41,-7.79],[114.44,-8],[114.28,-8.61],[114.16,-8.63],[113.69,-8.48],[113.25,-8.29],[112.77,-8.4],[112.12,-8.32],[111.51,-8.31],[110.61,-8.15],[110.04,-7.89],[109.28,-7.7],[108.74,-7.67],[108.45,-7.8],[107.8,-7.69],[107.55,-7.54],[107.28,-7.47],[106.63,-7.42],[106.42,-7.24],[106.52,-7.05],[105.94,-6.86],[105.48,-6.78],[105.66,-6.47],[105.79,-6.46],[105.87,-6.12],[106.08,-5.91],[106.17,-5.96],[106.68,-6.04],[106.83,-6.1],[107.16,-5.96],[107.37,-6.01]]],[[[109.63,2.03],[109.54,1.9],[109.65,1.61],[109.99,1.28],[110.46,0.88],[110.61,0.88],[111.1,1.05],[111.55,0.99],[111.81,1.01],[112.08,1.14],[112.19,1.44],[112.48,1.56],[112.94,1.57],[112.99,1.46],[113.62,1.24],[113.9,1.43],[114.39,1.5],[114.55,1.47],[114.7,1.85],[114.83,1.98],[114.79,2.25],[115.18,2.52],[115.08,2.63],[115.09,2.84],[115.25,3.03],[115.45,3.03],[115.57,3.45],[115.57,3.94],[115.68,4.19],[115.86,4.35],[116.41,4.31],[117.1,4.34],[117.57,4.17],[117.47,4.08],[117.73,3.8],[117.63,3.64],[117.17,3.59],[117.38,3.37],[117.32,3.24],[117.7,2.89],[117.8,2.67],[118.07,2.32],[117.86,1.97],[118.08,1.7],[118.64,1.32],[118.98,0.98],[118.76,0.84],[118.53,0.81],[118.2,0.87],[118.02,1.04],[117.92,0.83],[117.75,0.73],[117.55,0.34],[117.46,-0.2],[117.55,-0.55],[117.52,-0.8],[117.24,-0.93],[117,-1.19],[116.85,-1.22],[116.55,-1.47],[116.42,-1.78],[116.42,-2.05],[116.57,-2.3],[116.53,-2.51],[116.38,-2.58],[116.33,-2.9],[116.17,-3.03],[116.17,-3.18],[115.96,-3.6],[114.69,-4.17],[114.63,-4.11],[114.61,-3.7],[114.54,-3.49],[114.4,-3.47],[114.08,-3.28],[113.8,-3.46],[113.63,-3.42],[113.61,-3.2],[113.34,-3.25],[113.03,-2.93],[112.97,-3.19],[112.6,-3.4],[112.28,-3.32],[111.95,-3.53],[111.82,-3.53],[111.81,-3.01],[111.37,-2.93],[111.04,-3.06],[110.7,-3.02],[110.57,-2.89],[110.23,-2.93],[110.22,-2.69],[110.08,-1.95],[109.96,-1.86],[110.04,-1.53],[109.94,-1.18],[109.68,-0.94],[109.33,-0.88],[109.26,-0.58],[109.13,-0.45],[109.19,-0.01],[109.15,0.17],[108.94,0.36],[108.91,0.79],[108.96,1.13],[109.08,1.5],[109.38,1.92],[109.63,2.03]]],[[[127.73,0.85],[127.88,0.83],[127.97,1.04],[128.16,1.16],[128.16,1.32],[128.42,1.52],[128.69,1.57],[128.72,1.37],[128.67,1.07],[128.3,0.88],[128.26,0.73],[128.66,0.51],[128.69,0.36],[127.92,0.44],[127.89,0.05],[127.98,-0.25],[127.89,-0.42],[127.67,-0.16],[127.71,0.29],[127.56,0.49],[127.52,0.92],[127.42,1.25],[127.54,1.47],[127.63,1.84],[127.89,1.91],[128.01,1.7],[128.01,1.33],[127.89,1.16],[127.65,1.01],[127.73,0.85]]],[[[129.75,-2.87],[129.98,-2.98],[130.38,-2.99],[130.57,-3.13],[130.67,-3.39],[130.86,-3.57],[130.81,-3.86],[130.02,-3.47],[129.84,-3.33],[129.55,-3.32],[129.47,-3.45],[128.97,-3.33],[128.86,-3.23],[128.64,-3.43],[128.42,-3.42],[128.28,-3.24],[128.08,-3.18],[128.2,-2.87],[129.06,-2.84],[129.12,-2.94],[129.43,-2.79],[129.75,-2.87]]],[[[126.86,-3.09],[127.03,-3.17],[127.23,-3.39],[127.23,-3.63],[126.69,-3.82],[126.21,-3.61],[126.03,-3.36],[126.03,-3.17],[126.56,-3.07],[126.86,-3.09]]],[[[124.92,-8.94],[124.97,-9.29],[125.07,-9.51],[124.96,-9.67],[124.43,-10.15],[124.18,-10.18],[123.86,-10.34],[123.64,-10.31],[123.72,-10.08],[123.59,-9.97],[123.71,-9.61],[124.04,-9.34],[124.28,-9.43],[124.44,-9.19],[124.58,-9.16],[124.92,-8.94]]],[[[134.75,-5.71],[134.71,-5.95],[134.76,-6.17],[134.64,-6.37],[134.44,-6.33],[134.3,-6.01],[134.34,-5.71],[134.49,-5.53],[134.75,-5.71]]],[[[134.54,-6.44],[134.36,-6.81],[134.2,-6.91],[134.06,-6.77],[134.12,-6.43],[134.11,-6.19],[134.54,-6.44]]],[[[138.54,-8.27],[138.3,-8.41],[137.98,-8.38],[137.69,-8.41],[137.69,-8.26],[137.83,-7.93],[138.01,-7.64],[138.3,-7.44],[138.77,-7.39],[138.99,-7.7],[138.79,-8.06],[138.54,-8.27]]],[[[140.97,-2.61],[140.97,-3.41],[140.97,-4.84],[140.98,-6.35],[140.86,-6.74],[140.98,-6.91],[140.98,-7.89],[140.98,-9.12],[140.66,-8.85],[140.49,-8.62],[140.1,-8.3],[139.93,-8.1],[139.39,-8.19],[139.26,-8.05],[138.93,-8.26],[138.86,-8.15],[139.09,-7.59],[138.94,-7.47],[138.86,-7.2],[138.6,-6.94],[138.86,-6.86],[138.44,-6.34],[138.28,-5.84],[138.09,-5.71],[138.06,-5.47],[137.76,-5.26],[137.31,-5.01],[136.62,-4.82],[135.98,-4.53],[135.45,-4.44],[135.2,-4.45],[134.75,-4.2],[134.68,-4.08],[134.15,-3.8],[133.97,-3.82],[133.72,-3.58],[133.42,-3.73],[133.4,-3.9],[133.25,-4.06],[132.97,-4.09],[132.87,-4.01],[132.75,-3.7],[132.87,-3.55],[132.75,-3.29],[132.35,-2.98],[132.05,-2.91],[132.23,-2.68],[132.73,-2.79],[133.03,-2.49],[133.26,-2.45],[133.71,-2.54],[133.9,-2.39],[133.92,-2.15],[133.49,-2.23],[133.22,-2.21],[132.96,-2.27],[132.5,-2.22],[132.31,-2.24],[132.02,-1.99],[131.93,-1.56],[131.73,-1.54],[131.29,-1.39],[131.12,-1.46],[131.05,-1.28],[131.19,-1.17],[131.26,-0.86],[131.8,-0.7],[132.13,-0.45],[132.39,-0.36],[132.63,-0.36],[133.08,-0.51],[133.47,-0.73],[133.97,-0.74],[134.11,-0.85],[134.07,-1],[134.25,-1.31],[134.22,-1.53],[134.11,-1.72],[134.19,-2.31],[134.36,-2.62],[134.63,-2.54],[134.7,-2.93],[134.86,-2.98],[134.92,-3.25],[135.09,-3.35],[135.49,-3.35],[135.86,-3],[136.01,-2.73],[136.24,-2.58],[136.39,-2.27],[136.84,-2.2],[137.17,-2.03],[137.12,-1.84],[137.81,-1.48],[138.11,-1.62],[138.65,-1.79],[138.81,-1.92],[139.04,-1.99],[139.79,-2.35],[140.15,-2.35],[140.29,-2.42],[140.62,-2.45],[140.75,-2.61],[140.97,-2.61]]],[[[101.71,2.08],[101.72,1.79],[101.5,1.73],[101.41,2.02],[101.71,2.08]]],[[[103.03,0.75],[102.71,0.78],[102.45,0.89],[102.51,1.09],[103,0.86],[103.03,0.75]]],[[[104.59,1.22],[104.65,0.96],[104.25,1.01],[104.36,1.18],[104.59,1.22]]],[[[104.47,-0.33],[104.59,-0.47],[104.49,-0.61],[104.26,-0.46],[104.47,-0.33]]],[[[109.71,-1.18],[109.43,-1.24],[109.48,-0.99],[109.74,-1.04],[109.71,-1.18]]],[[[113.84,-7.11],[113.66,-7.11],[113.47,-7.22],[113.04,-7.21],[112.76,-7.14],[112.87,-6.9],[113.97,-6.87],[113.84,-7.11]]],[[[127.57,-0.32],[127.8,-0.69],[127.76,-0.88],[127.3,-0.5],[127.37,-0.33],[127.57,-0.32]]],[[[130.35,-1.69],[130.43,-1.8],[130.25,-2.05],[129.89,-1.99],[129.99,-1.76],[130.35,-1.69]]],[[[96.46,2.36],[96.02,2.6],[95.81,2.66],[95.81,2.92],[96.42,2.52],[96.46,2.36]]],[[[123.21,-1.17],[123.55,-1.34],[123.37,-1.51],[123.15,-1.3],[122.89,-1.59],[122.81,-1.43],[122.91,-1.18],[123.21,-1.17]]],[[[116.3,-3.87],[116.08,-3.82],[116.02,-3.7],[116.12,-3.34],[116.26,-3.39],[116.3,-3.87]]],[[[122.95,-10.91],[123.06,-10.7],[123.37,-10.47],[123.42,-10.65],[123.21,-10.81],[122.95,-10.91]]],[[[124.29,-8.33],[124.07,-8.55],[123.97,-8.35],[124.29,-8.33]]],[[[123.92,-8.27],[123.63,-8.42],[123.55,-8.57],[123.33,-8.44],[123.53,-8.27],[123.78,-8.19],[123.92,-8.27]]]]},"properties":{"iso_a3":"IDN"}},{"type":"Feature","geometry":{"type":"Polygon","coordinates":[[[-4.41,54.19],[-4.61,54.06],[-4.75,54.12],[-4.51,54.38],[-4.34,54.27],[-4.41,54.19]]]},"properties":{"iso_a3":"IMN"}},{"type":"Feature","geometry":{"type":"MultiPolygon","coordinates":[[[[68.17,23.86],[68.49,23.97],[68.72,23.96],[68.73,24.27],[69.56,24.27],[69.72,24.17],[70.02,24.19],[70.1,24.29],[70.55,24.42],[70.72,24.24],[71.04,24.4],[71.05,24.69],[70.8,25.21],[70.65,25.42],[70.57,25.71],[70.26,25.71],[70.1,25.91],[70.08,26.07],[70.16,26.47],[70.06,26.58],[69.74,26.63],[69.47,26.8],[69.54,27.12],[69.9,27.47],[70.14,27.85],[70.4,28.03],[70.63,27.94],[70.69,27.77],[70.87,27.71],[71.29,27.86],[71.87,27.96],[71.95,28.18],[72.18,28.42],[72.34,28.75],[72.9,29.03],[73.13,29.36],[73.38,29.93],[73.81,30.09],[73.93,30.22],[73.9,30.44],[74.22,30.77],[74.63,31.03],[74.54,31.13],[74.59,31.47],[74.51,31.71],[74.74,31.95],[75.25,32.14],[75.33,32.28],[74.99,32.46],[74.66,32.52],[74.66,32.76],[74.35,32.77],[74.32,32.93],[73.99,33.24],[74.15,33.51],[74,33.63],[73.98,34.19],[73.79,34.38],[73.96,34.65],[74.3,34.77],[74.95,34.65],[75.19,34.64],[75.71,34.5],[76.04,34.67],[76.59,34.74],[77,34.99],[77.05,35.11],[77.8,35.5],[78.05,35.45],[78.01,35.25],[78.33,34.61],[78.67,34.52],[78.94,34.35],[78.97,34.23],[78.75,34.09],[78.8,33.5],[79.14,33.17],[79.2,32.95],[79.22,32.5],[78.92,32.36],[78.7,32.6],[78.41,32.56],[78.5,32.22],[78.74,31.96],[78.69,31.74],[78.79,31.29],[79.11,31.4],[79.39,31.06],[79.57,30.95],[79.79,30.97],[80.08,30.78],[80.19,30.57],[80.61,30.45],[80.99,30.24],[81.01,30.16],[80.91,30.17],[80.61,29.96],[80.4,29.73],[80.13,29.1],[80.07,28.83],[80.42,28.61],[80.52,28.67],[81.17,28.34],[81.24,28.24],[81.76,27.91],[82.04,27.9],[82.45,27.67],[82.68,27.67],[82.73,27.52],[83.29,27.37],[83.45,27.47],[83.83,27.38],[84.09,27.49],[84.61,27.3],[84.69,27.04],[85.29,26.74],[85.57,26.84],[85.74,26.64],[86.01,26.65],[86.41,26.56],[86.7,26.44],[87.02,26.56],[87.29,26.36],[88.05,26.43],[88.16,26.72],[87.98,27.13],[88.02,27.41],[88.15,27.75],[88.11,27.87],[88.14,27.95],[88.58,28.09],[88.8,28.01],[88.85,27.87],[88.75,27.52],[88.89,27.32],[88.74,27.18],[88.86,26.96],[89.15,26.82],[89.33,26.85],[89.76,26.7],[90.12,26.75],[90.35,26.89],[90.62,26.78],[91.29,26.79],[91.43,26.87],[91.67,26.8],[92.05,26.87],[91.99,27.1],[92.08,27.29],[91.99,27.45],[91.74,27.44],[91.59,27.56],[91.63,27.76],[91.98,27.73],[92.1,27.81],[92.41,27.82],[92.66,27.95],[92.7,28.15],[93.12,28.4],[93.25,28.63],[93.66,28.69],[93.9,28.8],[94.29,29.14],[94.62,29.31],[94.77,29.18],[95.42,29.05],[95.52,29.21],[96.04,29.45],[96.19,29.27],[96.16,28.91],[96.44,29.05],[96.58,28.76],[96.33,28.53],[96.78,28.37],[97.08,28.37],[97.32,28.22],[97.34,27.94],[96.9,27.64],[96.67,27.34],[96.06,27.22],[95.91,27.05],[95.31,26.67],[95.06,26.47],[95.13,26.04],[94.95,25.7],[94.62,25.41],[94.55,25.24],[94.71,25.05],[94.58,24.77],[94.29,24.32],[94.13,23.88],[93.68,24.01],[93.49,23.97],[93.41,23.68],[93.37,23.13],[93.2,23.04],[93.08,22.72],[93.16,22.36],[92.96,22],[92.67,22.11],[92.57,21.98],[92.49,22.69],[92.36,22.93],[92.33,23.32],[92.25,23.68],[91.93,23.69],[91.94,23.5],[91.75,23.29],[91.77,23.11],[91.55,22.99],[91.44,23.2],[91.25,23.37],[91.16,23.66],[91.23,23.92],[91.39,24.1],[91.88,24.2],[92.06,24.37],[92.37,25.02],[92.05,25.17],[91.48,25.14],[91.29,25.18],[90.73,25.16],[90.25,25.18],[89.83,25.29],[89.82,25.94],[89.71,26.17],[89.47,25.98],[89.11,26.2],[88.44,26.37],[88.15,26.09],[88.08,25.89],[88.45,25.57],[88.77,25.49],[88.89,25.19],[88.46,25.19],[88.31,24.88],[88.15,24.91],[88.02,24.63],[88.15,24.49],[88.72,24.27],[88.7,24],[88.57,23.67],[88.74,23.44],[88.72,23.25],[88.85,23.04],[88.92,22.63],[89.05,22.27],[89.05,22.09],[89.05,21.65],[88.58,21.66],[88.25,21.62],[87.95,21.83],[87.68,21.65],[87.2,21.54],[86.95,21.37],[86.84,21.11],[86.98,20.7],[86.76,20.42],[86.75,20.31],[86.5,20.17],[86.28,19.92],[85.58,19.69],[85.46,19.9],[85.25,19.76],[85.23,19.51],[84.77,19.13],[84.75,19.05],[84.1,18.29],[83.65,18.07],[83.2,17.61],[82.59,17.27],[82.36,17.1],[82.28,16.94],[82.36,16.78],[82.26,16.56],[81.76,16.33],[81.29,16.34],[81.13,15.96],[80.98,15.76],[80.65,15.9],[80.29,15.71],[80.1,15.32],[80.05,15.07],[80.17,14.58],[80.11,14.21],[80.24,13.77],[80.06,13.61],[80.34,13.36],[80.23,12.69],[80.14,12.45],[79.86,11.99],[79.75,11.58],[79.85,11.2],[79.84,10.32],[79.39,10.31],[79.26,10.04],[79,9.68],[78.92,9.45],[78.98,9.27],[78.42,9.11],[78.19,8.89],[78.13,8.51],[78.06,8.38],[77.52,8.08],[77.3,8.15],[76.97,8.41],[76.62,8.85],[76.32,9.45],[76.46,9.54],[76.35,9.92],[76.22,10.02],[76.2,10.2],[75.92,10.78],[75.72,11.36],[75.52,11.7],[75.2,12.06],[74.95,12.56],[74.77,13.08],[74.61,13.85],[74.5,14.05],[74.34,14.58],[73.95,15.07],[73.77,15.57],[73.48,16.05],[73.34,16.46],[73.16,17.62],[72.99,18.1],[72.87,18.68],[72.81,19.3],[72.67,19.83],[72.71,20.08],[72.88,20.56],[72.88,20.83],[72.81,21.12],[72.69,21.18],[72.54,21.7],[72.62,21.96],[72.55,22.16],[72.33,22.27],[72.24,22.03],[72.09,21.92],[72.26,21.66],[72.25,21.53],[72.02,21.16],[71.4,20.87],[70.88,20.71],[70.49,20.84],[70.03,21.18],[69.75,21.51],[69.19,21.99],[69.01,22.2],[70.18,22.57],[70.33,22.82],[70.19,22.97],[69.66,22.76],[69.24,22.85],[68.82,23.05],[68.64,23.19],[68.42,23.57],[68.23,23.6],[68.17,23.86]]],[[[92.72,11.54],[92.53,11.87],[92.61,11.95],[92.72,12.36],[92.74,12.78],[92.81,12.88],[92.86,13.36],[93.08,13.4],[93.04,13.15],[92.89,12.94],[92.97,12.85],[92.99,12.54],[92.86,12.44],[92.87,12.18],[92.75,11.99],[92.8,11.87],[92.72,11.54]]]]},"properties":{"iso_a3":"IND"}},{"type":"Feature","geometry":{"type":"Polygon","coordinates":[[[72.49,-7.38],[72.46,-7.34],[72.47,-7.28],[72.5,-7.29],[72.49,-7.38]]]},"properties":{"iso_a3":"IOT"}},{"type":"Feature","geometry":{"type":"Polygon","coordinates":[[[-7.22,55.09],[-7.55,54.77],[-8.12,54.41],[-7.85,54.22],[-7.31,54.16],[-7.05,54.41],[-6.65,54.06],[-6.22,54.09],[-6.35,53.99],[-6.14,53.58],[-6.03,52.93],[-6.44,52.2],[-6.78,52.21],[-7.53,52.1],[-7.62,51.99],[-8.81,51.58],[-9.3,51.5],[-10.07,51.66],[-10.38,51.87],[-9.96,52.14],[-9.85,52.38],[-9.63,52.55],[-9.46,52.95],[-9.47,53.23],[-9.8,53.39],[-9.91,53.86],[-9.82,54.27],[-9,54.29],[-8.62,54.35],[-8.46,54.61],[-8.27,55.15],[-7.3,55.3],[-7.22,55.09]]]},"properties":{"iso_a3":"IRL"}},{"type":"Feature","geometry":{"type":"Polygon","coordinates":[[[53.91,37.34],[54.19,37.33],[54.75,37.5],[54.9,37.78],[55.22,37.98],[55.58,38.1],[56.23,38.07],[56.44,38.25],[57.19,38.22],[57.35,37.97],[57.71,37.91],[58.44,37.64],[58.82,37.68],[59.33,37.48],[59.56,37.18],[59.95,37.04],[60.34,36.64],[61.12,36.64],[61.25,35.87],[61.26,35.62],[61.08,34.86],[60.95,34.65],[60.73,34.52],[60.49,34.09],[60.51,33.64],[60.92,33.51],[60.56,33.14],[60.64,32.79],[60.83,32.25],[60.79,31.66],[60.85,31.48],[61.66,31.38],[61.81,31.07],[61.78,30.83],[60.84,29.86],[61.32,29.37],[61.34,29.26],[61.62,28.79],[61.89,28.55],[62.35,28.41],[62.56,28.24],[62.76,28.24],[62.74,28],[62.81,27.5],[62.76,27.25],[63.26,27.21],[63.25,26.88],[63.09,26.63],[62.75,26.64],[62.44,26.56],[62.24,26.36],[61.84,26.23],[61.75,25.84],[61.67,25.77],[61.59,25.2],[61.41,25.1],[60.66,25.28],[60.02,25.38],[59.62,25.4],[59.46,25.48],[59.05,25.42],[58.8,25.55],[58.2,25.59],[57.94,25.69],[57.33,25.79],[57.1,26.37],[57.07,26.68],[56.98,26.91],[56.73,27.13],[56.36,27.2],[55.94,27.04],[55.65,26.98],[55.42,26.77],[55.29,26.79],[54.9,26.56],[54.64,26.51],[54.25,26.7],[53.71,26.73],[53.34,27],[52.98,27.14],[52.69,27.32],[52.48,27.62],[52.03,27.82],[51.67,27.84],[51.28,28.13],[51.09,28.51],[51.06,28.73],[50.87,28.87],[50.88,29.06],[50.68,29.15],[50.65,29.42],[50.17,29.92],[49.98,30.21],[49.55,30.03],[49.05,30.31],[48.83,30.04],[48.55,29.96],[48.43,30.04],[48.33,30.29],[48.01,30.47],[48.01,30.99],[47.68,31],[47.68,31.4],[47.83,31.79],[47.51,32.15],[47.37,32.42],[47.12,32.47],[46.38,32.93],[46.11,32.96],[46.15,33.23],[45.98,33.47],[45.74,33.6],[45.47,33.93],[45.53,34.28],[45.44,34.42],[45.64,34.57],[45.68,34.8],[45.92,35.03],[46.13,35.13],[46.11,35.32],[45.97,35.52],[46.17,35.82],[45.78,35.82],[45.36,36.02],[45.24,36.36],[45.11,36.41],[45.03,36.66],[44.88,36.8],[44.77,37.14],[44.8,37.27],[44.57,37.44],[44.56,37.74],[44.21,37.91],[44.38,38.25],[44.18,39.14],[44.02,39.38],[44.39,39.42],[44.46,39.67],[44.59,39.77],[44.82,39.65],[45.14,39.25],[45.58,38.97],[46.11,38.88],[46.49,38.91],[46.85,39.15],[47.77,39.65],[48,39.68],[48.28,39.45],[48.02,38.82],[48.59,38.41],[48.87,38.44],[48.96,37.89],[49.08,37.67],[49.37,37.52],[50.13,37.41],[50.53,37.01],[51.12,36.74],[51.76,36.61],[52.19,36.62],[53.37,36.87],[54.02,36.95],[53.91,37.34]]]},"properties":{"iso_a3":"IRN"}},{"type":"Feature","geometry":{"type":"Polygon","coordinates":[[[42.36,37.11],[42.77,37.37],[43.09,37.37],[43.52,37.24],[43.84,37.22],[44.01,37.31],[44.21,37.2],[44.28,36.98],[44.61,37.18],[44.77,37.14],[44.88,36.8],[45.03,36.66],[45.11,36.41],[45.24,36.36],[45.36,36.02],[45.78,35.82],[46.17,35.82],[45.97,35.52],[46.11,35.32],[46.13,35.13],[45.92,35.03],[45.68,34.8],[45.64,34.57],[45.44,34.42],[45.53,34.28],[45.47,33.93],[45.74,33.6],[45.98,33.47],[46.15,33.23],[46.11,32.96],[46.38,32.93],[47.12,32.47],[47.37,32.42],[47.51,32.15],[47.83,31.79],[47.68,31.4],[47.68,31],[48.01,30.99],[48.01,30.47],[48.33,30.29],[48.43,30.04],[48.55,29.96],[48.14,30.04],[47.98,29.98],[47.75,30.08],[47.33,30.08],[47.11,29.96],[46.91,29.54],[46.53,29.1],[46.36,29.06],[44.69,29.2],[43.1,30.32],[42.07,31.08],[40.37,31.94],[39.15,32.12],[39.29,32.24],[39.06,32.49],[38.77,33.37],[40.69,34.33],[40.99,34.43],[41.19,34.77],[41.22,35.29],[41.35,35.64],[41.25,36.07],[41.26,36.27],[41.42,36.51],[41.79,36.6],[42.24,36.96],[42.36,37.11]]]},"properties":{"iso_a3":"IRQ"}},{"type":"Feature","geometry":{"type":"Polygon","coordinates":[[[-15.54,66.23],[-14.67,65.99],[-14.3,65.63],[-13.67,65.55],[-13.58,65.14],[-13.85,64.86],[-14.47,64.64],[-14.48,64.49],[-15.02,64.3],[-15.83,64.18],[-16.74,63.85],[-17.82,63.71],[-17.95,63.54],[-18.65,63.41],[-19.25,63.44],[-20.2,63.56],[-21.25,63.94],[-21.45,63.86],[-22.61,63.84],[-22.51,63.99],[-22.06,64.07],[-21.83,64.21],[-22,64.45],[-22.47,64.79],[-22.31,65.05],[-22.47,65.23],[-22.01,65.49],[-22.9,65.58],[-23.9,65.41],[-24.22,65.49],[-23.7,65.78],[-23.77,66],[-23.53,66.16],[-23.06,66.09],[-22.89,66.44],[-22.43,66.43],[-21.97,66.26],[-21.3,65.88],[-21.43,65.47],[-21,65.44],[-20.74,65.66],[-20.36,65.72],[-20.36,66.03],[-19.38,66.08],[-18.78,66.17],[-17.91,66.14],[-17.58,65.97],[-17.15,66.2],[-16.75,66.13],[-16.43,66.28],[-16.54,66.45],[-16.04,66.53],[-15.54,66.23]]]},"properties":{"iso_a3":"ISL"}},{"type":"Feature","geometry":{"type":"Polygon","coordinates":[[[35.84,33.42],[35.79,33.33],[35.89,32.94],[35.79,32.73],[35.59,32.67],[35.55,32.4],[35.36,32.51],[35.07,32.46],[34.96,32.16],[34.99,31.91],[35.2,31.75],[34.95,31.6],[35.1,31.37],[35.45,31.48],[35.44,31.13],[35.17,30.52],[35.13,30.2],[34.97,29.56],[34.9,29.48],[34.66,30.19],[34.25,31.21],[34.48,31.58],[34.68,31.9],[34.92,32.61],[35.11,33.08],[35.41,33.08],[35.53,33.25],[35.84,33.42]]]},"properties":{"iso_a3":"ISR"}},{"type":"Feature","geometry":{"type":"MultiPolygon","coordinates":[[[[7.02,45.93],[7.13,45.88],[7.54,45.98],[7.79,45.92],[8.13,46.16],[8.44,46.28],[8.89,45.92],[9.25,46.29],[9.88,46.37],[10.09,46.6],[10.43,46.55],[10.45,46.86],[11.03,46.8],[11.24,46.98],[12.13,46.98],[12.39,46.7],[13.17,46.57],[13.7,46.52],[13.4,46.32],[13.57,45.83],[13.72,45.59],[13.21,45.77],[13.03,45.64],[12.5,45.46],[12.27,45.45],[12.23,45.24],[12.46,44.85],[12.25,44.72],[12.4,44.22],[12.69,43.99],[12.91,43.92],[13.51,43.61],[13.69,43.39],[14.01,42.69],[14.54,42.24],[15.17,41.93],[15.96,41.94],[16.15,41.76],[15.91,41.62],[16.01,41.44],[16.55,41.23],[17.1,41.06],[17.47,40.84],[17.95,40.66],[18.33,40.37],[18.49,40.1],[18.34,39.82],[18.08,39.94],[17.87,40.28],[17.48,40.31],[17.22,40.49],[16.93,40.46],[16.67,40.14],[16.53,39.86],[16.6,39.64],[16.82,39.58],[17.11,39.38],[17.17,39],[16.76,38.89],[16.56,38.71],[16.55,38.41],[16.28,38.25],[16.06,37.94],[15.72,37.94],[15.64,38.18],[15.82,38.3],[15.97,38.71],[16.2,38.76],[16.02,39.35],[15.69,39.99],[15.29,40.07],[14.95,40.24],[14.99,40.38],[14.77,40.67],[14.46,40.63],[14.31,40.81],[14.1,40.83],[13.73,41.24],[13.36,41.28],[13.09,41.24],[12.63,41.47],[12.08,41.94],[11.81,42.08],[11.64,42.29],[11.3,42.42],[10.71,42.94],[10.51,42.97],[10.45,43.37],[10.32,43.51],[10.25,43.85],[10.05,44.02],[9.73,44.1],[9.29,44.32],[8.77,44.42],[8.55,44.35],[8.08,43.92],[7.49,43.77],[7.68,44.08],[7.37,44.13],[6.97,44.28],[6.84,44.51],[6.99,44.83],[6.74,44.92],[6.63,45.12],[7.08,45.24],[7.01,45.5],[6.8,45.81],[7.02,45.93]],[[12.44,41.9],[12.44,41.91],[12.43,41.91],[12.43,41.9],[12.44,41.9]],[[12.49,43.9],[12.51,43.95],[12.44,43.98],[12.4,43.93],[12.49,43.9]]],[[[15.58,38.22],[15.23,37.78],[15.1,37.46],[15.29,37.01],[15.14,36.89],[15.11,36.69],[14.78,36.71],[14.5,36.8],[14.14,37.1],[13.91,37.1],[13.36,37.35],[13.17,37.48],[12.7,37.57],[12.44,37.82],[12.55,38.05],[12.73,38.18],[12.9,38.03],[13.16,38.19],[13.35,38.18],[13.68,38],[14.51,38.05],[14.79,38.17],[15.12,38.15],[15.5,38.29],[15.58,38.22]]],[[[9.63,40.88],[9.81,40.5],[9.64,40.27],[9.71,40.02],[9.62,39.35],[9.49,39.14],[9.06,39.24],[8.88,38.91],[8.6,38.96],[8.42,39.21],[8.45,39.72],[8.41,39.92],[8.47,40.29],[8.19,40.65],[8.2,40.87],[8.47,40.83],[8.82,40.95],[9.18,41.24],[9.46,41.15],[9.63,40.88]]]]},"properties":{"iso_a3":"ITA"}},{"type":"Feature","geometry":{"type":"Polygon","coordinates":[[[-77.26,18.46],[-76.91,18.39],[-76.7,18.26],[-76.35,18.15],[-76.23,17.97],[-76.52,17.87],[-76.79,17.98],[-76.94,17.85],[-77.77,17.88],[-78.07,18.19],[-78.29,18.22],[-78.33,18.35],[-77.87,18.52],[-77.26,18.46]]]},"properties":{"iso_a3":"JAM"}},{"type":"Feature","geometry":{"type":"Polygon","coordinates":[[[-2.02,49.23],[-2.24,49.18],[-2.22,49.27],[-2.02,49.23]]]},"properties":{"iso_a3":"JEY"}},{"type":"Feature","geometry":{"type":"Polygon","coordinates":[[[35.79,32.73],[36.06,32.53],[36.37,32.39],[36.82,32.32],[37.58,32.73],[38.77,33.37],[39.06,32.49],[39.29,32.24],[39.15,32.12],[38.96,31.99],[36.96,31.49],[37.48,31.01],[37.98,30.5],[37.67,30.35],[37.47,30],[36.76,29.87],[36.48,29.5],[36.07,29.2],[35.86,29.21],[34.95,29.35],[34.97,29.56],[35.13,30.2],[35.17,30.52],[35.44,31.13],[35.45,31.48],[35.56,31.77],[35.55,32.4],[35.59,32.67],[35.79,32.73]]]},"properties":{"iso_a3":"JOR"}},{"type":"Feature","geometry":{"type":"MultiPolygon","coordinates":[[[[143.82,44.12],[144.1,44.1],[144.48,43.95],[144.8,43.94],[145.1,43.76],[145.35,43.18],[145.03,43.03],[144.52,42.94],[144.2,42.97],[143.97,42.88],[143.58,42.6],[143.37,42.33],[143.31,42.08],[143.11,42.02],[142.51,42.26],[141.85,42.58],[141.41,42.55],[140.99,42.34],[140.71,42.56],[140.48,42.56],[140.33,42.29],[140.53,42.13],[140.73,42.12],[141.11,41.85],[140.91,41.74],[140.66,41.82],[140.38,41.52],[140.15,41.42],[140.01,41.52],[140.11,41.91],[139.82,42.39],[139.89,42.65],[140.33,42.87],[140.49,43.05],[140.78,43.21],[141.3,43.2],[141.41,43.38],[141.4,43.64],[141.6,43.92],[141.78,44.72],[141.58,45.16],[141.67,45.4],[141.94,45.51],[142.42,45.13],[142.7,44.82],[143.29,44.4],[143.82,44.12]]],[[[131.17,33.6],[131.71,33.5],[131.54,33.27],[131.9,33.25],[131.98,32.84],[131.73,32.59],[131.56,32.22],[131.46,31.88],[131.46,31.67],[131.34,31.4],[130.9,31.11],[130.79,31.27],[130.59,31.18],[130.2,31.29],[130.32,31.6],[130.19,31.77],[130.19,32.09],[130.46,32.3],[130.64,32.62],[130.38,33.09],[130.13,33.1],[130.18,32.85],[129.83,32.73],[129.69,32.88],[129.61,33.34],[130.37,33.63],[130.48,33.83],[130.67,33.92],[130.95,33.87],[131.17,33.6]]],[[[134.36,34.26],[134.64,34.23],[134.7,33.93],[134.24,33.44],[133.69,33.52],[133.29,33.36],[133.15,33.08],[132.87,32.75],[132.71,32.9],[132.5,32.92],[132.51,33.21],[132.37,33.51],[132.64,33.69],[132.78,33.99],[132.99,34.09],[133.13,33.93],[133.58,34.02],[133.71,34.24],[134.08,34.36],[134.36,34.26]]],[[[141.23,41.37],[141.46,41.4],[141.4,41.1],[141.46,40.61],[141.8,40.29],[141.98,39.84],[141.98,39.43],[141.9,39.11],[141.66,38.97],[141.55,38.76],[141.47,38.4],[141.11,38.34],[140.96,38.15],[140.93,37.95],[141.04,37.47],[140.97,37],[140.79,36.85],[140.63,36.5],[140.57,36.23],[140.62,36.06],[140.87,35.72],[140.64,35.66],[140.46,35.51],[140.35,35.18],[139.8,34.96],[139.83,35.3],[139.25,35.28],[139.12,35.1],[139.09,34.84],[138.9,34.63],[138.76,34.7],[138.8,34.97],[138.58,35.09],[138.25,34.73],[137.98,34.64],[137.32,34.64],[137.28,34.77],[136.88,34.81],[136.69,34.98],[136.53,34.68],[136.88,34.43],[136.85,34.32],[136.33,34.18],[135.92,33.56],[135.7,33.49],[135.45,33.55],[135.13,34.01],[135.1,34.29],[135.38,34.5],[135.36,34.65],[135.04,34.63],[134.74,34.77],[134.21,34.7],[133.88,34.49],[133.68,34.49],[133.14,34.3],[132.66,34.25],[132.42,34.35],[132.24,34.23],[132.09,33.86],[131.76,34.05],[131.23,33.95],[130.92,33.98],[130.89,34.26],[131,34.39],[131.35,34.41],[131.61,34.62],[131.86,34.73],[132.92,35.51],[133.27,35.56],[133.38,35.46],[134.21,35.54],[134.46,35.63],[134.88,35.66],[135.17,35.75],[135.33,35.53],[135.68,35.5],[136.1,35.77],[136.01,35.99],[136.16,36.22],[136.36,36.36],[136.7,36.74],[136.75,36.95],[136.92,37.17],[137.12,36.77],[137.34,36.77],[137.51,36.95],[138.32,37.22],[138.71,37.56],[138.89,37.84],[139.4,38.14],[139.58,38.6],[139.75,38.79],[139.91,39.23],[140.04,39.41],[140.05,39.75],[139.95,39.89],[140.01,40.31],[139.92,40.6],[140.2,40.77],[140.34,41.01],[140.32,41.16],[140.63,41.2],[140.68,40.89],[141.23,40.99],[141.24,41.21],[140.8,41.14],[140.94,41.51],[141.23,41.37]]]]},"properties":{"iso_a3":"JPN"}},{"type":"Feature","geometry":{"type":"Polygon","coordinates":[[[70.95,42.25],[70.61,42.05],[70.42,42.08],[70.1,41.82],[69.66,41.67],[69.06,41.37],[69.04,41.26],[68.58,40.88],[68.42,40.62],[68.05,40.81],[68.11,41.03],[67.94,41.2],[66.81,41.14],[66.6,41.49],[66.5,41.99],[66.01,42],[66.1,42.99],[65.8,42.88],[65.5,43.31],[65.27,43.42],[64.91,43.71],[64.44,43.55],[63.21,43.63],[61.99,43.49],[61.16,44.17],[61.07,44.35],[59.22,45.24],[58.56,45.56],[57.48,45.34],[55.98,44.99],[55.98,43.62],[55.98,42.7],[55.98,41.32],[55.55,41.26],[55.25,41.46],[54.85,41.97],[54.12,42.34],[53.25,42.21],[52.87,42.06],[52.49,41.78],[52.46,42.1],[52.64,42.56],[52.55,42.81],[51.84,42.91],[51.62,43.16],[51.3,43.17],[51.3,43.48],[51.06,43.75],[50.83,44.19],[50.33,44.33],[50.26,44.53],[50.41,44.62],[50.86,44.63],[51.06,44.81],[51.04,44.98],[51.25,45.12],[51.42,45.36],[51.73,45.4],[52.53,45.4],[52.77,45.57],[53.14,46.19],[53.06,46.48],[53.17,46.67],[52.92,46.95],[52.48,46.99],[52.19,46.84],[51.74,46.93],[51.65,47.02],[51.18,47.11],[50.58,46.88],[50.42,46.88],[50,46.63],[49.35,46.52],[49.23,46.34],[48.61,46.57],[48.96,46.77],[48.55,47.32],[48.11,47.75],[47.48,47.8],[47.29,47.74],[47.09,47.95],[47,48.28],[46.66,48.41],[46.7,48.81],[46.96,49.04],[47.02,49.2],[46.8,49.37],[46.99,49.85],[47.3,50.06],[47.29,50.22],[47.6,50.41],[47.85,50.28],[48.22,49.93],[48.43,49.83],[48.84,50.01],[48.7,50.35],[48.81,50.6],[49.32,50.85],[49.5,51.08],[49.82,51.13],[50.25,51.29],[50.76,51.68],[51.16,51.65],[51.4,51.47],[51.61,51.48],[52.01,51.67],[52.33,51.68],[52.5,51.51],[53.34,51.48],[53.69,51.25],[54.04,51.12],[54.42,50.78],[54.73,51],[55.54,50.6],[55.8,50.6],[56.49,51.02],[57.01,51.07],[57.44,50.89],[57.83,51.09],[58.36,51.06],[58.88,50.69],[59.81,50.58],[59.96,50.8],[60.64,50.66],[61.23,50.77],[61.39,50.86],[61.55,51.32],[61.36,51.44],[60.46,51.65],[60.07,51.98],[60.94,52.28],[60.8,52.74],[61.05,52.97],[61.89,52.96],[62.01,53.11],[61.66,53.23],[61.2,53.29],[61.25,53.55],[61.11,53.75],[61.14,53.96],[61.33,54.05],[61.93,53.95],[62.5,54.01],[64.46,54.38],[64.93,54.4],[65.48,54.62],[66.22,54.67],[67.69,54.87],[68.21,55],[68.21,55.16],[68.52,55.2],[68.98,55.39],[69.49,55.36],[70.18,55.16],[70.74,55.31],[70.91,55.13],[71.19,54.6],[71.09,54.21],[71.34,54.16],[72.27,54.27],[72.39,54.12],[72.91,54.11],[73.4,53.81],[73.29,53.6],[73.47,53.47],[73.86,53.62],[74.21,53.58],[74.83,53.83],[74.99,53.82],[76.27,54.31],[76.79,54.32],[76.58,53.94],[77.7,53.38],[77.86,53.27],[78.48,52.64],[79.47,51.49],[79.99,50.77],[80.45,51],[80.42,51.14],[80.65,51.28],[80.88,51.28],[81.39,50.96],[81.47,50.74],[81.93,50.77],[82.49,50.73],[82.76,50.89],[83.36,50.99],[83.95,50.77],[84.18,50.52],[84.32,50.24],[84.99,50.06],[85,49.89],[85.29,49.6],[85.5,49.61],[86.18,49.5],[86.61,49.61],[86.95,49.32],[87.32,49.09],[86.89,49.09],[86.75,49.01],[86.72,48.7],[86.55,48.53],[85.75,48.39],[85.53,47.92],[85.66,47.25],[85.48,47.06],[85.23,47.04],[84.86,46.84],[84.72,46.94],[84.34,47],[83.71,47.02],[83.19,47.19],[83,47.03],[82.56,46.16],[82.31,45.56],[82.58,45.44],[82.6,45.22],[81.99,45.16],[81.6,45.31],[80.85,45.13],[80.63,45.13],[80.06,45.01],[80.4,44.68],[80.34,44.44],[80.36,44.1],[80.5,43.89],[80.79,43.16],[80.39,43.04],[80.16,42.63],[80.26,42.27],[80.21,42.19],[79.92,42.41],[79.43,42.48],[79.16,42.76],[78.52,42.86],[78.02,42.86],[77.24,42.91],[77.06,42.97],[76.51,42.92],[75.79,42.93],[75.64,42.81],[75.05,42.9],[74.21,43.24],[73.56,43],[73.42,42.59],[73.19,42.53],[72.28,42.76],[71.82,42.82],[71.26,42.73],[71.02,42.54],[70.95,42.25]]]},"properties":{"iso_a3":"KAZ"}},{"type":"Feature","geometry":{"type":"Polygon","coordinates":[[[33.9,-1],[33.94,0.17],[34.16,0.61],[34.41,0.87],[34.6,1.16],[34.79,1.23],[34.78,1.38],[34.97,1.64],[34.96,2.06],[34.88,2.42],[34.74,2.82],[34.59,2.92],[34.45,3.16],[34.4,3.41],[34.44,3.65],[34.17,3.81],[33.98,4.22],[34.64,4.88],[35.27,5.49],[35.75,5.34],[35.8,5.16],[35.76,4.81],[35.98,4.5],[36.08,4.45],[36.85,4.43],[37.58,3.99],[38.09,3.65],[38.61,3.6],[39.23,3.48],[39.54,3.47],[39.84,3.85],[40.01,3.95],[40.77,4.27],[41.09,3.99],[41.22,3.94],[41.88,3.98],[41.34,3.2],[40.96,2.81],[40.97,1.38],[40.97,0.54],[40.98,-0.87],[41.52,-1.57],[41.53,-1.7],[41.27,-1.95],[41,-1.95],[40.9,-2.27],[40.64,-2.54],[40.4,-2.56],[40.22,-2.69],[40.12,-3.25],[39.86,-3.58],[39.82,-3.79],[39.49,-4.48],[39.22,-4.69],[38.19,-3.96],[37.76,-3.64],[37.61,-3.46],[37.69,-3.25],[37.66,-3.07],[36.48,-2.39],[35.2,-1.68],[33.98,-1],[33.9,-1]]]},"properties":{"iso_a3":"KEN"}},{"type":"Feature","geometry":{"type":"Polygon","coordinates":[[[70.96,40.24],[71.38,40.28],[71.69,40.15],[71.96,40.26],[72.13,40.44],[72.36,40.4],[72.68,40.56],[72.93,40.84],[72.62,40.88],[72.16,41.17],[71.88,41.2],[71.79,41.41],[71.42,41.34],[71.41,41.14],[71.11,41.15],[70.78,41.26],[70.65,41.46],[70.47,41.41],[70.18,41.57],[70.84,42.02],[70.95,42.25],[71.02,42.54],[71.26,42.73],[71.82,42.82],[72.28,42.76],[73.19,42.53],[73.42,42.59],[73.56,43],[74.21,43.24],[75.05,42.9],[75.64,42.81],[75.79,42.93],[76.51,42.92],[77.06,42.97],[77.24,42.91],[78.02,42.86],[78.52,42.86],[79.16,42.76],[79.43,42.48],[79.92,42.41],[80.21,42.19],[80.22,42.03],[79.84,42],[79.77,41.9],[79.29,41.78],[78.36,41.37],[78.12,41.08],[77.58,40.99],[76.99,41.04],[76.82,40.98],[76.48,40.45],[76.32,40.35],[76.06,40.39],[75.68,40.31],[75.58,40.61],[75,40.45],[74.41,40.14],[74.02,40.06],[73.84,39.8],[73.91,39.58],[73.63,39.45],[73.23,39.37],[72.64,39.39],[72.36,39.34],[72.23,39.21],[71.99,39.35],[71.55,39.45],[71.4,39.6],[70.73,39.41],[70.5,39.59],[70.24,39.54],[69.6,39.57],[69.3,39.52],[69.23,39.76],[69.53,40.1],[69.97,40.2],[70.45,40.05],[70.96,40.24]]]},"properties":{"iso_a3":"KGZ"}},{"type":"Feature","geometry":{"type":"Polygon","coordinates":[[[107.52,14.71],[107.36,14.37],[107.33,14.13],[107.61,13.44],[107.48,13.03],[107.56,12.54],[107.51,12.36],[107.16,12.28],[106.93,12.08],[106.42,11.91],[106.4,11.69],[106.01,11.76],[105.84,11.56],[105.89,11.24],[106.16,11.04],[106.13,10.92],[105.85,10.86],[105.76,10.99],[105.39,10.94],[105.06,10.73],[104.82,10.52],[104.56,10.52],[104.43,10.41],[104.26,10.54],[103.94,10.59],[103.66,10.51],[103.54,10.67],[103.72,10.89],[103.53,11.15],[103.35,10.92],[103.15,10.91],[103.09,11.21],[103.13,11.46],[102.93,11.71],[102.74,12.09],[102.76,12.43],[102.5,12.67],[102.46,13.02],[102.33,13.29],[102.32,13.54],[102.73,13.84],[102.91,14.14],[103.2,14.33],[103.6,14.42],[103.74,14.37],[104.41,14.37],[104.78,14.43],[105.18,14.35],[105.28,14.16],[105.53,14.16],[105.74,14.08],[105.9,13.92],[106.12,14.05],[106,14.26],[106.5,14.58],[106.82,14.31],[107.11,14.42],[107.52,14.71]]]},"properties":{"iso_a3":"KHM"}},{"type":"Feature","geometry":{"type":"Polygon","coordinates":[[[-157.34,1.86],[-157.42,1.79],[-157.44,1.85],[-157.39,1.93],[-157.34,1.86]]]},"properties":{"iso_a3":"KIR"}},{"type":"Feature","geometry":{"type":"Polygon","coordinates":[[[-62.63,17.24],[-62.84,17.34],[-62.79,17.4],[-62.71,17.35],[-62.63,17.24]]]},"properties":{"iso_a3":"KNA"}},{"type":"Feature","geometry":{"type":"MultiPolygon","coordinates":[[[[126.63,37.78],[126.67,37.92],[127.01,38.24],[127.17,38.3],[128.04,38.31],[128.17,38.36],[128.37,38.62],[128.62,38.18],[129.05,37.68],[129.34,37.27],[129.47,36.74],[129.39,36.32],[129.4,36.05],[129.56,35.95],[129.42,35.5],[129.21,35.18],[129.08,35.12],[128.51,35.1],[128.44,34.87],[127.71,34.95],[127.39,34.74],[127.48,34.63],[127.32,34.46],[127.03,34.61],[126.75,34.51],[126.48,34.49],[126.4,34.93],[126.29,35.15],[126.46,35.46],[126.49,35.65],[126.72,35.77],[126.68,36.04],[126.54,36.17],[126.55,36.48],[126.22,36.87],[126.58,37.02],[126.79,37.29],[126.65,37.45],[126.63,37.78]]],[[[126.33,33.22],[126.34,33.46],[126.7,33.55],[126.87,33.34],[126.33,33.22]]]]},"properties":{"iso_a3":"KOR"}},{"type":"Feature","geometry":{"type":"Polygon","coordinates":[[[48.44,28.54],[47.67,28.53],[47.43,28.99],[46.53,29.1],[46.91,29.54],[47.11,29.96],[47.33,30.08],[47.75,30.08],[47.98,29.98],[47.97,29.62],[48.18,28.98],[48.44,28.54]]]},"properties":{"iso_a3":"KWT"}},{"type":"Feature","geometry":{"type":"Polygon","coordinates":[[[102.13,22.38],[102.61,21.85],[102.7,21.66],[102.95,21.68],[102.85,21.27],[103.1,20.89],[103.64,20.7],[104.05,20.94],[104.2,20.91],[104.58,20.65],[104.5,20.41],[104.68,20.22],[104.89,20.17],[104.93,20.02],[104.74,19.75],[104.55,19.61],[104.26,19.69],[104.03,19.68],[104.06,19.48],[103.92,19.27],[104.11,19.2],[104.72,18.8],[105.12,18.68],[105.09,18.45],[105.33,18.19],[105.46,18.15],[105.69,17.74],[105.97,17.45],[106.27,17.22],[106.53,16.88],[106.55,16.65],[106.66,16.49],[106.85,16.52],[106.93,16.35],[107.3,16.08],[107.19,15.84],[107.23,15.68],[107.65,15.26],[107.48,14.98],[107.52,14.71],[107.11,14.42],[106.82,14.31],[106.5,14.58],[106,14.26],[106.12,14.05],[105.9,13.92],[105.74,14.08],[105.53,14.16],[105.28,14.16],[105.18,14.35],[105.48,14.53],[105.55,14.93],[105.51,15.36],[105.62,15.49],[105.62,15.7],[105.15,16.09],[104.82,16.47],[104.75,16.65],[104.76,17.08],[104.82,17.3],[104.66,17.55],[104.32,17.82],[103.95,18.32],[103.49,18.42],[103.29,18.41],[103.05,18.03],[102.68,17.85],[102.1,18.21],[101.77,18.03],[101.69,17.89],[101.11,17.48],[100.91,17.58],[101.11,18.03],[101.14,18.29],[101.05,18.41],[101.29,18.98],[101.15,19.58],[100.97,19.61],[100.63,19.5],[100.42,19.64],[100.4,19.76],[100.54,20.09],[100.32,20.39],[100.12,20.32],[100.18,20.59],[100.33,20.8],[100.52,20.92],[100.7,21.25],[101.08,21.47],[101.14,21.57],[101.22,21.22],[101.54,21.23],[101.7,21.15],[101.74,21.83],[101.6,21.99],[101.52,22.25],[101.67,22.46],[102.13,22.38]]]},"properties":{"iso_a3":"LAO"}},{"type":"Feature","geometry":{"type":"Polygon","coordinates":[[[35.98,34.63],[36.26,34.63],[36.5,34.43],[36.58,34.22],[36.35,34.01],[36.28,33.84],[36.09,33.83],[35.94,33.67],[35.84,33.42],[35.53,33.25],[35.41,33.08],[35.11,33.08],[35.61,34.03],[35.65,34.25],[35.98,34.63]]]},"properties":{"iso_a3":"LBN"}},{"type":"Feature","geometry":{"type":"Polygon","coordinates":[[[-11.51,6.91],[-11.27,7.23],[-10.65,7.76],[-10.57,8.07],[-10.39,8.16],[-10.28,8.49],[-10.06,8.43],[-9.77,8.53],[-9.52,8.35],[-9.37,7.7],[-9.46,7.44],[-9.13,7.25],[-8.89,7.26],[-8.74,7.5],[-8.49,7.56],[-8.3,7.07],[-8.33,6.8],[-8.6,6.51],[-8.2,6.29],[-7.89,6.23],[-7.8,5.98],[-7.45,5.84],[-7.4,5.55],[-7.59,4.82],[-7.54,4.35],[-8.26,4.59],[-9.13,5.05],[-10.28,6.08],[-10.79,6.31],[-10.85,6.47],[-11.29,6.69],[-11.51,6.91]]]},"properties":{"iso_a3":"LBR"}},{"type":"Feature","geometry":{"type":"Polygon","coordinates":[[[9.52,30.23],[9.9,30.39],[10.22,30.78],[10.24,31.03],[10.11,31.46],[10.27,31.68],[10.48,31.74],[10.61,31.93],[10.83,32.08],[11.5,32.41],[11.45,32.64],[11.5,33.18],[11.81,33.09],[12.28,32.86],[12.75,32.8],[13.28,32.91],[14.24,32.68],[14.51,32.51],[15.18,32.39],[15.36,32.16],[15.36,31.97],[15.6,31.53],[15.83,31.36],[16.12,31.26],[16.78,31.21],[17.35,31.08],[18.19,30.78],[18.67,30.42],[18.94,30.29],[19.29,30.29],[19.71,30.49],[20.01,30.8],[20.15,31.08],[19.96,31.56],[19.97,32],[20.12,32.22],[20.62,32.58],[21.06,32.78],[21.42,32.8],[21.64,32.94],[22.19,32.92],[23.09,32.62],[23.11,32.33],[23.29,32.21],[23.8,32.16],[24.13,32.01],[24.68,32.02],[25.03,31.88],[25.15,31.65],[24.85,31.33],[24.97,30.78],[24.88,30.46],[24.7,30.2],[24.98,29.18],[24.98,28.06],[24.98,26.49],[24.98,24.69],[24.98,23.12],[24.98,22],[24.98,20],[23.98,20],[23.98,19.5],[23.5,19.73],[22.06,20.44],[20.63,21.15],[19.19,21.86],[17.75,22.57],[15.98,23.45],[14.98,23],[14.2,22.62],[13.6,23.12],[13.48,23.18],[11.97,23.52],[11.54,24.29],[10.69,24.55],[10.44,24.48],[10.26,24.59],[10.12,24.79],[10,25.33],[9.45,26.07],[9.49,26.33],[9.86,26.55],[9.89,26.85],[9.75,27.33],[9.92,27.79],[9.86,28.04],[9.82,28.56],[9.81,29.18],[9.64,29.64],[9.31,30.12],[9.52,30.23]]]},"properties":{"iso_a3":"LBY"}},{"type":"Feature","geometry":{"type":"Polygon","coordinates":[[[-60.9,13.82],[-61.06,13.78],[-61.06,13.92],[-61,14.01],[-60.89,14.01],[-60.9,13.82]]]},"properties":{"iso_a3":"LCA"}},{"type":"Feature","geometry":{"type":"Polygon","coordinates":[[[9.58,47.06],[9.48,47.17],[9.53,47.27],[9.58,47.06]]]},"properties":{"iso_a3":"LIE"}},{"type":"Feature","geometry":{"type":"Polygon","coordinates":[[[79.98,9.81],[80.25,9.8],[80.38,9.64],[80.71,9.37],[81.37,8.43],[81.42,8.15],[81.67,7.78],[81.87,7.29],[81.88,7.02],[81.77,6.61],[81.64,6.43],[81.31,6.2],[80.72,5.98],[80.5,5.95],[80.27,6.01],[80.1,6.15],[79.86,6.83],[79.79,7.59],[79.85,8.41],[79.94,8.69],[79.93,8.9],[80.06,9.1],[80.12,9.33],[80.09,9.58],[79.98,9.81]]]},"properties":{"iso_a3":"LKA"}},{"type":"Feature","geometry":{"type":"Polygon","coordinates":[[[28.74,-30.1],[28.39,-30.15],[28.02,-30.64],[27.75,-30.6],[27.49,-30.36],[27.24,-30.02],[27.05,-29.66],[27.29,-29.52],[27.74,-28.94],[28.23,-28.7],[28.63,-28.58],[29.18,-29.04],[29.39,-29.27],[29.1,-29.92],[28.74,-30.1]]]},"properties":{"iso_a3":"LSO"}},{"type":"Feature","geometry":{"type":"Polygon","coordinates":[[[22.77,54.36],[22.68,54.56],[22.83,54.84],[22.57,55.06],[22.07,55.06],[21.24,55.26],[21.24,55.46],[21.06,55.81],[21.05,56.07],[21.65,56.31],[22.08,56.41],[24.47,56.28],[24.9,56.4],[25.07,56.2],[25.59,56.13],[26.59,55.67],[26.46,55.34],[26.18,55],[25.86,54.92],[25.55,54.33],[24.77,53.97],[24.32,53.89],[24.19,53.95],[23.48,53.94],[23.37,54.2],[22.77,54.36]]]},"properties":{"iso_a3":"LTU"}},{"type":"Feature","geometry":{"type":"Polygon","coordinates":[[[6.12,50.12],[6.14,49.97],[6.49,49.8],[6.34,49.45],[5.96,49.45],[5.79,49.54],[5.88,49.64],[5.74,49.92],[6.12,50.12]]]},"properties":{"iso_a3":"LUX"}},{"type":"Feature","geometry":{"type":"Polygon","coordinates":[[[26.59,55.67],[25.59,56.13],[25.07,56.2],[24.9,56.4],[24.47,56.28],[22.08,56.41],[21.65,56.31],[21.05,56.07],[21.01,56.26],[21.07,56.82],[21.26,56.93],[21.46,57.32],[21.73,57.57],[22.55,57.72],[23.14,57.32],[23.29,57.09],[23.65,56.97],[24.28,57.17],[24.4,57.33],[24.32,57.87],[25.11,58.06],[25.99,57.84],[26.3,57.6],[26.53,57.53],[26.9,57.61],[27.35,57.53],[27.8,57.32],[27.81,56.87],[28.1,56.55],[28.15,56.14],[27.9,56.08],[27.58,55.8],[26.95,55.81],[26.59,55.67]]]},"properties":{"iso_a3":"LVA"}},{"type":"Feature","geometry":{"type":"Polygon","coordinates":[[[113.48,22.2],[113.49,22.24],[113.55,22.22],[113.48,22.2]]]},"properties":{"iso_a3":"MAC"}},{"type":"Feature","geometry":{"type":"Polygon","coordinates":[[[-63.01,18.07],[-63.12,18.07],[-63.06,18.12],[-63.01,18.07]]]},"properties":{"iso_a3":"MAF"}},{"type":"Feature","geometry":{"type":"Polygon","coordinates":[[[-2.22,35.1],[-2.13,34.97],[-1.79,34.72],[-1.85,34.61],[-1.71,34.18],[-1.7,33.72],[-1.63,33.57],[-1.68,33.32],[-1.45,32.78],[-1.11,32.55],[-1.24,32.34],[-1.28,32.09],[-2.52,32.13],[-2.93,32.04],[-3.02,31.83],[-3.44,31.7],[-3.83,31.66],[-3.83,31.2],[-3.62,31.07],[-3.7,30.94],[-3.99,30.91],[-4.32,30.7],[-4.97,30.47],[-5.18,30.17],[-5.45,29.96],[-5.77,29.87],[-6.21,29.81],[-6.48,29.82],[-6.64,29.57],[-7.09,29.63],[-7.49,29.39],[-7.69,29.35],[-8.68,28.69],[-8.68,27.66],[-8.77,27.46],[-8.79,27.12],[-9.35,27.1],[-9.74,26.86],[-10.03,26.91],[-10.25,26.86],[-10.55,26.99],[-10.92,27.01],[-11.39,26.88],[-11.34,26.63],[-11.64,26.3],[-11.72,26.1],[-12.03,26.03],[-12.17,25.64],[-12.31,25.11],[-12.43,24.83],[-13.06,24.4],[-13.31,23.98],[-13.77,23.79],[-13.89,23.69],[-14.02,23.41],[-14.17,22.76],[-14.22,22.31],[-14.63,21.86],[-14.67,21.6],[-14.84,21.45],[-15.46,21.45],[-15.75,21.49],[-16.73,21.47],[-17,21.42],[-16.93,21.9],[-16.79,22.16],[-16.51,22.33],[-16.36,22.59],[-16.3,22.83],[-16.11,23.23],[-15.81,23.75],[-15.9,23.84],[-15.59,24.07],[-15.19,24.48],[-14.9,24.72],[-14.79,25.4],[-14.52,25.93],[-14.41,26.25],[-14.17,26.42],[-13.95,26.49],[-13.58,26.74],[-13.18,27.66],[-12.95,27.91],[-11.99,28.13],[-11.55,28.31],[-11.08,28.71],[-10.49,29.06],[-10.2,29.38],[-9.74,29.96],[-9.62,30.35],[-9.88,30.72],[-9.83,30.85],[-9.81,31.42],[-9.67,31.71],[-9.35,32.09],[-9.25,32.57],[-8.84,32.92],[-8.6,33.19],[-8.3,33.37],[-7.56,33.64],[-6.9,33.97],[-6.76,34.13],[-6.35,34.78],[-5.92,35.79],[-5.62,35.83],[-5.34,35.75],[-5.11,35.47],[-4.84,35.28],[-4.33,35.16],[-3.98,35.24],[-3.39,35.21],[-2.95,35.32],[-2.84,35.13],[-2.22,35.1]]]},"properties":{"iso_a3":"MAR"}},{"type":"Feature","geometry":{"type":"Polygon","coordinates":[[[7.44,43.75],[7.38,43.73],[7.4,43.77],[7.44,43.75]]]},"properties":{"iso_a3":"MCO"}},{"type":"Feature","geometry":{"type":"Polygon","coordinates":[[[26.62,48.26],[26.85,48.39],[27.23,48.37],[27.55,48.48],[27.82,48.42],[28.33,48.16],[28.77,48.12],[28.92,47.95],[29.19,47.88],[29.16,47.46],[29.55,47.25],[29.57,46.96],[29.88,46.83],[29.92,46.54],[29.84,46.35],[29.15,46.53],[28.96,46.46],[28.95,46.05],[28.49,45.67],[28.5,45.52],[28.21,45.45],[28.1,45.97],[28.24,46.45],[28.24,46.64],[28.07,46.98],[27.85,47.11],[27.34,47.64],[26.98,48.16],[26.62,48.26]]]},"properties":{"iso_a3":"MDA"}},{"type":"Feature","geometry":{"type":"Polygon","coordinates":[[[49.54,-12.43],[49.58,-12.54],[49.94,-13.07],[50.17,-14.04],[50.2,-14.51],[50.31,-14.94],[50.44,-15.15],[50.48,-15.39],[50.4,-15.63],[50.21,-15.96],[50.02,-15.8],[49.89,-15.46],[49.65,-15.57],[49.71,-16.08],[49.83,-16.26],[49.84,-16.49],[49.73,-16.7],[49.77,-16.82],[49.54,-17.03],[49.44,-17.35],[49.48,-17.9],[49.3,-18.54],[49.06,-19.12],[48.8,-19.95],[48.61,-20.46],[48.35,-21.35],[48.18,-21.84],[47.93,-22.39],[47.74,-23.23],[47.56,-23.87],[47.33,-24.32],[47.18,-24.79],[47.03,-24.98],[46.73,-25.15],[46.16,-25.23],[45.51,-25.56],[45.21,-25.57],[44.81,-25.33],[44.35,-25.23],[44.04,-25],[43.91,-24.64],[43.67,-24.3],[43.65,-23.74],[43.72,-23.53],[43.57,-23.08],[43.4,-22.89],[43.26,-22.38],[43.27,-22.05],[43.44,-21.65],[43.5,-21.36],[43.8,-21.18],[43.91,-20.87],[44.24,-20.38],[44.35,-20.15],[44.45,-19.43],[44.24,-19.08],[44.23,-18.74],[44.04,-18.29],[43.98,-17.39],[44.42,-16.7],[44.44,-16.24],[44.91,-16.17],[45.17,-15.98],[45.34,-16.04],[45.6,-15.99],[45.7,-15.81],[46.33,-15.71],[46.48,-15.51],[46.88,-15.23],[46.99,-15.24],[47.28,-14.94],[47.52,-14.99],[47.81,-14.54],[47.77,-14.37],[48,-13.96],[47.9,-13.86],[47.98,-13.61],[48.26,-13.72],[48.41,-13.54],[48.8,-13.27],[48.91,-12.94],[48.9,-12.46],[49.21,-12.08],[49.54,-12.43]]]},"properties":{"iso_a3":"MDG"}},{"type":"Feature","geometry":{"type":"Polygon","coordinates":[[[73.51,4.16],[73.47,4.17],[73.5,4.23],[73.53,4.23],[73.51,4.16]]]},"properties":{"iso_a3":"MDV"}},{"type":"Feature","geometry":{"type":"MultiPolygon","coordinates":[[[[-117.13,32.53],[-114.84,32.7],[-114.84,32.51],[-113.89,32.21],[-111.99,31.62],[-111.04,31.32],[-109.63,31.33],[-108.21,31.33],[-108.21,31.78],[-106.45,31.77],[-106.26,31.54],[-106.02,31.4],[-105.28,30.81],[-104.98,30.65],[-104.68,30.13],[-104.62,29.85],[-104.4,29.57],[-103.99,29.32],[-103.66,29.21],[-103.26,29],[-103.09,29.04],[-102.88,29.32],[-102.73,29.64],[-102.61,29.75],[-102.27,29.87],[-101.99,29.8],[-101.44,29.78],[-101.3,29.63],[-100.75,29.18],[-100.33,28.5],[-100.3,28.33],[-100,28.05],[-99.89,27.87],[-99.6,27.64],[-99.48,27.47],[-99.44,27.04],[-99.23,26.76],[-99.11,26.45],[-98.08,26.06],[-97.8,26.04],[-97.38,25.87],[-97.15,25.96],[-97.16,25.75],[-97.51,25.01],[-97.67,24.39],[-97.77,23.31],[-97.75,22.94],[-97.86,22.62],[-97.76,22.11],[-97.58,21.81],[-97.64,21.6],[-97.51,21.48],[-97.12,20.61],[-96.71,20.19],[-96.46,19.87],[-96.29,19.34],[-95.98,19.05],[-95.81,18.8],[-95.65,18.72],[-95.18,18.7],[-94.8,18.51],[-94.55,18.17],[-94.19,18.2],[-93.55,18.43],[-93.13,18.42],[-92.88,18.47],[-92.71,18.61],[-92.44,18.68],[-91.97,18.72],[-91.8,18.47],[-91.53,18.46],[-91.28,18.62],[-91.34,18.9],[-90.96,19.15],[-90.74,19.35],[-90.69,19.73],[-90.51,19.91],[-90.46,20.71],[-90.35,21.01],[-89.82,21.27],[-88.88,21.41],[-88.47,21.57],[-88.13,21.62],[-87.25,21.45],[-87.03,21.59],[-86.82,21.42],[-86.77,21.15],[-86.86,20.89],[-87.22,20.51],[-87.47,20.1],[-87.43,19.9],[-87.69,19.64],[-87.42,19.58],[-87.76,18.45],[-87.96,18.44],[-88.2,18.72],[-88.3,18.47],[-88.52,18.45],[-88.81,17.97],[-89.05,18],[-89.16,17.81],[-90.99,17.82],[-90.99,17.25],[-91.32,17.2],[-90.98,16.87],[-90.71,16.71],[-90.58,16.47],[-90.42,16.39],[-90.45,16.07],[-91.74,16.07],[-92.19,15.32],[-92.07,15.07],[-92.19,14.82],[-92.24,14.55],[-92.81,15.14],[-93.92,16.05],[-94.41,16.29],[-94.66,16.2],[-94.86,16.42],[-95.13,16.18],[-95.46,15.97],[-95.77,15.89],[-96.21,15.69],[-96.51,15.65],[-96.81,15.73],[-97.18,15.91],[-97.75,15.97],[-98.14,16.21],[-98.52,16.3],[-98.76,16.53],[-99.69,16.72],[-100.02,16.92],[-100.85,17.2],[-101.6,17.65],[-101.92,17.96],[-102.22,17.96],[-102.7,18.06],[-103.44,18.33],[-103.91,18.83],[-104.41,19.09],[-104.94,19.31],[-105.11,19.56],[-105.29,19.71],[-105.48,19.98],[-105.67,20.39],[-105.38,20.51],[-105.25,20.67],[-105.46,20.84],[-105.24,21.12],[-105.21,21.49],[-105.43,21.62],[-105.65,21.99],[-105.65,22.33],[-105.79,22.63],[-106.4,23.2],[-106.57,23.45],[-107.08,24.02],[-107.53,24.36],[-107.51,24.49],[-107.95,24.61],[-108.02,24.78],[-108.37,25.19],[-108.75,25.42],[-109.03,25.48],[-109.38,25.73],[-109.43,26.03],[-109.2,26.31],[-109.28,26.53],[-109.48,26.71],[-109.75,26.7],[-109.94,27.08],[-110.28,27.16],[-110.48,27.32],[-110.62,27.65],[-110.53,27.86],[-110.92,27.89],[-111.12,27.97],[-111.47,28.38],[-111.68,28.47],[-111.92,28.8],[-112.16,29.02],[-112.22,29.27],[-112.38,29.35],[-112.41,29.54],[-112.74,29.99],[-112.82,30.3],[-113.11,30.79],[-113.08,31.21],[-113.48,31.29],[-113.63,31.47],[-114.26,31.55],[-114.74,31.81],[-114.85,31.54],[-114.88,31.16],[-114.76,30.96],[-114.63,30.51],[-114.65,30.24],[-114.55,30.02],[-113.83,29.44],[-113.55,29.1],[-113.5,28.93],[-113.21,28.8],[-113.09,28.51],[-112.87,28.42],[-112.73,27.83],[-112.33,27.52],[-112.19,27.19],[-112.01,26.97],[-111.57,26.71],[-111.55,26.58],[-111.33,26.13],[-111.29,25.79],[-111.03,25.53],[-110.89,25.14],[-110.68,24.79],[-110.73,24.59],[-110.55,24.21],[-110.02,24.17],[-109.51,23.6],[-109.41,23.41],[-109.46,23.21],[-109.82,22.92],[-110.01,22.89],[-110.18,23.34],[-110.36,23.6],[-110.63,23.74],[-111.04,24.11],[-111.58,24.44],[-112.07,24.84],[-112.13,25.04],[-112.06,25.49],[-112.17,25.91],[-112.38,26.21],[-112.66,26.32],[-113.02,26.58],[-113.21,26.86],[-113.6,26.72],[-113.84,26.97],[-114.45,27.22],[-114.54,27.43],[-114.99,27.74],[-114.82,27.83],[-114.3,27.78],[-114.05,28.43],[-114.15,28.61],[-114.99,29.38],[-115.17,29.43],[-115.67,29.76],[-115.82,30.3],[-116,30.41],[-116.06,30.8],[-116.3,30.97],[-116.33,31.2],[-116.66,31.56],[-116.62,31.85],[-116.85,32],[-116.91,32.2],[-117.13,32.53]]],[[[-112.2,29.01],[-112.28,28.77],[-112.53,28.89],[-112.47,29.17],[-112.29,29.24],[-112.2,29.01]]]]},"properties":{"iso_a3":"MEX"}},{"type":"Feature","geometry":{"type":"Polygon","coordinates":[[[171.1,7.14],[171.23,7.09],[171.2,7.07],[171.1,7.11],[171.1,7.14]]]},"properties":{"iso_a3":"MHL"}},{"type":"Feature","geometry":{"type":"Polygon","coordinates":[[[21.56,42.25],[22.24,42.36],[22.34,42.31],[22.58,42.1],[22.8,42.03],[22.94,41.78],[22.92,41.34],[22.72,41.18],[22.4,41.12],[21.93,41.11],[21.58,40.87],[20.96,40.85],[20.71,40.93],[20.49,41.27],[20.45,41.52],[20.57,41.87],[20.78,42.07],[21.56,42.25]]]},"properties":{"iso_a3":"MKD"}},{"type":"Feature","geometry":{"type":"Polygon","coordinates":[[[-11.39,12.4],[-11.45,12.53],[-11.39,12.94],[-11.63,13.37],[-11.89,13.44],[-12.05,13.63],[-11.96,13.88],[-12.02,14.21],[-12.23,14.46],[-12.19,14.65],[-12.28,14.81],[-12.1,14.75],[-11.87,15],[-11.76,15.43],[-11.5,15.64],[-10.9,15.15],[-10.7,15.42],[-10.41,15.44],[-9.94,15.37],[-9.29,15.5],[-7.76,15.5],[-6.34,15.5],[-5.51,15.5],[-5.36,16.28],[-5.63,16.57],[-5.77,17.8],[-5.88,18.8],[-6.03,20.04],[-6.23,21.78],[-6.45,23.77],[-6.59,24.99],[-4.82,25],[-3.26,23.98],[-1.95,23.12],[-0.31,22.05],[1.15,21.1],[1.17,20.82],[1.61,20.56],[1.69,20.38],[1.93,20.27],[2.22,20.25],[2.41,20.06],[2.87,19.96],[3.2,19.79],[3.26,19.41],[3.11,19.15],[3.32,18.99],[4.23,19.14],[4.23,17.83],[4.23,17],[4.18,16.58],[3.82,15.67],[3.52,15.48],[3.5,15.36],[3.06,15.43],[3,15.34],[1.3,15.27],[0.95,14.98],[0.72,14.95],[0.29,14.98],[0.22,14.91],[-0.24,15.06],[-0.76,15.05],[-1.05,14.82],[-1.77,14.49],[-1.97,14.46],[-2.11,14.17],[-2.46,14.27],[-2.78,14.07],[-3.04,13.64],[-3.27,13.58],[-3.3,13.28],[-3.53,13.18],[-3.85,13.37],[-4.05,13.38],[-4.33,13.12],[-4.23,12.79],[-4.42,12.58],[-4.43,12.34],[-4.63,12.12],[-5.11,11.97],[-5.29,11.83],[-5.23,11.52],[-5.3,11.21],[-5.49,11.04],[-5.46,10.77],[-5.52,10.43],[-5.84,10.39],[-6.03,10.19],[-6.19,10.4],[-6.25,10.72],[-6.68,10.63],[-6.69,10.35],[-6.95,10.34],[-7.04,10.14],[-7.36,10.26],[-7.5,10.44],[-7.66,10.43],[-7.81,10.24],[-7.99,10.16],[-8.01,10.32],[-8.27,10.49],[-8.31,10.95],[-8.47,11.05],[-8.41,11.39],[-8.66,11.51],[-8.82,11.67],[-8.82,11.92],[-9,12.35],[-9.3,12.49],[-9.36,12.26],[-9.82,12.04],[-10.27,12.21],[-10.47,12.14],[-10.62,11.94],[-10.74,11.93],[-10.93,12.21],[-11.31,12.02],[-11.49,12.17],[-11.39,12.4]]]},"properties":{"iso_a3":"MLI"}},{"type":"Feature","geometry":{"type":"Polygon","coordinates":[[[14.57,35.85],[14.44,35.82],[14.35,35.87],[14.45,35.96],[14.57,35.85]]]},"properties":{"iso_a3":"MLT"}},{"type":"Feature","geometry":{"type":"Polygon","coordinates":[[[100.12,20.32],[99.95,20.42],[99.49,20.26],[99.4,20.09],[99.2,20.12],[99.02,20.04],[98.92,19.77],[98.45,19.69],[98.11,19.76],[97.82,19.46],[97.8,19.13],[97.71,19],[97.75,18.62],[97.48,18.49],[97.72,18.04],[97.7,17.83],[98.17,17.24],[98.44,16.98],[98.48,16.73],[98.69,16.31],[98.82,16.18],[98.59,16.05],[98.57,15.4],[98.23,15.24],[98.18,15.15],[98.25,14.81],[98.57,14.36],[98.93,14.05],[99.14,13.72],[99.18,13.23],[99.11,13.1],[99.22,12.74],[99.39,12.47],[99.61,11.75],[99.44,11.55],[99.19,11.11],[98.79,10.71],[98.7,10.19],[98.52,10.35],[98.46,10.68],[98.68,10.99],[98.74,11.24],[98.74,11.59],[98.62,11.8],[98.69,12.05],[98.62,12.3],[98.66,12.54],[98.58,13.16],[98.25,13.73],[98.24,13.93],[98.07,13.99],[98.1,14.16],[97.81,14.86],[97.8,15.18],[97.71,15.88],[97.58,16.02],[97.64,16.25],[97.62,16.54],[97.38,16.52],[97.18,17.06],[96.97,17.32],[96.85,17.2],[96.91,17.03],[96.77,16.71],[96.62,16.56],[96.32,16.44],[96.01,16.25],[95.76,16.17],[95.68,15.98],[95.39,15.72],[95.18,15.83],[94.94,15.82],[94.89,15.98],[94.68,16.13],[94.44,16.09],[94.21,16.13],[94.27,16.52],[94.33,16.57],[94.59,17.57],[94.49,17.82],[94.43,18.2],[94.25,18.61],[94.07,18.89],[93.71,19.03],[94,19.44],[93.84,19.53],[93.58,19.91],[93.36,20.06],[93,20.07],[92.79,20.21],[92.32,20.79],[92.18,21.29],[92.33,21.44],[92.59,21.47],[92.57,21.98],[92.67,22.11],[92.96,22],[93.16,22.36],[93.08,22.72],[93.2,23.04],[93.37,23.13],[93.41,23.68],[93.49,23.97],[93.68,24.01],[94.13,23.88],[94.29,24.32],[94.58,24.77],[94.71,25.05],[94.55,25.24],[94.62,25.41],[94.95,25.7],[95.13,26.04],[95.06,26.47],[95.31,26.67],[95.91,27.05],[96.06,27.22],[96.67,27.34],[96.9,27.64],[97.34,27.94],[97.32,28.22],[97.54,28.51],[97.89,28.36],[98.1,28.14],[98.24,27.66],[98.65,27.57],[98.74,26.79],[98.65,25.92],[98.3,25.57],[98.14,25.57],[98.01,25.29],[97.82,25.25],[97.71,25.03],[97.74,24.87],[97.58,24.77],[97.53,24.49],[97.67,24.38],[97.69,24.13],[98.02,24.07],[98.76,24.12],[98.68,23.84],[98.79,23.74],[98.86,23.19],[99.34,23.1],[99.51,22.96],[99.39,22.83],[99.34,22.5],[99.17,22.19],[99.23,22.11],[99.92,22.03],[99.98,21.7],[100.21,21.46],[100.68,21.5],[100.84,21.66],[101.08,21.76],[101.14,21.57],[101.08,21.47],[100.7,21.25],[100.52,20.92],[100.33,20.8],[100.18,20.59],[100.12,20.32]]]},"properties":{"iso_a3":"MMR"}},{"type":"Feature","geometry":{"type":"Polygon","coordinates":[[[19.19,43.53],[19.55,43.21],[19.94,43.08],[20.34,42.83],[20.06,42.55],[19.79,42.48],[19.65,42.63],[19.28,42.17],[19.34,41.87],[18.89,42.25],[18.52,42.43],[18.44,42.56],[18.55,42.64],[18.44,42.97],[18.62,43.03],[18.67,43.23],[18.94,43.5],[19.19,43.53]]]},"properties":{"iso_a3":"MNE"}},{"type":"Feature","geometry":{"type":"Polygon","coordinates":[[[87.81,49.16],[88.12,49.26],[88.19,49.45],[88.83,49.45],[89.18,49.53],[89.65,49.72],[89.64,49.9],[90,50.07],[90.66,50.22],[91.02,50.42],[91.34,50.47],[91.71,50.67],[92.19,50.7],[92.35,50.86],[92.68,50.68],[92.94,50.78],[93.27,50.62],[94.25,50.56],[94.35,50.22],[94.61,50.02],[94.93,50.04],[95.11,49.94],[95.57,49.94],[95.85,50.01],[96.32,49.9],[96.99,49.88],[97.36,49.74],[97.59,49.91],[98.1,50.08],[98.25,50.3],[98.28,50.53],[98.03,50.64],[97.83,50.99],[97.95,51.35],[98.22,51.51],[98.35,51.72],[98.64,51.8],[98.89,52.12],[99.92,51.76],[100.47,51.73],[101.38,51.45],[101.57,51.47],[102.11,51.35],[102.32,50.72],[102.29,50.59],[102.68,50.39],[103.63,50.14],[104.08,50.15],[104.47,50.31],[105.38,50.47],[105.88,50.41],[106.22,50.3],[106.57,50.33],[106.94,50.2],[107.23,49.99],[107.92,49.95],[108.03,49.59],[108.52,49.34],[109.24,49.33],[110.2,49.17],[110.43,49.22],[110.83,49.17],[111.34,49.36],[112.08,49.42],[112.49,49.53],[112.81,49.52],[113.06,49.62],[113.16,49.8],[113.57,50.01],[114.3,50.27],[114.67,50.25],[115,50.14],[115.27,49.95],[115.72,49.88],[116.13,50.01],[116.55,49.92],[116.68,49.82],[116.03,48.84],[115.82,48.58],[115.79,48.25],[115.53,48.13],[115.56,47.95],[115.9,47.69],[116.23,47.86],[116.76,47.87],[117.07,47.81],[117.35,47.65],[117.77,47.99],[118.15,48.03],[118.5,47.98],[118.76,47.76],[119.12,47.56],[119.71,47.15],[119.9,46.86],[119.87,46.67],[119.62,46.6],[118.31,46.72],[117.67,46.52],[117.39,46.54],[117.27,46.35],[116.86,46.39],[116.56,46.29],[116.21,45.89],[116.24,45.8],[115.68,45.46],[115.16,45.39],[114.56,45.39],[114.42,45.2],[114.03,44.94],[113.59,44.75],[113.05,44.81],[112.6,44.92],[112.41,45.06],[111.9,45.06],[111.62,44.83],[111.4,44.37],[111.52,44.19],[111.84,43.93],[111.93,43.71],[111.55,43.5],[111.01,43.34],[110.4,42.77],[109.34,42.44],[108.69,42.42],[108.17,42.45],[106.77,42.29],[105.87,41.99],[104.98,41.6],[104.5,41.66],[104.5,41.88],[103.71,41.75],[103.07,42.01],[102.16,42.16],[101.97,42.22],[101.71,42.47],[101.5,42.54],[101.09,42.55],[99.98,42.68],[99.47,42.57],[98.25,42.68],[97.21,42.79],[96.39,42.72],[96.3,42.93],[95.91,43.21],[95.57,43.89],[95.33,44.04],[95.35,44.28],[95.05,44.26],[94.71,44.35],[94.2,44.65],[93.96,44.67],[93.66,44.9],[92.79,45.04],[92.42,45.01],[91.58,45.08],[90.88,45.2],[90.66,45.53],[90.71,45.73],[91,46.04],[90.91,46.27],[91.03,46.53],[90.87,46.95],[90.72,47],[90.48,47.33],[90.31,47.68],[89.83,47.82],[89.48,48.03],[89.05,48],[88.58,48.22],[88.52,48.38],[87.98,48.56],[87.83,48.79],[87.81,49.16]]]},"properties":{"iso_a3":"MNG"}},{"type":"Feature","geometry":{"type":"Polygon","coordinates":[[[145.75,15.13],[145.68,15.13],[145.71,15.22],[145.78,15.17],[145.75,15.13]]]},"properties":{"iso_a3":"MNP"}},{"type":"Feature","geometry":{"type":"Polygon","coordinates":[[[31.29,-22.4],[31.43,-22.3],[32.37,-21.33],[32.35,-21.14],[32.48,-20.95],[32.48,-20.71],[32.67,-20.52],[32.87,-20.22],[33.01,-19.87],[32.78,-19.39],[32.85,-19.15],[32.72,-19],[32.85,-18.76],[33,-18.31],[32.96,-18.2],[32.97,-17.25],[32.88,-17.04],[32.95,-16.71],[32.24,-16.45],[31.94,-16.43],[31.69,-16.21],[31.49,-16.18],[31.24,-16.02],[30.41,-15.98],[30.4,-15.64],[30.23,-14.99],[30.67,-14.82],[31.54,-14.58],[31.98,-14.41],[33.2,-14.01],[33.64,-14.57],[34.38,-14.42],[34.51,-14.6],[34.56,-15.02],[34.54,-15.3],[34.25,-15.89],[34.38,-16.02],[34.4,-16.2],[34.93,-16.76],[35.08,-16.83],[35.04,-17.02],[35.29,-17.1],[35.28,-16.81],[35.17,-16.56],[35.36,-16.16],[35.6,-16.13],[35.79,-15.96],[35.81,-15.27],[35.89,-14.89],[35.85,-14.67],[35.25,-13.9],[34.85,-13.52],[34.66,-13.49],[34.56,-13.36],[34.47,-12.59],[34.36,-12.16],[34.66,-11.59],[34.96,-11.58],[35.5,-11.6],[35.91,-11.45],[36.31,-11.71],[36.52,-11.72],[36.87,-11.57],[37.37,-11.71],[37.54,-11.68],[37.83,-11.48],[37.92,-11.29],[38.18,-11.28],[38.49,-11.41],[38.79,-11.23],[39.17,-11.17],[39.44,-11.03],[39.99,-10.82],[40.46,-10.46],[40.61,-10.66],[40.49,-10.77],[40.54,-11.07],[40.4,-11.33],[40.43,-11.66],[40.53,-12],[40.52,-12.39],[40.58,-12.64],[40.55,-12.82],[40.58,-13.37],[40.55,-13.46],[40.6,-14.17],[40.72,-14.21],[40.84,-14.79],[40.62,-15.12],[40.56,-15.47],[40.11,-15.98],[39.84,-16.44],[39.24,-16.79],[39.08,-16.97],[38.63,-17.08],[38.14,-17.24],[37.24,-17.74],[36.94,-17.99],[36.9,-18.13],[36.54,-18.52],[36.4,-18.77],[36.13,-18.84],[35.65,-19.16],[35.37,-19.49],[34.95,-19.81],[34.76,-19.82],[34.7,-20.4],[34.76,-20.56],[34.98,-20.81],[35.12,-21.2],[35.13,-21.4],[35.27,-21.65],[35.33,-22.04],[35.32,-22.4],[35.54,-22.38],[35.49,-22.66],[35.58,-22.96],[35.49,-23.19],[35.37,-23.8],[35.49,-24.07],[35.16,-24.54],[34.61,-24.82],[33.84,-25.07],[33.35,-25.26],[32.96,-25.49],[32.79,-25.64],[32.59,-26],[32.7,-26.16],[32.93,-26.25],[32.89,-26.85],[32.11,-26.84],[32.11,-26.52],[32.04,-26.28],[32.06,-26.02],[31.95,-25.96],[31.98,-25.63],[31.99,-24.46],[31.8,-23.89],[31.53,-23.43],[31.53,-23.28],[31.29,-22.4]]]},"properties":{"iso_a3":"MOZ"}},{"type":"Feature","geometry":{"type":"Polygon","coordinates":[[[-12.28,14.81],[-12.54,15.04],[-12.74,15.13],[-12.99,15.5],[-13.26,15.7],[-13.41,16.06],[-13.51,16.14],[-13.93,16.2],[-13.98,16.31],[-14.3,16.58],[-14.53,16.66],[-14.93,16.65],[-15.96,16.49],[-16.17,16.55],[-16.3,16.45],[-16.48,16.1],[-16.54,15.84],[-16.54,16.29],[-16.35,16.93],[-16.08,17.55],[-16.03,17.89],[-16.08,18.52],[-16.21,19],[-16.51,19.36],[-16.28,19.79],[-16.21,20.23],[-16.43,20.65],[-16.62,20.63],[-16.88,21.09],[-17,21.04],[-17.05,20.81],[-16.96,21.33],[-15.46,21.33],[-13.86,21.33],[-13.02,21.33],[-13.09,22.5],[-13.17,22.75],[-13.03,23],[-12.62,23.27],[-12.37,23.32],[-12.02,23.47],[-12.02,24.92],[-12.02,26],[-10.38,26],[-8.68,26],[-8.68,27.29],[-8.31,27.06],[-7.18,26.4],[-5.67,25.52],[-4.82,25],[-6.59,24.99],[-6.45,23.77],[-6.23,21.78],[-6.03,20.04],[-5.88,18.8],[-5.77,17.8],[-5.63,16.57],[-5.36,16.28],[-5.51,15.5],[-6.34,15.5],[-7.76,15.5],[-9.29,15.5],[-9.94,15.37],[-10.41,15.44],[-10.7,15.42],[-10.9,15.15],[-11.5,15.64],[-11.76,15.43],[-11.87,15],[-12.1,14.75],[-12.28,14.81]]]},"properties":{"iso_a3":"MRT"}},{"type":"Feature","geometry":{"type":"Polygon","coordinates":[[[-62.15,16.74],[-62.15,16.68],[-62.22,16.7],[-62.22,16.75],[-62.15,16.74]]]},"properties":{"iso_a3":"MSR"}},{"type":"Feature","geometry":{"type":"Polygon","coordinates":[[[-60.83,14.49],[-61.06,14.47],[-61.22,14.8],[-61.13,14.88],[-60.92,14.74],[-60.83,14.49]]]},"properties":{"iso_a3":"MTQ"}},{"type":"Feature","geometry":{"type":"Polygon","coordinates":[[[57.65,-20.48],[57.38,-20.5],[57.42,-20.18],[57.66,-19.99],[57.79,-20.21],[57.65,-20.48]]]},"properties":{"iso_a3":"MUS"}},{"type":"Feature","geometry":{"type":"Polygon","coordinates":[[[33.2,-14.01],[32.98,-14.01],[32.67,-13.61],[32.85,-13.46],[32.98,-13.16],[33.02,-12.63],[33.4,-12.49],[33.25,-12.11],[33.31,-11.8],[33.23,-11.53],[33.38,-11.16],[33.26,-10.89],[33.66,-10.59],[33.53,-10.23],[33.31,-10.04],[33.35,-9.86],[33.2,-9.63],[33,-9.62],[32.92,-9.41],[33.33,-9.52],[33.42,-9.61],[33.7,-9.6],[33.94,-9.67],[34.09,-9.54],[34.32,-9.73],[34.48,-9.95],[34.57,-10.24],[34.58,-10.53],[34.67,-10.79],[34.6,-11.04],[34.96,-11.58],[34.66,-11.59],[34.36,-12.16],[34.47,-12.59],[34.56,-13.36],[34.66,-13.49],[34.85,-13.52],[35.25,-13.9],[35.85,-14.67],[35.89,-14.89],[35.81,-15.27],[35.79,-15.96],[35.6,-16.13],[35.36,-16.16],[35.17,-16.56],[35.28,-16.81],[35.29,-17.1],[35.04,-17.02],[35.08,-16.83],[34.93,-16.76],[34.4,-16.2],[34.38,-16.02],[34.25,-15.89],[34.54,-15.3],[34.56,-15.02],[34.51,-14.6],[34.38,-14.42],[33.64,-14.57],[33.2,-14.01]]]},"properties":{"iso_a3":"MWI"}},{"type":"Feature","geometry":{"type":"MultiPolygon","coordinates":[[[[100.12,6.44],[100.16,6.64],[100.63,6.45],[100.79,6.43],[100.87,6.25],[101.05,6.24],[101.08,5.96],[100.98,5.77],[101.11,5.64],[101.26,5.79],[101.56,5.91],[101.72,5.77],[101.87,5.83],[102.1,6.24],[102.34,6.17],[102.53,5.86],[103.1,5.41],[103.42,4.85],[103.47,4.39],[103.36,3.77],[103.45,3.52],[103.44,2.93],[103.54,2.77],[103.81,2.58],[104.22,1.72],[104.29,1.48],[104.18,1.36],[103.99,1.45],[103.69,1.45],[103.48,1.33],[103.36,1.55],[102.73,1.86],[102.55,2.04],[102.15,2.25],[101.78,2.57],[101.52,2.68],[101.3,2.89],[101.3,3.25],[101.02,3.62],[100.78,3.86],[100.8,4.02],[100.61,4.37],[100.61,4.65],[100.47,5.04],[100.35,5.59],[100.34,5.98],[100.12,6.44]]],[[[117.57,4.17],[117.1,4.34],[116.41,4.31],[115.86,4.35],[115.68,4.19],[115.57,3.94],[115.57,3.45],[115.45,3.03],[115.25,3.03],[115.09,2.84],[115.08,2.63],[115.18,2.52],[114.79,2.25],[114.83,1.98],[114.7,1.85],[114.55,1.47],[114.39,1.5],[113.9,1.43],[113.62,1.24],[112.99,1.46],[112.94,1.57],[112.48,1.56],[112.19,1.44],[112.08,1.14],[111.81,1.01],[111.55,0.99],[111.1,1.05],[110.61,0.88],[110.46,0.88],[109.99,1.28],[109.65,1.61],[109.54,1.9],[109.63,2.03],[109.86,1.76],[110.25,1.69],[110.35,1.72],[110.68,1.55],[110.94,1.52],[111.15,1.74],[111.27,2.14],[111.2,2.3],[111.44,2.38],[111.44,2.63],[111.62,2.82],[112.12,2.91],[112.99,3.16],[113.45,3.74],[113.92,4.24],[114.06,4.59],[114.22,4.48],[114.61,4.02],[114.78,4.17],[114.84,4.39],[114.75,4.72],[115.03,4.9],[115.11,4.39],[115.29,4.35],[115.27,4.63],[115.14,4.9],[115.37,4.93],[115.55,5.09],[115.42,5.41],[115.56,5.57],[115.74,5.53],[115.88,5.61],[116.06,5.88],[116.14,6.13],[116.54,6.58],[116.75,6.98],[116.91,6.66],[117.13,6.97],[117.25,6.92],[117.29,6.68],[117.61,6.51],[117.7,6.27],[117.62,5.94],[117.82,5.94],[118,6.05],[118.12,5.86],[118.51,5.73],[118.59,5.59],[118.96,5.43],[119.18,5.43],[119.25,5.2],[119.13,5.1],[118.67,4.96],[118.38,5.02],[118.19,4.83],[118.56,4.5],[118.5,4.36],[118.01,4.25],[117.74,4.34],[117.57,4.17]]]]},"properties":{"iso_a3":"MYS"}},{"type":"Feature","geometry":{"type":"Polygon","coordinates":[[[45.18,-12.98],[45.07,-12.9],[45.13,-12.71],[45.22,-12.75],[45.18,-12.98]]]},"properties":{"iso_a3":"MYT"}},{"type":"Feature","geometry":{"type":"Polygon","coordinates":[[[23.38,-17.64],[24.27,-17.48],[24.93,-17.54],[25.26,-17.79],[24.79,-17.86],[24.53,-18.05],[24.36,-17.98],[24,-18.15],[23.7,-18.42],[23.58,-18.45],[23.3,-18.03],[23.1,-18.01],[22.01,-18.2],[21.23,-18.31],[20.97,-18.32],[20.98,-18.93],[20.98,-20.56],[20.97,-22],[19.98,-22],[19.98,-23.68],[19.98,-24.78],[19.98,-26.53],[19.98,-28.45],[19.67,-28.5],[19.25,-28.9],[18.84,-28.87],[18.31,-28.89],[17.45,-28.7],[17.34,-28.45],[17.39,-28.35],[17.06,-28.03],[16.93,-28.07],[16.76,-28.45],[16.45,-28.62],[15.72,-27.97],[15.34,-27.39],[15.13,-26.79],[15.16,-26.6],[14.97,-26.32],[14.93,-25.96],[14.85,-25.73],[14.84,-25.03],[14.5,-24.2],[14.5,-23.64],[14.4,-22.97],[14.53,-22.7],[14.32,-22.19],[13.97,-21.77],[13.84,-21.47],[13.45,-20.92],[13.17,-20.18],[13.04,-20.03],[12.46,-18.93],[12.04,-18.47],[11.78,-18],[11.73,-17.75],[11.74,-17.25],[12.11,-17.16],[12.55,-17.21],[13.1,-16.97],[13.4,-17.01],[13.94,-17.39],[15.77,-17.39],[17.84,-17.39],[18.4,-17.4],[18.83,-17.77],[19.64,-17.87],[20.19,-17.86],[20.63,-18],[21.11,-17.96],[21.42,-18],[23.38,-17.64]]]},"properties":{"iso_a3":"NAM"}},{"type":"Feature","geometry":{"type":"Polygon","coordinates":[[[164.2,-20.25],[164.44,-20.28],[164.98,-20.68],[165.19,-20.77],[165.66,-21.27],[166.06,-21.48],[166.69,-21.95],[166.94,-22.09],[166.97,-22.32],[166.77,-22.38],[166.18,-22.09],[166.1,-21.96],[165.24,-21.53],[164.93,-21.29],[164.66,-20.99],[164.45,-20.83],[164.17,-20.48],[164.2,-20.25]]]},"properties":{"iso_a3":"NCL"}},{"type":"Feature","geometry":{"type":"Polygon","coordinates":[[[13.61,13.7],[13.32,13.67],[12.65,13.33],[12.46,13.09],[12.12,13.09],[11.69,13.3],[10.96,13.37],[10.18,13.27],[9.93,13.14],[9.62,12.81],[9.2,12.82],[8.75,12.91],[8.1,13.29],[7.79,13.34],[7.36,13.11],[7.06,13],[6.8,13.11],[6.59,13.41],[6.3,13.66],[6.18,13.66],[5.49,13.87],[5.24,13.76],[4.82,13.76],[4.42,13.65],[4.15,13.46],[4.09,13.06],[3.95,12.78],[3.65,12.53],[3.65,11.8],[3.6,11.7],[3.36,11.88],[2.88,12.37],[2.36,12.19],[2.39,11.9],[2.07,12.31],[2.23,12.47],[2.1,12.7],[1.79,12.61],[1.56,12.64],[1.1,13],[0.97,13.17],[1.02,13.47],[0.9,13.61],[0.62,13.7],[0.35,14.14],[0.38,14.25],[0.16,14.5],[0.22,14.91],[0.29,14.98],[0.72,14.95],[0.95,14.98],[1.3,15.27],[3,15.34],[3.06,15.43],[3.5,15.36],[3.52,15.48],[3.82,15.67],[4.18,16.58],[4.23,17],[4.23,17.83],[4.23,19.14],[5.75,19.43],[5.84,19.48],[6.99,20.47],[7.48,20.87],[8.34,21.38],[9.38,21.99],[10.41,22.6],[11.97,23.52],[13.48,23.18],[13.6,23.12],[14.2,22.62],[14.98,23],[15.17,21.92],[15.18,21.52],[15.61,20.95],[15.59,20.73],[15.93,20.4],[15.95,20.3],[15.74,19.9],[15.6,18.34],[15.47,16.91],[14.37,15.75],[13.81,14.97],[13.64,14.63],[13.45,14.38],[13.61,13.7]]]},"properties":{"iso_a3":"NER"}},{"type":"Feature","geometry":{"type":"Polygon","coordinates":[[[167.94,-29.02],[167.99,-29.04],[167.96,-29.09],[167.92,-29.07],[167.94,-29.02]]]},"properties":{"iso_a3":"NFK"}},{"type":"Feature","geometry":{"type":"Polygon","coordinates":[[[13.61,13.7],[14.06,13.08],[14.2,12.38],[14.52,12.3],[14.63,12.11],[14.56,11.49],[14.2,11.27],[13.89,11.14],[13.54,10.61],[13.41,10.17],[13.27,10.04],[13.18,9.54],[12.93,9.43],[12.81,8.89],[12.58,8.62],[12.4,8.6],[12.23,8.28],[12.16,7.94],[12.02,7.59],[11.77,7.27],[11.86,7.12],[11.58,6.89],[11.55,6.7],[11.4,6.53],[11.15,6.44],[11.03,6.7],[10.74,6.99],[10.56,7.04],[10.48,6.89],[10.21,6.89],[10.14,7],[9.78,6.76],[9.66,6.53],[9.37,6.32],[9.06,6.01],[8.94,5.78],[8.8,5.2],[8.56,4.76],[8.34,4.82],[8.29,4.56],[7.8,4.52],[7.51,4.59],[7.15,4.51],[7.01,4.4],[6.76,4.34],[6.08,4.29],[5.8,4.46],[5.59,4.65],[5.38,5.13],[5.39,5.4],[5.23,5.48],[5.11,5.73],[4.86,6.03],[4.43,6.35],[4.13,6.41],[3.49,6.41],[2.71,6.37],[2.77,6.71],[2.72,6.98],[2.75,7.4],[2.69,7.87],[2.73,8.78],[2.77,9.05],[3.04,9.08],[3.14,9.45],[3.33,9.67],[3.33,9.78],[3.56,9.91],[3.65,10.16],[3.58,10.27],[3.78,10.44],[3.83,10.65],[3.72,11.08],[3.49,11.4],[3.6,11.7],[3.65,11.8],[3.65,12.53],[3.95,12.78],[4.09,13.06],[4.15,13.46],[4.42,13.65],[4.82,13.76],[5.24,13.76],[5.49,13.87],[6.18,13.66],[6.3,13.66],[6.59,13.41],[6.8,13.11],[7.06,13],[7.36,13.11],[7.79,13.34],[8.1,13.29],[8.75,12.91],[9.2,12.82],[9.62,12.81],[9.93,13.14],[10.18,13.27],[10.96,13.37],[11.69,13.3],[12.12,13.09],[12.46,13.09],[12.65,13.33],[13.32,13.67],[13.61,13.7]]]},"properties":{"iso_a3":"NGA"}},{"type":"Feature","geometry":{"type":"Polygon","coordinates":[[[-83.16,14.99],[-83.3,14.75],[-83.19,14.34],[-83.41,14],[-83.57,13.32],[-83.51,12.94],[-83.51,12.41],[-83.65,12.29],[-83.77,11.93],[-83.65,11.64],[-83.87,11.3],[-83.83,11.13],[-83.64,10.92],[-83.81,10.74],[-84.17,10.78],[-84.35,10.98],[-84.7,11.05],[-84.91,10.95],[-85.54,11.17],[-85.74,11.06],[-85.96,11.33],[-86.47,11.74],[-86.85,12.25],[-87.13,12.43],[-87.46,12.76],[-87.67,12.9],[-87.59,13.04],[-87.34,12.98],[-87.06,12.99],[-86.92,13.22],[-86.71,13.31],[-86.77,13.7],[-86.61,13.77],[-86.33,13.77],[-86.09,14.04],[-85.79,13.84],[-85.28,14.29],[-84.99,14.75],[-84.86,14.81],[-84.54,14.63],[-84.24,14.75],[-83.87,14.79],[-83.42,15.01],[-83.16,14.99]]]},"properties":{"iso_a3":"NIC"}},{"type":"Feature","geometry":{"type":"Polygon","coordinates":[[[-169.8,-19.08],[-169.9,-19.14],[-169.95,-19.07],[-169.91,-18.99],[-169.83,-18.97],[-169.8,-19.08]]]},"properties":{"iso_a3":"NIU"}},{"type":"Feature","geometry":{"type":"MultiPolygon","coordinates":[[[[5.99,50.75],[5.67,50.81],[5.83,51.13],[5.48,51.29],[4.5,51.47],[4.23,51.39],[4.18,51.61],[3.95,51.81],[4.38,52.2],[4.56,52.44],[4.68,52.81],[5.36,53.1],[5.53,53.27],[6.06,53.41],[6.82,53.44],[7.2,53.28],[7.19,53],[7.01,52.63],[6.98,52.21],[6.72,52.04],[6.74,51.91],[5.95,51.76],[6.19,51.49],[5.89,50.98],[5.99,50.75]]],[[[4.23,51.39],[4.04,51.25],[3.4,51.26],[3.35,51.38],[3.88,51.35],[4.23,51.39]]]]},"properties":{"iso_a3":"NLD"}},{"type":"Feature","geometry":{"type":"MultiPolygon","coordinates":[[[[20.62,69.04],[20.34,68.9],[19.87,68.36],[18.38,68.56],[18.16,68.53],[18.18,68.2],[17.92,67.96],[17.32,68.1],[16.78,67.9],[16.59,67.63],[16.13,67.43],[16.4,67.05],[15.42,66.49],[15.48,66.31],[14.92,66.15],[14.54,66.13],[14.64,65.85],[14.48,65.3],[13.65,64.58],[14.08,64.46],[14.14,64.17],[13.96,64.01],[13.2,64.08],[12.69,63.96],[12.18,63.6],[12,63.29],[12.22,63],[12.11,62.59],[12.3,62.29],[12.16,61.72],[12.88,61.35],[12.68,61.05],[12.29,61],[12.59,60.45],[12.49,60.11],[11.93,59.86],[11.68,59.59],[11.8,59.29],[11.39,59.04],[10.43,59.28],[10.24,59.06],[9.31,58.86],[9.32,58.75],[8.52,58.3],[8.17,58.15],[7.47,58.02],[7,58.02],[6.56,58.12],[6.39,58.27],[5.71,58.52],[5.52,58.73],[5.56,58.98],[5.85,58.96],[5.97,59.19],[5.13,59.23],[5.3,59.64],[5.12,59.83],[5.21,60.09],[5.24,60.57],[5.05,60.71],[5,61.43],[5.17,61.54],[4.93,61.71],[5.53,62.31],[6.12,62.45],[6.35,62.61],[7.28,62.6],[7.01,62.96],[7.57,63.1],[8.16,63.16],[8.58,63.31],[8.4,63.54],[8.84,63.65],[9.32,63.57],[9.7,63.62],[10.08,63.43],[10.76,63.46],[10.73,63.63],[9.92,63.52],[9.61,63.79],[10.57,64.42],[11.33,64.69],[11.49,64.98],[12.16,65.18],[12.27,65.57],[12.98,66.02],[13.12,66.23],[13.1,66.54],[13.62,66.79],[14.75,67.5],[14.8,67.81],[15.32,68.07],[16.06,68.2],[16.58,68.47],[16.65,68.63],[17.39,68.8],[17.7,69.1],[18.1,69.16],[18.19,69.43],[18.62,69.43],[19.2,69.75],[20.07,69.88],[20.55,69.85],[21.25,70],[21.4,70.17],[22.68,70.37],[23.33,70.21],[24.42,70.7],[24.26,70.83],[24.66,71],[25.77,70.85],[25.27,70.55],[25.47,70.34],[26.51,70.91],[27.31,70.8],[27.6,71.09],[29.1,70.86],[29.8,70.64],[30.07,70.7],[30.93,70.4],[30.94,70.27],[29.93,70.1],[29.6,69.98],[29.79,69.73],[30.87,69.78],[30.23,69.63],[29.99,69.39],[29.39,69.3],[28.97,69.02],[28.85,69.18],[29.33,69.47],[29.14,69.67],[28.41,69.82],[27.89,70.06],[27.11,69.9],[26.53,69.92],[25.96,69.59],[25.75,69.23],[25.75,68.99],[25.17,68.77],[24.94,68.59],[23.85,68.81],[23.32,68.65],[22.41,68.72],[21.62,69.27],[21.13,69.08],[20.62,69.04]]],[[[15.21,68.94],[15.4,68.78],[15.22,68.62],[14.52,68.63],[14.87,68.91],[15.21,68.94]]],[[[15.76,68.56],[15.98,68.4],[14.35,68.18],[14.59,68.4],[15.1,68.44],[15.41,68.62],[15.48,69.04],[15.81,69.02],[15.93,68.73],[15.76,68.56]]]]},"properties":{"iso_a3":"NOR"}},{"type":"Feature","geometry":{"type":"Polygon","coordinates":[[[88.11,27.87],[88.15,27.75],[88.02,27.41],[87.98,27.13],[88.16,26.72],[88.05,26.43],[87.29,26.36],[87.02,26.56],[86.7,26.44],[86.41,26.56],[86.01,26.65],[85.74,26.64],[85.57,26.84],[85.29,26.74],[84.69,27.04],[84.61,27.3],[84.09,27.49],[83.83,27.38],[83.45,27.47],[83.29,27.37],[82.73,27.52],[82.68,27.67],[82.45,27.67],[82.04,27.9],[81.76,27.91],[81.24,28.24],[81.17,28.34],[80.52,28.67],[80.42,28.61],[80.07,28.83],[80.13,29.1],[80.4,29.73],[80.61,29.96],[80.91,30.17],[81.01,30.16],[81.26,30.09],[81.42,30.34],[81.64,30.39],[82.04,30.33],[82.22,30.06],[82.49,29.94],[82.85,29.68],[83.16,29.61],[83.58,29.18],[83.94,29.28],[84.1,29.22],[84.23,28.91],[84.71,28.6],[84.86,28.55],[85.21,28.29],[85.68,28.28],[85.84,28.14],[86.41,27.93],[86.55,28.09],[87.02,27.93],[87.14,27.84],[87.68,27.82],[87.86,27.89],[88.11,27.87]]]},"properties":{"iso_a3":"NPL"}},{"type":"Feature","geometry":{"type":"Polygon","coordinates":[[[166.96,-0.52],[166.92,-0.55],[166.91,-0.5],[166.94,-0.49],[166.96,-0.52]]]},"properties":{"iso_a3":"NRU"}},{"type":"Feature","geometry":{"type":"MultiPolygon","coordinates":[[[[173.12,-41.28],[173.23,-41.28],[173.78,-40.97],[174.24,-41.31],[174.09,-41.51],[174.28,-41.74],[173.89,-42.13],[173.84,-42.27],[173.59,-42.47],[173.22,-42.98],[172.72,-43.26],[172.69,-43.44],[172.81,-43.62],[173.1,-43.7],[172.92,-43.89],[172.48,-43.73],[172.39,-43.83],[171.44,-44.14],[171.31,-44.3],[171.11,-45.04],[170.94,-45.22],[170.7,-45.68],[170.78,-45.87],[170.42,-45.94],[169.69,-46.55],[169.1,-46.63],[168.77,-46.57],[168.38,-46.61],[168.19,-46.36],[167.84,-46.37],[167.68,-46.19],[167.1,-46.25],[166.73,-46.2],[166.73,-45.96],[166.84,-45.77],[166.78,-45.41],[167.05,-45.38],[167.03,-45.12],[167.19,-44.96],[167.58,-44.74],[168.37,-44.08],[168.77,-44],[169.32,-43.7],[169.77,-43.54],[170.3,-43.11],[170.74,-42.93],[171.03,-42.7],[171.3,-42.3],[171.49,-41.79],[171.73,-41.72],[171.95,-41.54],[172.14,-40.95],[172.27,-40.76],[172.64,-40.52],[172.77,-40.77],[172.99,-40.85],[173.12,-41.28]]],[[[168.14,-46.86],[168.26,-47.03],[167.91,-47.18],[167.63,-47.14],[167.96,-46.69],[168.14,-46.86]]],[[[173.27,-34.93],[173.84,-35.03],[174.32,-35.25],[174.54,-35.58],[174.48,-35.88],[174.8,-36.31],[174.82,-36.61],[174.95,-36.85],[175.3,-36.99],[175.39,-37.21],[175.57,-37.16],[175.49,-36.87],[175.88,-36.96],[175.99,-37.44],[176.24,-37.66],[176.77,-37.89],[177.16,-37.99],[177.56,-37.9],[177.73,-37.71],[178.01,-37.55],[178.27,-37.57],[178.54,-37.69],[178.39,-37.96],[178.27,-38.55],[177.98,-38.72],[177.91,-39.02],[177.52,-39.07],[177.13,-39.19],[176.95,-39.37],[176.94,-39.56],[177.11,-39.67],[176.84,-40.16],[176.31,-40.77],[176.06,-41.13],[175.84,-41.32],[175.38,-41.58],[175.17,-41.42],[174.88,-41.42],[174.68,-41.22],[175.02,-40.85],[175.16,-40.62],[175.25,-40.29],[175.01,-39.95],[174.57,-39.81],[174.35,-39.64],[173.93,-39.51],[173.76,-39.32],[173.84,-39.14],[174.46,-38.93],[174.6,-38.79],[174.65,-38.43],[174.93,-37.8],[174.73,-37.45],[174.78,-36.94],[174.48,-36.94],[174.41,-36.77],[174.45,-36.45],[174.25,-36.25],[173.95,-36.18],[173.12,-35.21],[173.19,-35.02],[172.71,-34.46],[172.87,-34.43],[173.27,-34.93]]]]},"properties":{"iso_a3":"NZL"}},{"type":"Feature","geometry":{"type":"MultiPolygon","coordinates":[[[[53.09,16.65],[52.8,17.27],[52.73,17.3],[51.98,19],[52.81,19.27],[54.01,19.67],[54.98,20],[55.28,20.9],[55.64,22],[55.19,22.7],[55.2,23.03],[55.51,23.72],[55.55,23.99],[55.99,24.06],[55.77,24.49],[55.82,24.91],[56.06,24.74],[56.39,24.98],[56.64,24.47],[56.91,24.15],[57.22,23.92],[57.61,23.8],[58.12,23.72],[58.32,23.62],[58.58,23.64],[58.77,23.52],[59.03,23.13],[59.31,22.79],[59.54,22.58],[59.82,22.51],[59.8,22.22],[59.37,21.5],[59.07,21.29],[58.69,20.81],[58.47,20.41],[58.21,20.42],[58.1,20.57],[57.86,20.24],[57.71,19.68],[57.81,19.02],[57.68,18.96],[57.18,18.9],[56.96,18.83],[56.66,18.59],[56.55,18.17],[56.27,17.95],[55.61,17.89],[55.48,17.84],[55.26,17.59],[55.3,17.38],[55.06,17.04],[54.77,16.96],[54.57,17.03],[54.07,17.01],[53.61,16.76],[53.09,16.65]]],[[[56.3,25.65],[56.14,25.69],[56.08,26.06],[56.16,26.21],[56.42,26.11],[56.3,25.65]]]]},"properties":{"iso_a3":"OMN"}},{"type":"Feature","geometry":{"type":"Polygon","coordinates":[[[76.77,35.66],[77.05,35.11],[77,34.99],[76.59,34.74],[76.04,34.67],[75.71,34.5],[75.19,34.64],[74.95,34.65],[74.3,34.77],[73.96,34.65],[73.79,34.38],[73.98,34.19],[74,33.63],[74.15,33.51],[73.99,33.24],[74.32,32.93],[74.35,32.77],[74.66,32.76],[74.66,32.52],[74.99,32.46],[75.33,32.28],[75.25,32.14],[74.74,31.95],[74.51,31.71],[74.59,31.47],[74.54,31.13],[74.63,31.03],[74.22,30.77],[73.9,30.44],[73.93,30.22],[73.81,30.09],[73.38,29.93],[73.13,29.36],[72.9,29.03],[72.34,28.75],[72.18,28.42],[71.95,28.18],[71.87,27.96],[71.29,27.86],[70.87,27.71],[70.69,27.77],[70.63,27.94],[70.4,28.03],[70.14,27.85],[69.9,27.47],[69.54,27.12],[69.47,26.8],[69.74,26.63],[70.06,26.58],[70.16,26.47],[70.08,26.07],[70.1,25.91],[70.26,25.71],[70.57,25.71],[70.65,25.42],[70.8,25.21],[71.05,24.69],[71.04,24.4],[70.72,24.24],[70.55,24.42],[70.1,24.29],[70.02,24.19],[69.72,24.17],[69.56,24.27],[68.73,24.27],[68.72,23.96],[68.49,23.97],[68.17,23.86],[67.67,23.81],[67.31,24.17],[67.17,24.76],[66.7,24.86],[66.7,25.23],[66.43,25.58],[65.68,25.36],[65.41,25.37],[64.78,25.31],[64.66,25.18],[64.15,25.33],[63.72,25.39],[63.49,25.21],[62.57,25.25],[61.91,25.13],[61.59,25.2],[61.67,25.77],[61.75,25.84],[61.84,26.23],[62.24,26.36],[62.44,26.56],[62.75,26.64],[63.09,26.63],[63.25,26.88],[63.26,27.21],[62.76,27.25],[62.81,27.5],[62.74,28],[62.76,28.24],[62.56,28.24],[62.35,28.41],[61.89,28.55],[61.62,28.79],[61.34,29.26],[61.32,29.37],[60.84,29.86],[62,29.53],[62.48,29.41],[63.57,29.5],[64.1,29.39],[64.27,29.51],[64.52,29.56],[65.1,29.56],[66.18,29.84],[66.31,30.32],[66.29,30.61],[66.4,30.91],[66.6,31.02],[66.92,31.31],[67.12,31.24],[67.45,31.23],[67.6,31.45],[68.21,31.81],[68.6,31.8],[68.87,31.63],[69.28,31.94],[69.24,32.43],[69.41,32.68],[69.5,33.02],[69.92,33.11],[70.28,33.37],[70.06,33.72],[69.87,33.9],[69.99,34.05],[70.33,33.96],[70.65,33.95],[71.05,34.05],[71.1,34.37],[70.97,34.53],[71.62,35.18],[71.6,35.41],[71.43,35.83],[71.19,36.04],[71.62,36.44],[71.82,36.49],[72.16,36.7],[72.62,36.83],[73.77,36.89],[74,36.82],[74.54,37.02],[74.89,36.95],[75.05,36.99],[75.35,36.91],[75.42,36.74],[75.84,36.65],[75.97,36.38],[75.9,36.09],[76.25,35.81],[76.56,35.77],[76.77,35.66]]]},"properties":{"iso_a3":"PAK"}},{"type":"Feature","geometry":{"type":"Polygon","coordinates":[[[-77.37,8.66],[-77.48,8.5],[-77.21,8.03],[-77.35,7.71],[-77.59,7.54],[-77.74,7.54],[-77.9,7.23],[-78.17,7.54],[-78.38,7.9],[-78.42,8.06],[-78.25,8.14],[-78.26,8.45],[-78.47,8.45],[-78.51,8.63],[-79.09,9],[-79.44,9.01],[-79.69,8.85],[-79.75,8.6],[-80.2,8.31],[-80.37,8.29],[-80.46,8.08],[-80.08,7.67],[-80.01,7.5],[-80.29,7.43],[-80.44,7.27],[-80.85,7.22],[-81.04,7.71],[-81.22,7.62],[-81.5,7.72],[-81.73,8.14],[-82.68,8.32],[-82.87,8.25],[-82.88,8.07],[-83,8.37],[-82.86,8.45],[-82.92,8.74],[-82.74,8.95],[-82.94,9.06],[-82.94,9.45],[-82.8,9.59],[-82.56,9.58],[-82.37,9.43],[-82.24,9.03],[-82.08,8.93],[-81.78,8.96],[-81.35,8.78],[-80.84,8.89],[-80.55,9.08],[-80.13,9.21],[-79.58,9.6],[-79.02,9.51],[-78.93,9.43],[-78.5,9.41],[-78.08,9.24],[-77.83,9.07],[-77.7,8.89],[-77.37,8.66]]]},"properties":{"iso_a3":"PAN"}},{"type":"Feature","geometry":{"type":"Polygon","coordinates":[[[-128.29,-24.4],[-128.32,-24.4],[-128.35,-24.34],[-128.3,-24.33],[-128.29,-24.4]]]},"properties":{"iso_a3":"PCN"}},{"type":"Feature","geometry":{"type":"Polygon","coordinates":[[[-69.97,-4.24],[-70.24,-4.3],[-70.4,-4.15],[-70.8,-4.17],[-70.97,-4.35],[-71.52,-4.47],[-71.84,-4.5],[-72.35,-4.79],[-72.7,-5.07],[-72.89,-5.12],[-72.98,-5.63],[-73.24,-6.1],[-73.14,-6.34],[-73.18,-6.53],[-73.33,-6.57],[-73.69,-6.83],[-73.8,-7.08],[-73.75,-7.34],[-73.96,-7.38],[-74,-7.56],[-73.71,-7.83],[-73.55,-8.35],[-72.97,-8.99],[-72.97,-9.12],[-73.21,-9.41],[-72.81,-9.41],[-72.38,-9.51],[-72.14,-10.01],[-71.61,-10.01],[-71.24,-9.97],[-70.61,-9.46],[-70.57,-9.7],[-70.64,-9.82],[-70.64,-11.01],[-70.22,-11.05],[-69.96,-10.93],[-69.58,-10.95],[-68.69,-12.5],[-68.76,-12.69],[-68.98,-12.88],[-68.98,-13.5],[-69.07,-13.68],[-68.88,-14.2],[-69.23,-14.6],[-69.37,-14.96],[-69.17,-15.24],[-69.42,-15.6],[-69.22,-16.15],[-68.91,-16.26],[-69.01,-16.43],[-69.02,-16.64],[-69.2,-16.77],[-69.44,-17.09],[-69.62,-17.2],[-69.51,-17.51],[-69.85,-17.7],[-69.8,-17.9],[-69.93,-18.21],[-70.18,-18.33],[-70.42,-18.35],[-71.34,-17.68],[-71.4,-17.42],[-71.53,-17.29],[-71.87,-17.15],[-72.47,-16.71],[-72.79,-16.61],[-73.4,-16.3],[-73.73,-16.2],[-74.15,-15.91],[-75.1,-15.41],[-75.53,-14.9],[-75.93,-14.63],[-76.29,-14.13],[-76.3,-13.95],[-76.18,-13.52],[-76.22,-13.37],[-76.43,-13.11],[-76.83,-12.35],[-77.15,-12.06],[-77.22,-11.66],[-77.31,-11.53],[-77.63,-11.29],[-77.74,-10.84],[-78.19,-10.09],[-78.45,-9.37],[-78.58,-9.16],[-78.76,-8.62],[-79.01,-8.21],[-79.38,-7.84],[-79.76,-7.07],[-80.11,-6.65],[-80.81,-6.28],[-81.14,-6.06],[-81.18,-5.94],[-80.88,-5.76],[-80.94,-5.48],[-81.17,-5.17],[-81.11,-5.03],[-81.34,-4.67],[-81.23,-4.23],[-80.89,-3.88],[-80.8,-3.73],[-80.32,-3.39],[-80.22,-3.61],[-80.18,-3.88],[-80.3,-4.01],[-80.51,-4.07],[-80.38,-4.46],[-80.2,-4.31],[-79.8,-4.48],[-79.52,-4.54],[-79.46,-4.77],[-79.33,-4.93],[-79.08,-4.99],[-78.92,-4.86],[-78.91,-4.71],[-78.69,-4.56],[-78.69,-4.38],[-78.55,-3.99],[-78.42,-3.78],[-78.35,-3.43],[-78.13,-3.28],[-77.86,-2.98],[-76.68,-2.56],[-76.09,-2.13],[-75.57,-1.53],[-75.41,-0.92],[-75.25,-0.95],[-75.26,-0.56],[-75.42,-0.41],[-75.48,-0.16],[-75.28,-0.11],[-75.14,-0.05],[-74.95,-0.19],[-74.8,-0.2],[-74.42,-0.58],[-74.25,-0.97],[-74.05,-1.03],[-73.86,-1.2],[-73.66,-1.25],[-73.49,-1.54],[-73.44,-1.74],[-73.22,-1.79],[-73.13,-2.08],[-73.15,-2.28],[-72.89,-2.41],[-72.63,-2.35],[-72.4,-2.43],[-71.98,-2.33],[-71.75,-2.15],[-71.4,-2.33],[-70.91,-2.22],[-70.1,-2.66],[-70.07,-2.75],[-70.74,-3.78],[-70.53,-3.87],[-70.34,-3.81],[-69.97,-4.24]]]},"properties":{"iso_a3":"PER"}},{"type":"Feature","geometry":{"type":"MultiPolygon","coordinates":[[[[121.1,18.62],[121.59,18.38],[121.95,18.29],[122.15,18.49],[122.32,18.32],[122.18,18.06],[122.15,17.66],[122.24,17.43],[122.52,17.12],[122.43,16.82],[122.14,16.18],[121.79,16.08],[121.6,15.93],[121.61,15.67],[121.39,15.32],[121.7,14.74],[121.65,14.48],[121.8,14.11],[122.14,13.93],[122.2,14.15],[122.49,14.32],[122.86,14.25],[123.23,13.75],[123.43,13.97],[123.61,13.7],[123.61,13.53],[123.82,13.27],[123.87,13.12],[124.07,13.03],[124.14,12.79],[124.06,12.57],[123.88,12.69],[123.92,12.94],[123.63,12.91],[123.31,13.04],[123.3,13.22],[123.16,13.44],[122.86,13.62],[122.6,13.91],[122.51,13.66],[122.38,13.52],[122.07,13.79],[121.78,13.94],[121.64,13.92],[121.34,13.65],[121.2,13.64],[120.62,14],[120.62,14.19],[120.92,14.49],[120.89,14.72],[120.55,14.77],[120.59,14.48],[120.44,14.45],[120.25,14.79],[120.08,14.85],[119.93,15.43],[119.89,15.84],[119.76,16.05],[119.77,16.26],[119.99,16.22],[120.12,16.07],[120.34,16.07],[120.39,16.22],[120.3,16.65],[120.41,16.96],[120.43,17.38],[120.36,17.64],[120.6,18.51],[120.81,18.6],[121.1,18.62]]],[[[117.31,8.44],[117.35,8.71],[117.88,9.24],[118.11,9.35],[118.53,9.79],[119.02,10.35],[119.29,10.57],[119.26,10.85],[119.53,10.95],[119.69,10.5],[119.37,10.33],[119.19,10.06],[118.83,9.95],[118.57,9.42],[118.35,9.2],[118.13,9.1],[117.99,8.88],[117.57,8.64],[117.31,8.44]]],[[[122.5,11.62],[122.93,11.53],[123.16,11.54],[123.12,11.29],[123.02,11.12],[122.8,10.99],[122.77,10.82],[122.52,10.69],[122.2,10.62],[121.98,10.64],[121.96,10.87],[122.05,11.1],[122.1,11.64],[122.29,11.77],[122.5,11.62]]],[[[123.13,9.06],[122.99,9.06],[122.87,9.32],[122.56,9.48],[122.41,9.69],[122.47,9.96],[122.71,9.99],[122.86,10.09],[122.82,10.5],[122.96,10.7],[122.98,10.89],[123.22,10.99],[123.51,10.92],[123.57,10.78],[123.34,10.33],[123.3,10.12],[123.16,9.86],[123.15,9.61],[123.31,9.36],[123.13,9.06]]],[[[124.57,11.34],[124.93,11.37],[125.03,11.21],[125.01,10.79],[125.19,10.58],[125.26,10.35],[125,10.2],[124.78,10.17],[124.74,10.44],[124.8,10.68],[124.66,10.96],[124.45,10.92],[124.57,11.34]]],[[[125.24,12.53],[125.32,12.32],[125.48,12.25],[125.49,11.59],[125.63,11.13],[125.23,11.15],[125.03,11.34],[124.88,11.78],[124.68,12.02],[124.38,12.24],[124.29,12.57],[125.24,12.53]]],[[[120.7,13.48],[120.92,13.5],[121.2,13.43],[121.52,13.13],[121.47,12.93],[121.54,12.64],[121.39,12.3],[121.24,12.22],[120.92,12.51],[120.65,13.17],[120.51,13.26],[120.4,13.52],[120.7,13.48]]],[[[126.01,9.32],[126.19,9.28],[126.19,9.12],[126.32,8.84],[126.14,8.63],[126.37,8.48],[126.46,8.2],[126.44,7.83],[126.57,7.68],[126.59,7.33],[126.44,7.01],[126.08,6.73],[125.82,7.33],[125.4,6.8],[125.38,6.69],[125.59,6.47],[125.67,6.23],[125.67,5.98],[125.46,5.66],[125.29,5.63],[125.04,5.87],[124.64,6],[124.21,6.23],[124.08,6.4],[123.99,6.99],[124.16,7.22],[124.21,7.4],[123.97,7.66],[123.67,7.82],[123.49,7.81],[123.39,7.41],[123.18,7.53],[122.84,7.53],[122.79,7.72],[122.62,7.76],[122.47,7.64],[122.18,7],[121.96,6.97],[121.92,7.2],[122.05,7.36],[122.13,7.81],[122.39,8.05],[122.8,8.13],[123,8.22],[123.02,8.4],[123.34,8.57],[123.43,8.7],[123.68,8.62],[123.85,8.43],[123.93,8.13],[124.16,8.2],[124.33,8.51],[124.45,8.61],[124.73,8.56],[124.79,8.87],[124.87,8.97],[125.14,8.87],[125.21,9.03],[125.5,9.01],[125.53,9.14],[125.41,9.67],[125.52,9.76],[125.88,9.51],[126.01,9.32]]],[[[123.37,9.45],[123.32,9.49],[123.39,9.97],[123.71,10.47],[123.93,10.96],[124.05,10.59],[123.95,10.32],[123.64,10.02],[123.49,9.59],[123.37,9.45]]],[[[124.59,9.79],[124.36,9.63],[123.94,9.62],[123.82,9.82],[124.17,10.14],[124.34,10.16],[124.58,10.03],[124.59,9.79]]],[[[122.09,6.43],[121.96,6.42],[121.81,6.61],[122.06,6.74],[122.29,6.64],[122.09,6.43]]],[[[121.91,13.54],[122.12,13.37],[122,13.2],[121.83,13.33],[121.91,13.54]]],[[[123.72,12.29],[123.91,12.17],[124.04,11.97],[123.98,11.82],[123.42,12.19],[123.27,12.4],[123.46,12.5],[123.72,12.29]]],[[[124.35,13.63],[124.18,13.53],[124.04,13.66],[124.12,13.98],[124.22,14.08],[124.42,13.87],[124.35,13.63]]]]},"properties":{"iso_a3":"PHL"}},{"type":"Feature","geometry":{"type":"Polygon","coordinates":[[[134.6,7.38],[134.53,7.36],[134.52,7.53],[134.56,7.59],[134.66,7.66],[134.6,7.38]]]},"properties":{"iso_a3":"PLW"}},{"type":"Feature","geometry":{"type":"MultiPolygon","coordinates":[[[[152.97,-4.76],[152.89,-4.83],[152.68,-4.5],[152.7,-4.28],[152.6,-3.99],[153.02,-4.11],[153.13,-4.35],[152.97,-4.76]]],[[[151.92,-4.3],[152.12,-4.21],[152.41,-4.34],[152.4,-4.73],[152.26,-4.95],[152.01,-5],[151.99,-5.15],[152.14,-5.36],[151.87,-5.56],[151.52,-5.55],[151.46,-5.7],[151.23,-5.92],[150.81,-6.07],[150.43,-6.28],[149.65,-6.29],[149.48,-6.12],[149.1,-6.12],[148.81,-5.92],[148.4,-5.77],[148.34,-5.54],[149,-5.48],[149.25,-5.57],[149.83,-5.52],[150.07,-5.31],[150.18,-5.52],[150.52,-5.46],[150.63,-5.52],[150.95,-5.42],[151.14,-5.11],[151.33,-4.96],[151.67,-4.88],[151.66,-4.64],[151.54,-4.3],[151.59,-4.2],[151.92,-4.3]]],[[[140.98,-9.12],[140.98,-7.89],[140.98,-6.91],[140.86,-6.74],[140.98,-6.35],[140.97,-4.84],[140.97,-3.41],[140.97,-2.61],[141.19,-2.63],[142.21,-3.08],[142.91,-3.32],[143.51,-3.43],[144.07,-3.81],[144.37,-3.8],[144.52,-3.86],[145.09,-4.35],[145.33,-4.39],[145.77,-4.82],[145.79,-5.18],[145.75,-5.4],[145.85,-5.47],[146.4,-5.62],[147.03,-5.92],[147.38,-5.95],[147.52,-6.02],[147.8,-6.32],[147.85,-6.66],[147.71,-6.72],[147.12,-6.72],[146.96,-6.93],[147.19,-7.38],[147.72,-7.88],[148.13,-8.1],[148.25,-8.55],[148.45,-8.69],[148.58,-9.05],[148.79,-9.09],[149.14,-9.01],[149.25,-9.07],[149.2,-9.41],[149.76,-9.81],[149.87,-10.01],[150.36,-10.19],[150.67,-10.26],[150.62,-10.56],[150.32,-10.65],[150.02,-10.58],[149.75,-10.35],[148.94,-10.26],[148.71,-10.17],[148.38,-10.19],[147.77,-10.07],[147.55,-9.91],[147.41,-9.67],[147.06,-9.43],[146.91,-9.09],[146.7,-9.03],[146.25,-8.34],[146.03,-8.08],[145.73,-7.95],[145.47,-7.93],[144.92,-7.78],[144.86,-7.63],[144.51,-7.57],[144.23,-7.76],[143.97,-7.71],[143.94,-7.94],[143.61,-8.2],[143.09,-8.31],[143.11,-8.47],[143.38,-8.76],[143.37,-8.96],[142.65,-9.33],[142.23,-9.17],[141.62,-9.21],[141.41,-9.15],[141.13,-9.22],[140.98,-9.12]]],[[[148.03,-5.83],[147.78,-5.63],[147.85,-5.49],[148.08,-5.65],[148.03,-5.83]]],[[[147.07,-1.96],[146.93,-2.19],[146.61,-2.1],[146.66,-1.97],[147.07,-1.96]]],[[[150.44,-2.66],[150.17,-2.66],[150.04,-2.51],[150.23,-2.38],[150.43,-2.47],[150.44,-2.66]]],[[[150.53,-9.35],[150.88,-9.51],[150.89,-9.67],[150.58,-9.63],[150.53,-9.35]]],[[[155.96,-6.69],[155.72,-6.86],[155.34,-6.72],[155.21,-6.53],[155.2,-6.31],[155.01,-6.21],[154.78,-5.97],[154.71,-5.75],[154.77,-5.45],[155.09,-5.62],[155.23,-5.87],[155.47,-6.15],[155.82,-6.38],[155.96,-6.69]]]]},"properties":{"iso_a3":"PNG"}},{"type":"Feature","geometry":{"type":"Polygon","coordinates":[[[23.61,51.52],[23.66,51.31],[24.1,50.87],[24.09,50.53],[23.71,50.38],[22.95,49.83],[22.65,49.54],[22.71,49.17],[22.54,49.07],[22.02,49.21],[21.64,49.41],[21.08,49.42],[20.87,49.31],[20.62,49.39],[20.16,49.32],[19.77,49.37],[19.48,49.58],[18.97,49.4],[18.83,49.51],[18.56,49.88],[17.98,50],[17.15,50.38],[16.68,50.1],[16.23,50.39],[16.01,50.61],[15.73,50.74],[15.35,50.81],[15.26,50.96],[14.81,50.86],[15.02,51.25],[14.6,51.83],[14.75,52.08],[14.55,52.36],[14.62,52.53],[14.13,52.88],[14.37,53.11],[14.41,53.28],[14.26,53.73],[14.21,53.87],[14.21,53.95],[14.38,53.92],[15.29,54.14],[16.19,54.29],[16.56,54.55],[17.26,54.73],[17.84,54.82],[18.32,54.84],[18.67,54.43],[18.98,54.35],[19.6,54.46],[19.92,54.43],[22.17,54.36],[22.77,54.36],[23.37,54.2],[23.48,53.94],[23.6,53.6],[23.89,53.03],[23.84,52.66],[23.41,52.52],[23.2,52.26],[23.65,52.04],[23.54,51.71],[23.61,51.52]]]},"properties":{"iso_a3":"POL"}},{"type":"Feature","geometry":{"type":"Polygon","coordinates":[[[-66.13,18.44],[-65.63,18.38],[-65.62,18.24],[-65.97,17.97],[-66.41,17.95],[-67.2,17.99],[-67.17,18.22],[-67.26,18.36],[-67.06,18.52],[-66.19,18.48],[-66.13,18.44]]]},"properties":{"iso_a3":"PRI"}},{"type":"Feature","geometry":{"type":"Polygon","coordinates":[[[128.37,38.62],[128.17,38.36],[128.04,38.31],[127.17,38.3],[127.01,38.24],[126.67,37.92],[126.63,37.78],[126.37,37.88],[125.94,37.87],[125.77,37.99],[125.45,37.73],[124.99,37.93],[124.88,38.34],[125.07,38.56],[125.31,38.67],[125.16,38.87],[125.41,39.29],[125.36,39.53],[124.87,39.7],[124.64,39.62],[124.36,40],[124.39,40.1],[124.89,40.46],[125.42,40.66],[125.73,40.87],[125.99,40.9],[126.49,41.36],[126.6,41.64],[126.9,41.78],[127.14,41.55],[127.69,41.44],[128.2,41.43],[128.29,41.56],[128.03,41.9],[128.05,41.99],[128.92,42.04],[129.2,42.22],[129.37,42.44],[129.7,42.45],[129.86,42.97],[130.12,42.96],[130.25,42.74],[130.53,42.54],[130.69,42.3],[130.46,42.3],[130.07,42.05],[129.76,41.71],[129.68,41.49],[129.77,41.3],[129.71,40.86],[129.34,40.73],[129.11,40.49],[128.7,40.32],[128.51,40.13],[127.97,40],[127.57,39.78],[127.55,39.46],[127.39,39.21],[127.79,39.08],[128.37,38.62]]]},"properties":{"iso_a3":"PRK"}},{"type":"Feature","geometry":{"type":"Polygon","coordinates":[[[-8.78,41.94],[-8.54,42.07],[-8.21,42.13],[-8.09,41.81],[-7.69,41.89],[-7.4,41.83],[-7.15,41.98],[-6.62,41.94],[-6.56,41.7],[-6.21,41.53],[-6.93,41.01],[-6.82,40.65],[-6.81,40.34],[-7.01,40.21],[-6.91,39.94],[-7.04,39.71],[-7.45,39.68],[-7.45,39.54],[-7.05,38.91],[-7.28,38.71],[-7.34,38.46],[-7.02,38.04],[-7.19,38.01],[-7.5,37.59],[-7.41,37.18],[-7.83,37.01],[-8.6,37.12],[-9,37.03],[-8.81,37.43],[-8.79,37.73],[-8.88,37.96],[-8.8,38.18],[-8.91,38.51],[-9.19,38.44],[-9.25,38.66],[-9.48,38.8],[-9.37,39.34],[-9.15,39.54],[-8.84,40.12],[-8.89,40.18],[-8.68,40.75],[-8.67,41.15],[-8.81,41.65],[-8.78,41.94]]]},"properties":{"iso_a3":"PRT"}},{"type":"Feature","geometry":{"type":"Polygon","coordinates":[[[-58.16,-20.16],[-58,-20.47],[-57.83,-21],[-57.95,-21.49],[-57.93,-21.91],[-57.82,-22.14],[-57.24,-22.2],[-56.94,-22.27],[-56.63,-22.23],[-56.52,-22.1],[-56.19,-22.28],[-55.85,-22.31],[-55.62,-22.67],[-55.65,-22.81],[-55.56,-23.15],[-55.52,-23.63],[-55.42,-23.95],[-55.19,-24.02],[-54.63,-23.81],[-54.24,-24.05],[-54.47,-25.22],[-54.62,-25.58],[-54.68,-26.31],[-54.83,-26.65],[-55.14,-26.93],[-55.35,-26.97],[-55.6,-27.21],[-55.63,-27.36],[-56.16,-27.32],[-56.44,-27.55],[-56.6,-27.47],[-57.11,-27.47],[-57.81,-27.32],[-58.17,-27.27],[-58.6,-27.31],[-58.62,-27.13],[-58.32,-26.86],[-58.19,-26.63],[-58.18,-26.31],[-57.89,-26.01],[-57.73,-25.67],[-57.56,-25.47],[-57.82,-25.14],[-58.52,-24.84],[-58.72,-24.79],[-59.19,-24.56],[-59.89,-24.09],[-60.11,-24.01],[-60.51,-23.96],[-61.03,-23.76],[-61.21,-23.56],[-61.51,-23.39],[-61.93,-23.06],[-62.21,-22.61],[-62.65,-22.23],[-62.28,-21.07],[-62.28,-20.56],[-61.92,-20.06],[-61.76,-19.65],[-60.01,-19.3],[-59.09,-19.29],[-58.18,-19.82],[-58.16,-20.16]]]},"properties":{"iso_a3":"PRY"}},{"type":"Feature","geometry":{"type":"MultiPolygon","coordinates":[[[[34.48,31.58],[34.25,31.21],[34.2,31.32],[34.48,31.58]]],[[[35.55,32.4],[35.56,31.77],[35.45,31.48],[35.1,31.37],[34.95,31.6],[35.2,31.75],[34.99,31.91],[34.96,32.16],[35.07,32.46],[35.36,32.51],[35.55,32.4]]]]},"properties":{"iso_a3":"PSE"}},{"type":"Feature","geometry":{"type":"Polygon","coordinates":[[[-149.32,-17.69],[-149.58,-17.73],[-149.61,-17.53],[-149.38,-17.52],[-149.32,-17.69]]]},"properties":{"iso_a3":"PYF"}},{"type":"Feature","geometry":{"type":"Polygon","coordinates":[[[51.27,24.61],[50.97,24.57],[50.8,24.79],[50.85,24.89],[50.75,25.4],[51,25.98],[51.26,26.15],[51.54,25.9],[51.49,25.52],[51.6,25.15],[51.59,24.96],[51.43,24.67],[51.27,24.61]]]},"properties":{"iso_a3":"QAT"}},{"type":"Feature","geometry":{"type":"Polygon","coordinates":[[[55.8,-21.34],[55.56,-21.36],[55.36,-21.27],[55.23,-21.06],[55.31,-20.9],[55.66,-20.91],[55.84,-21.14],[55.8,-21.34]]]},"properties":{"iso_a3":"REU"}},{"type":"Feature","geometry":{"type":"Polygon","coordinates":[[[28.21,45.45],[28.45,45.29],[28.76,45.23],[29.4,45.42],[29.71,45.26],[29.56,44.84],[29.08,44.8],[28.85,44.72],[28.85,44.51],[28.65,44.3],[28.66,43.98],[28.59,43.74],[28.05,43.82],[27.88,43.99],[27.43,44.02],[27.09,44.17],[26.22,44.01],[25.82,43.77],[25.5,43.67],[24.43,43.79],[24.23,43.76],[23.22,43.87],[23.03,44.08],[22.71,44.24],[22.49,44.44],[22.35,44.68],[22.09,44.54],[21.36,44.83],[21.47,45.17],[21.02,45.32],[20.77,45.48],[20.78,45.75],[20.36,45.98],[20.24,46.11],[20.76,46.25],[21.15,46.3],[21.32,46.61],[22,47.4],[22,47.51],[22.29,47.73],[22.68,47.8],[22.88,47.95],[23.14,48.09],[24.18,47.91],[24.58,47.93],[24.89,47.72],[25.46,47.91],[26.16,47.99],[26.31,48.2],[26.62,48.26],[26.98,48.16],[27.34,47.64],[27.85,47.11],[28.07,46.98],[28.24,46.64],[28.24,46.45],[28.1,45.97],[28.21,45.45]]]},"properties":{"iso_a3":"ROU"}},{"type":"Feature","geometry":{"type":"MultiPolygon","coordinates":[[[[-179.8,68.94],[-178.87,68.75],[-178.69,68.55],[-178.25,68.54],[-177.17,68.17],[-175.35,67.68],[-174.77,66.78],[-174.5,66.54],[-174.06,66.69],[-174.15,66.98],[-173.68,67.14],[-173.23,66.97],[-171.8,66.93],[-171.36,66.68],[-170.19,66.2],[-170.54,65.87],[-170.56,65.66],[-171,65.66],[-171.22,65.5],[-171.91,65.5],[-172.21,65.43],[-172.21,65.05],[-172.79,64.88],[-172.85,64.61],[-172.44,64.52],[-173.01,64.3],[-173.73,64.36],[-174.32,64.64],[-175.04,64.81],[-175.4,64.8],[-175.85,65.01],[-175.92,65.35],[-176.09,65.47],[-176.92,65.6],[-177.49,65.5],[-178.31,65.48],[-178.5,65.74],[-178.79,65.86],[-178.69,66.12],[-179.33,66.16],[-179.74,66.11],[-179.73,65.8],[-179.35,65.52],[-179.7,65.19],[-180,65.07],[-180,65.31],[-180,65.56],[-180,65.8],[-180,66.05],[-180,66.29],[-180,66.54],[-180,66.78],[-180,67.03],[-180,67.27],[-180,67.51],[-180,67.76],[-180,68],[-180,68.25],[-180,68.49],[-180,68.74],[-180,68.98],[-179.8,68.94]]],[[[130.69,42.3],[130.53,42.54],[130.49,42.78],[131.07,42.9],[131.26,43.38],[131.18,43.51],[131.26,44.07],[131.09,44.6],[130.97,44.8],[131.08,44.91],[131.45,44.98],[131.65,45.21],[131.98,45.24],[132.94,45.03],[133.11,45.13],[133.19,45.49],[133.44,45.6],[133.51,45.88],[133.86,46.25],[133.87,46.5],[134.2,47.13],[134.17,47.3],[134.6,47.52],[134.75,47.72],[134.57,48.02],[134.67,48.25],[134.46,48.36],[133.84,48.27],[133.47,48.1],[133.14,48.11],[132.38,47.73],[131.79,47.68],[131.32,47.73],[131,47.69],[130.73,48.02],[130.75,48.43],[130.55,48.6],[130.55,48.86],[130.2,48.89],[129.5,49.39],[129.12,49.36],[128.7,49.6],[128.24,49.56],[127.81,49.62],[127.5,49.87],[127.59,50.21],[127.34,50.35],[127.31,50.71],[126.92,51.1],[126.81,51.51],[126.51,51.93],[126.38,52.29],[126.05,52.74],[125.73,52.89],[125.6,53.06],[124.97,53.2],[124.81,53.13],[123.61,53.55],[123.31,53.56],[122.74,53.47],[122.34,53.49],[121.41,53.32],[120.99,53.28],[120.7,53.17],[120.04,52.72],[120.66,52.57],[120.75,52.1],[120.68,51.97],[120.07,51.6],[119.57,50.95],[119.19,50.38],[119.33,50.15],[119.15,50.01],[118.76,49.96],[118.45,49.84],[117.87,49.51],[117.25,49.62],[116.68,49.82],[116.55,49.92],[116.13,50.01],[115.72,49.88],[115.27,49.95],[115,50.14],[114.67,50.25],[114.3,50.27],[113.57,50.01],[113.16,49.8],[113.06,49.62],[112.81,49.52],[112.49,49.53],[112.08,49.42],[111.34,49.36],[110.83,49.17],[110.43,49.22],[110.2,49.17],[109.24,49.33],[108.52,49.34],[108.03,49.59],[107.92,49.95],[107.23,49.99],[106.94,50.2],[106.57,50.33],[106.22,50.3],[105.88,50.41],[105.38,50.47],[104.47,50.31],[104.08,50.15],[103.63,50.14],[102.68,50.39],[102.29,50.59],[102.32,50.72],[102.11,51.35],[101.57,51.47],[101.38,51.45],[100.47,51.73],[99.92,51.76],[98.89,52.12],[98.64,51.8],[98.35,51.72],[98.22,51.51],[97.95,51.35],[97.83,50.99],[98.03,50.64],[98.28,50.53],[98.25,50.3],[98.1,50.08],[97.59,49.91],[97.36,49.74],[96.99,49.88],[96.32,49.9],[95.85,50.01],[95.57,49.94],[95.11,49.94],[94.93,50.04],[94.61,50.02],[94.35,50.22],[94.25,50.56],[93.27,50.62],[92.94,50.78],[92.68,50.68],[92.35,50.86],[92.19,50.7],[91.71,50.67],[91.34,50.47],[91.02,50.42],[90.66,50.22],[90,50.07],[89.64,49.9],[89.65,49.72],[89.18,49.53],[88.83,49.45],[88.19,49.45],[88.12,49.26],[87.81,49.16],[87.32,49.09],[86.95,49.32],[86.61,49.61],[86.18,49.5],[85.5,49.61],[85.29,49.6],[85,49.89],[84.99,50.06],[84.32,50.24],[84.18,50.52],[83.95,50.77],[83.36,50.99],[82.76,50.89],[82.49,50.73],[81.93,50.77],[81.47,50.74],[81.39,50.96],[80.88,51.28],[80.65,51.28],[80.42,51.14],[80.45,51],[79.99,50.77],[79.47,51.49],[78.48,52.64],[77.86,53.27],[77.7,53.38],[76.58,53.94],[76.79,54.32],[76.27,54.31],[74.99,53.82],[74.83,53.83],[74.21,53.58],[73.86,53.62],[73.47,53.47],[73.29,53.6],[73.4,53.81],[72.91,54.11],[72.39,54.12],[72.27,54.27],[71.34,54.16],[71.09,54.21],[71.19,54.6],[70.91,55.13],[70.74,55.31],[70.18,55.16],[69.49,55.36],[68.98,55.39],[68.52,55.2],[68.21,55.16],[68.21,55],[67.69,54.87],[66.22,54.67],[65.48,54.62],[64.93,54.4],[64.46,54.38],[62.5,54.01],[61.93,53.95],[61.33,54.05],[61.14,53.96],[61.11,53.75],[61.25,53.55],[61.2,53.29],[61.66,53.23],[62.01,53.11],[61.89,52.96],[61.05,52.97],[60.8,52.74],[60.94,52.28],[60.07,51.98],[60.46,51.65],[61.36,51.44],[61.55,51.32],[61.39,50.86],[61.23,50.77],[60.64,50.66],[59.96,50.8],[59.81,50.58],[58.88,50.69],[58.36,51.06],[57.83,51.09],[57.44,50.89],[57.01,51.07],[56.49,51.02],[55.8,50.6],[55.54,50.6],[54.73,51],[54.42,50.78],[54.04,51.12],[53.69,51.25],[53.34,51.48],[52.5,51.51],[52.33,51.68],[52.01,51.67],[51.61,51.48],[51.4,51.47],[51.16,51.65],[50.76,51.68],[50.25,51.29],[49.82,51.13],[49.5,51.08],[49.32,50.85],[48.81,50.6],[48.7,50.35],[48.84,50.01],[48.43,49.83],[48.22,49.93],[47.85,50.28],[47.6,50.41],[47.29,50.22],[47.3,50.06],[46.99,49.85],[46.8,49.37],[47.02,49.2],[46.96,49.04],[46.7,48.81],[46.66,48.41],[47,48.28],[47.09,47.95],[47.29,47.74],[47.48,47.8],[48.11,47.75],[48.55,47.32],[48.96,46.77],[48.61,46.57],[49.23,46.34],[49.08,46.19],[48.81,46.1],[48.26,45.78],[47.63,45.58],[47.41,45.42],[47.22,45.02],[46.76,44.66],[46.75,44.42],[46.92,44.39],[47.31,44.1],[47.51,43.51],[47.46,43.04],[47.71,42.81],[47.82,42.61],[48.23,42.18],[48.38,41.95],[48.57,41.84],[48.39,41.6],[48.06,41.46],[47.86,41.21],[47.52,41.23],[47.26,41.32],[47.21,41.46],[46.75,41.81],[46.43,41.89],[45.95,42.04],[45.63,42.23],[45.73,42.48],[45.34,42.53],[45.21,42.65],[44.85,42.75],[44.51,42.75],[43.96,42.57],[43.78,42.75],[43.09,42.99],[42.76,43.17],[42.28,43.23],[42.05,43.19],[41.58,43.22],[40.65,43.53],[40.15,43.57],[39.98,43.42],[39.33,43.9],[38.72,44.29],[38.18,44.42],[37.85,44.7],[37.57,44.67],[37.2,44.97],[36.94,45.07],[36.87,45.25],[37.65,45.38],[37.61,45.56],[37.93,46],[38.32,46.24],[38.08,46.39],[37.97,46.62],[38.44,46.81],[39.13,47.02],[39.2,47.27],[38.67,47.14],[38.21,47.09],[38.29,47.56],[38.72,47.71],[38.9,47.86],[39.74,47.84],[39.96,48.24],[39.84,48.54],[39.64,48.59],[39.89,49.06],[40.11,49.25],[40.08,49.58],[39.78,49.57],[39.17,49.86],[38.92,49.82],[38.65,49.95],[37.95,49.96],[37.7,50.11],[37.42,50.41],[36.76,50.29],[36.24,50.31],[35.89,50.44],[35.67,50.35],[35.41,50.54],[35.44,50.73],[35.06,51.2],[34.71,51.17],[34.28,51.31],[34.12,51.68],[34.4,51.78],[34.11,51.98],[34.02,52.16],[33.74,52.34],[33.15,52.34],[32.81,52.25],[32.51,52.31],[32.12,52.05],[31.76,52.1],[31.58,52.31],[31.54,52.8],[31.26,53.02],[31.42,53.2],[32.14,53.09],[32.7,53.34],[32.2,53.78],[31.75,53.81],[31.79,54.06],[31.4,54.2],[31.07,54.49],[31.12,54.65],[30.8,54.78],[30.98,55.05],[30.81,55.28],[30.91,55.57],[30.46,55.79],[29.94,55.85],[29.48,55.68],[29.38,55.94],[29.09,56.02],[28.15,56.14],[28.1,56.55],[27.81,56.87],[27.8,57.32],[27.35,57.53],[27.67,57.93],[27.49,58.27],[27.43,58.73],[27.76,59.05],[28.01,59.48],[28.01,59.72],[28.45,59.81],[28.95,59.83],[29.15,60],[29.67,59.96],[29.72,60.2],[29.07,60.19],[28.64,60.38],[28.65,60.61],[27.8,60.54],[28.41,60.9],[29.25,61.29],[29.69,61.55],[31.29,62.57],[31.53,62.89],[31.18,63.21],[30.42,63.5],[30.06,63.69],[30.5,64.02],[30.49,64.24],[30.11,64.37],[29.6,64.97],[29.82,65.57],[30.1,65.68],[29.9,66.09],[29.09,66.85],[29.24,67.1],[29.94,67.55],[29.82,67.75],[29.34,68.06],[28.69,68.19],[28.47,68.49],[28.97,69.02],[29.39,69.3],[29.99,69.39],[30.23,69.63],[30.87,69.78],[31.45,69.69],[31.79,69.82],[32.39,69.87],[32.94,69.75],[32.64,69.49],[33.68,69.31],[34.86,69.23],[35.29,69.28],[35.86,69.19],[37.73,68.69],[38.36,68.42],[39.57,68.07],[40.04,68.02],[40.38,67.83],[40.97,67.71],[41.13,67.27],[41.36,67.21],[41.19,66.83],[40.52,66.45],[40.1,66.3],[39.29,66.13],[38.4,66.06],[37.63,66.13],[37.29,66.23],[35.51,66.4],[34.82,66.61],[33.48,66.76],[32.85,67.02],[32.46,66.92],[33.57,66.32],[34.4,66.13],[34.79,65.86],[34.62,65.51],[34.41,65.4],[34.8,64.99],[34.87,64.56],[35.28,64.36],[35.65,64.38],[36.15,64.19],[36.36,64],[37.44,63.81],[38.07,64.03],[37.95,64.32],[37.18,64.41],[36.62,64.75],[37.05,65.2],[37.53,65.11],[38.01,64.88],[38.41,64.86],[39.57,64.57],[40.06,64.77],[40.28,65],[39.9,65.25],[39.82,65.6],[40.33,65.75],[40.77,65.99],[41.48,66.12],[42.21,66.52],[42.6,66.42],[43.23,66.42],[43.74,66.16],[44.1,66.24],[44.49,66.67],[44.29,67.1],[43.78,67.25],[44.23,68],[44.18,68.54],[45.08,68.58],[45.89,68.48],[46.68,67.97],[46.69,67.85],[45.53,67.76],[44.94,67.48],[44.94,67.35],[45.56,67.19],[45.99,66.85],[46.69,66.83],[47.66,66.98],[47.91,67.45],[47.87,67.58],[48.88,67.73],[49.16,67.87],[50.84,68.35],[51.99,68.54],[52.29,68.46],[52.68,68.73],[53.8,69],[53.97,68.84],[53.76,68.63],[53.91,68.23],[54.92,68.37],[55.42,68.57],[56.04,68.65],[57.13,68.55],[58.17,68.89],[59.06,69.01],[59.37,68.74],[59.1,68.44],[59.6,68.35],[59.9,68.42],[59.9,68.71],[60.49,68.73],[60.93,68.99],[60.66,69.11],[60.17,69.59],[61.02,69.85],[61.77,69.76],[63.36,69.68],[64.59,69.44],[65.03,69.27],[66.37,68.96],[67,68.87],[67.73,68.51],[68.5,68.35],[68.83,68.57],[69.14,68.95],[68.54,68.97],[68.12,69.24],[68.01,69.48],[67.06,69.69],[66.93,70.01],[67.15,70.22],[67.28,70.74],[66.82,70.8],[66.64,71.08],[66.92,71.28],[67.54,71.41],[68.27,71.68],[68.61,72.01],[69.04,72.67],[69.39,72.96],[69.89,72.88],[71.5,72.91],[72.81,72.69],[72.75,72.34],[72.28,71.7],[71.91,71.55],[72.08,71.31],[72.58,71.15],[72.73,70.82],[72.7,70.46],[72.53,70.17],[72.62,69.48],[72.53,69.08],[72.68,68.87],[73.55,68.57],[73.14,68.18],[73.07,67.77],[72.59,67.59],[71.55,66.76],[70.94,66.55],[70.38,66.6],[69.88,66.85],[69.22,66.83],[69.19,66.58],[70.34,66.34],[71.15,66.37],[71.92,66.25],[72.32,66.33],[72.42,66.56],[73.51,66.86],[73.88,67.08],[74.07,67.41],[74.68,67.69],[74.78,67.99],[74.39,68.42],[74.58,68.75],[75.12,68.86],[76.46,68.98],[77.66,68.19],[78,68.26],[77.65,68.9],[76,69.24],[75.42,69.24],[74.81,69.09],[73.78,69.2],[73.89,69.42],[73.56,69.71],[73.83,70.18],[74.31,70.65],[73.58,71.22],[73.09,71.44],[73.67,71.85],[74.99,72.14],[75.1,72.42],[74.79,72.81],[75.37,72.8],[75.74,72.3],[75.25,71.81],[75.5,71.65],[75.33,71.34],[76.11,71.22],[77.59,71.17],[77.48,71.31],[76.43,71.55],[76.03,71.91],[76.87,72.03],[77.55,71.84],[78.23,71.95],[77.63,72.2],[78.48,72.39],[79.42,72.38],[79.95,72.22],[80.76,72.09],[81.51,71.75],[82.08,71.71],[82.99,71.75],[83.23,71.67],[82.92,71.42],[82.32,71.26],[82.24,71],[82.87,70.95],[83.06,70.69],[82.92,70.41],[83.5,70.35],[83.74,70.55],[83.15,71.1],[83.57,71.59],[83.34,71.83],[82.76,71.9],[82.18,72.24],[81.28,72.36],[80.83,72.49],[80.66,72.71],[80.84,72.95],[80.51,73.09],[80.4,73.36],[80.58,73.57],[81.82,73.66],[83.54,73.67],[84.74,73.76],[85.45,73.73],[85.98,73.86],[86.89,73.89],[86.2,74.82],[87.04,74.78],[87.67,75.13],[89.31,75.47],[90.18,75.59],[91.48,75.65],[93.55,75.85],[93.18,75.96],[94.58,76.15],[95.58,76.14],[96.88,75.93],[97.64,76.03],[99.58,76.47],[100.84,76.53],[101.1,76.7],[100.99,76.99],[101.52,77.2],[103.13,77.63],[104.01,77.73],[105.71,77.53],[106.06,77.39],[104.91,77.17],[107.43,76.93],[106.64,76.57],[107.62,76.51],[108.03,76.72],[110.47,76.76],[111.39,76.69],[112.62,76.38],[112.8,76.13],[113.43,76.11],[113.75,75.7],[113.61,75.29],[112.92,75.02],[111.87,74.74],[110.37,74.47],[109.84,74.32],[109.81,74.17],[109.08,74.03],[108.2,73.69],[107.27,73.62],[106.48,73.14],[107.75,73.17],[109.86,73.47],[110.09,73.71],[109.67,73.8],[110.26,74.02],[111.06,73.94],[111.8,73.75],[112.4,73.71],[113.18,73.84],[113.42,73.65],[114.06,73.58],[115.34,73.7],[116.5,73.68],[117.31,73.6],[118.45,73.59],[118.43,73.25],[119.75,72.98],[121,72.94],[122.62,73.03],[123.3,73],[123.62,73.19],[123.31,73.53],[124.39,73.75],[125.62,73.52],[127.03,73.55],[127.96,73.45],[128.89,73.19],[129.25,72.71],[129.12,72.49],[129.41,72.32],[129.28,72.09],[128.36,72.09],[129.76,71.12],[131.16,70.74],[131.56,70.9],[131.91,71.2],[132.23,71.64],[132.56,71.9],[133.43,71.49],[134.1,71.38],[134.7,71.39],[135.02,71.52],[135.88,71.63],[137.12,71.42],[137.92,71.38],[138.23,71.6],[138.78,71.63],[139.21,71.44],[139.94,71.56],[139.18,72.16],[139.14,72.33],[139.6,72.5],[140.45,72.49],[141.08,72.59],[141.31,72.86],[142.06,72.72],[143.52,72.7],[145.2,72.57],[146.25,72.44],[146.05,72.14],[146.37,71.92],[147.26,72.33],[148.4,72.31],[149.77,72.09],[150.02,71.9],[149.28,71.83],[150.53,71.39],[151.58,71.29],[152.51,70.83],[153.79,70.88],[155.9,71.1],[158.04,71.04],[159.35,70.79],[159.73,70.65],[160.01,70.31],[159.73,69.87],[159.83,69.78],[160.91,69.61],[161.04,69.1],[161.57,69.06],[161.54,69.38],[162.38,69.65],[163.95,69.74],[164.51,69.61],[165.76,69.58],[166.82,69.5],[167.63,69.74],[168.15,69.58],[168.3,69.27],[169.31,69.08],[169.61,68.79],[170.54,68.83],[171,69.05],[170.58,69.58],[170.49,70.11],[172.56,69.97],[173.28,69.82],[173.95,69.87],[175.3,69.86],[175.92,69.9],[176.92,69.65],[178.85,69.39],[180,68.98],[180,65.07],[179.45,64.82],[178.52,64.6],[177.47,64.74],[177.43,64.44],[177.95,64.22],[178.38,64.26],[178.65,63.97],[178.65,63.56],[179.03,63.28],[179.33,63.19],[179.26,63.01],[179.57,62.69],[179.18,62.47],[179.12,62.32],[178.02,62.55],[176.96,62.66],[176.33,62.35],[175.27,62.1],[174.51,61.82],[173.62,61.72],[173.13,61.41],[172.69,61.3],[172.39,61.06],[170.95,60.52],[170.61,60.43],[170.4,60.01],[170.15,59.99],[169.62,60.44],[169.23,60.6],[168.14,60.57],[167.23,60.41],[166.96,60.31],[166.33,59.87],[166.14,59.98],[166.35,60.48],[165.29,60.13],[164.67,60],[164.25,59.97],[163.74,60.03],[163.36,59.78],[163.27,59.3],[163,59.02],[162.45,58.71],[162.14,58.45],[161.96,58.08],[162.1,57.87],[162.47,57.77],[162.72,57.95],[163.23,57.79],[163.11,57.56],[162.78,57.36],[162.8,56.81],[163.26,56.69],[163.34,56.23],[163.05,56.04],[162.53,56.26],[162.08,56.09],[161.78,55.65],[161.73,55.36],[162.11,54.75],[161.73,54.53],[161.29,54.52],[161.13,54.6],[160.77,54.54],[160.07,54.19],[159.84,53.78],[159.96,53.55],[159.9,53.38],[159.59,53.24],[158.95,53.05],[158.61,52.87],[158.48,52.63],[158.46,52.3],[158.1,51.81],[157.53,51.48],[157.2,51.21],[156.75,50.97],[156.54,51.31],[156.49,51.91],[156.36,52.51],[156.15,52.75],[155.95,53.74],[155.62,54.86],[155.55,55.35],[155.72,56.07],[155.98,56.7],[156.73,57.15],[156.98,57.47],[156.79,57.75],[156.99,57.83],[157.45,57.8],[157.67,58.02],[158.21,58.03],[159.04,58.42],[159.59,58.8],[159.85,59.13],[160.55,59.55],[160.86,59.63],[161.45,60.03],[161.75,60.15],[162,60.42],[162.97,60.78],[163.35,60.8],[163.55,61.03],[164.01,61.34],[163.8,61.46],[164.02,61.71],[164.21,62.29],[164.79,62.57],[164.26,62.7],[163.33,62.55],[163.01,61.79],[163.05,61.55],[162.39,61.66],[161.04,60.96],[160.77,60.75],[160.23,60.83],[160.38,61.03],[159.95,61.13],[159.88,61.29],[160.32,61.79],[160.18,61.9],[159.55,61.72],[159.08,61.92],[158.07,61.75],[157.47,61.8],[156.68,61.48],[156.63,61.27],[156.06,61],[155.72,60.68],[154.97,60.38],[154.58,60.1],[154.27,59.66],[155.17,59.36],[155.16,59.19],[154.46,59.22],[154.01,59.08],[153.7,59.22],[153.36,59.21],[152.88,58.94],[152.4,59.03],[152.09,58.91],[151.33,58.88],[151.12,59.08],[151.5,59.16],[151.99,59.16],[151.49,59.52],[151.03,59.59],[150.82,59.46],[150.33,59.64],[149.64,59.77],[149.07,59.63],[149.2,59.49],[147.87,59.39],[147.51,59.27],[146.44,59.43],[146.27,59.22],[145.93,59.2],[145.55,59.41],[144.48,59.38],[143.87,59.41],[143.19,59.37],[142.58,59.24],[142.03,59],[141.75,58.75],[141.35,58.53],[140.99,58.42],[140.68,58.21],[140.45,57.81],[140,57.69],[139.8,57.51],[139.18,57.26],[138.66,56.97],[138.22,56.63],[138.07,56.43],[137.69,56.14],[136.79,55.69],[136.46,55.58],[136.18,55.35],[135.54,55.11],[135.26,54.94],[135.26,54.73],[135.85,54.58],[136.8,54.62],[136.68,53.93],[136.72,53.8],[137.16,53.82],[137.34,54.1],[137.64,53.87],[137.33,53.54],[137.95,53.6],[138.57,53.82],[138.72,54.04],[138.7,54.32],[139.32,54.19],[139.71,54.28],[140.18,54.05],[140.35,53.81],[140.69,53.6],[141.01,53.49],[141.4,53.18],[141.09,52.9],[141.26,52.84],[141.17,52.37],[141.49,52.18],[141.37,51.92],[140.93,51.62],[140.69,51.23],[140.48,50.55],[140.54,50.13],[140.46,49.91],[140.52,49.6],[140.31,49.05],[140.17,48.52],[140,48.32],[139.37,47.89],[139,47.38],[138.59,47.06],[138.39,46.75],[138.34,46.54],[137.69,45.82],[137.15,45.39],[136.8,45.17],[136.14,44.49],[135.87,44.37],[135.48,43.84],[135.13,43.53],[134.69,43.29],[133.71,42.83],[133.16,42.7],[132.71,42.88],[132.3,42.88],[132.33,43.24],[132.03,43.12],[131.79,43.26],[131.39,42.82],[131.16,42.63],[130.95,42.63],[130.69,42.3]]],[[[50.28,80.93],[51.7,80.69],[50.96,80.54],[48.9,80.37],[48.98,80.16],[46.64,80.3],[47.9,80.53],[49.19,80.56],[49.24,80.82],[50.28,80.93]]],[[[67.77,76.24],[66.28,75.98],[63.66,75.67],[61.36,75.31],[60.5,74.9],[59.6,74.61],[59.15,74.55],[58.44,74.13],[57.77,74.01],[57.87,73.85],[56.96,73.37],[56.63,73.3],[55.55,73.36],[54.2,73.54],[53.76,73.77],[54.64,73.96],[55.91,74.8],[56.99,75.38],[57.61,75.34],[58.06,75.66],[58.88,75.85],[61.05,76.12],[61.57,76.3],[62.97,76.24],[64.46,76.38],[65.86,76.61],[66.06,76.75],[67.53,77.01],[68.49,76.93],[68.9,76.57],[68.17,76.28],[67.77,76.24]]],[[[55.32,73.31],[56.43,73.2],[56.08,72.79],[55.72,72.77],[55.36,72.47],[55.52,72.22],[55.3,71.94],[56.04,71.35],[56.89,70.93],[57.56,70.77],[57.15,70.59],[55.69,70.69],[54.6,70.68],[53.72,70.81],[53.59,71.05],[53.89,71.2],[53.41,71.34],[53.36,71.54],[51.59,71.57],[51.44,71.78],[51.58,72.07],[52.33,72.15],[52.86,72.55],[52.58,72.79],[53.25,72.97],[53.2,73.15],[53.87,73.3],[54.8,73.39],[55.32,73.31]]],[[[96.53,81.08],[97.83,80.8],[97.03,80.54],[97.18,80.24],[94.96,80.15],[93.65,80.01],[92.2,80.18],[91.52,80.36],[92.58,80.53],[92.59,80.78],[93.07,80.99],[95.8,81.28],[96.53,81.08]]],[[[97.67,80.16],[99.29,80.02],[100.06,79.78],[99.68,79.32],[99.32,79.23],[99.93,78.96],[99.44,78.83],[97.56,78.83],[96.35,79.02],[94.63,79.14],[94.22,79.4],[93.07,79.5],[95.5,80.11],[97.67,80.16]]],[[[102.88,79.25],[103.8,79.15],[104.45,78.88],[105.15,78.82],[105.31,78.5],[104.83,78.35],[103.72,78.26],[101.2,78.19],[100.08,77.97],[99.29,78.04],[100.02,78.34],[100.28,78.68],[100.88,78.78],[101.05,79.12],[101.59,79.35],[102.88,79.25]]],[[[140.05,75.83],[140.94,75.7],[141.03,75.99],[141.49,76.14],[142.46,75.9],[143.69,75.86],[145.26,75.59],[144.73,75.37],[144.88,75.27],[144.02,75.04],[142.29,74.85],[141.99,74.99],[140.27,74.85],[139.61,74.95],[139.22,74.66],[138.09,74.8],[136.96,75.27],[137.29,75.35],[137.27,75.75],[137.63,75.99],[138.92,76.2],[140.05,75.83]]],[[[146.8,75.37],[147.44,75.44],[148.43,75.41],[148.48,75.27],[150.1,75.22],[150.65,74.94],[149.6,74.77],[148.3,74.8],[146.15,75.2],[146.8,75.37]]],[[[178.86,70.83],[178.63,71.05],[178.89,71.23],[180,71.54],[180,70.99],[178.86,70.83]]],[[[142.76,54.39],[142.98,54.14],[142.92,53.79],[143.29,53.13],[143.33,52.7],[143.17,52.35],[143.16,52.08],[143.32,51.58],[143.46,51.47],[143.82,50.28],[144.05,49.9],[144.27,49.31],[144.13,49.21],[143.82,49.31],[143.38,49.29],[143.1,49.2],[142.57,48.07],[142.58,47.68],[142.91,47.36],[143.22,46.79],[143.28,46.56],[142.48,46.64],[142.21,46.09],[141.96,46.01],[141.83,46.45],[142.04,47.14],[141.96,47.59],[142.18,48.01],[142.14,48.29],[141.87,48.7],[142.02,49.08],[142.14,49.57],[142.15,50.22],[142.07,50.51],[142.21,51],[142.21,51.22],[142.01,51.52],[141.77,51.69],[141.67,51.93],[141.66,52.27],[141.8,52.56],[141.87,53.04],[141.82,53.34],[142.14,53.5],[142.37,53.4],[142.71,53.9],[142.55,54.28],[142.76,54.39]]],[[[-178.88,71.58],[-178.35,71.53],[-177.58,71.28],[-177.82,71.07],[-179.51,70.92],[-180,70.99],[-180,71.18],[-180,71.4],[-180,71.54],[-178.88,71.58]]],[[[50.27,69.19],[49.63,68.86],[48.91,68.74],[48.44,68.8],[48.32,69.27],[48.63,69.44],[49.23,69.51],[50.27,69.19]]],[[[63.37,80.7],[62.52,80.82],[63.12,80.97],[65.38,81.06],[65.44,80.93],[64.55,80.76],[63.37,80.7]]],[[[57.96,80.12],[57.28,80.19],[57.08,80.49],[58.48,80.46],[57.96,80.12]]],[[[62.17,80.83],[62.08,80.62],[61.05,80.42],[59.3,80.52],[59.59,80.82],[62.17,80.83]]],[[[57.08,80.35],[56.99,80.07],[55.72,80.1],[56.02,80.34],[57.08,80.35]]],[[[54.72,81.12],[56.17,81.03],[57.57,80.82],[56.81,80.66],[55.71,80.64],[54.07,80.81],[54.72,81.12]]],[[[92.68,79.69],[92.15,79.68],[91.13,79.9],[92.17,80.05],[93.8,79.9],[92.68,79.69]]],[[[141.01,74],[140.18,74],[140.1,74.18],[140.85,74.27],[141.01,74]]],[[[142.18,73.9],[143.34,73.57],[143.49,73.25],[143.19,73.22],[141.6,73.31],[140.75,73.45],[140.59,73.56],[141.08,73.87],[142.18,73.9]]],[[[137.94,55.09],[137.99,54.82],[137.28,54.89],[137.58,55.2],[137.94,55.09]]],[[[169.2,69.58],[168.35,69.66],[167.79,69.84],[168.36,70.02],[169.37,69.88],[169.2,69.58]]],[[[163.64,58.6],[163.76,59.02],[164.63,59.11],[164.62,58.89],[164.28,58.84],[163.64,58.6]]],[[[155.92,50.3],[155.79,50.2],[155.24,50.09],[155.22,50.3],[155.68,50.4],[155.88,50.68],[156.1,50.56],[155.92,50.3]]],[[[113.39,74.4],[112.81,74.1],[111.64,74.27],[112.08,74.55],[113.39,74.4]]],[[[70.67,73.1],[69.92,73.08],[70,73.36],[70.94,73.51],[71.63,73.17],[70.67,73.1]]],[[[77.63,72.29],[76.9,72.37],[77.75,72.63],[78.37,72.48],[77.63,72.29]]],[[[60.45,69.93],[60.22,69.69],[59.58,69.74],[58.95,69.89],[58.47,70.27],[59.01,70.47],[59.64,70.2],[60.45,69.93]]],[[[21.24,55.26],[22.07,55.06],[22.57,55.06],[22.83,54.84],[22.68,54.56],[22.77,54.36],[22.17,54.36],[19.92,54.43],[19.6,54.46],[19.94,54.75],[19.97,54.92],[20.52,54.99],[21,54.9],[21.19,54.94],[21.24,55.26]]],[[[33.59,46.1],[33.81,46.21],[34.03,46.11],[34.69,45.98],[34.8,45.79],[35,45.73],[35.37,45.35],[36.01,45.37],[36.29,45.46],[36.58,45.39],[36.39,45.07],[35.87,45.01],[35.47,45.1],[35.09,44.8],[34.72,44.81],[34.47,44.72],[34.28,44.54],[33.91,44.39],[33.45,44.55],[33.61,44.91],[33.56,45.1],[33.19,45.19],[32.92,45.35],[32.51,45.4],[33.14,45.75],[33.66,45.95],[33.59,46.1]]]]},"properties":{"iso_a3":"RUS"}},{"type":"Feature","geometry":{"type":"Polygon","coordinates":[[[29.58,-1.39],[29.83,-1.34],[30.1,-1.37],[30.36,-1.07],[30.51,-1.07],[30.47,-1.13],[30.81,-1.56],[30.82,-1.97],[30.88,-2.14],[30.83,-2.34],[30.55,-2.4],[30.41,-2.31],[30.12,-2.42],[29.93,-2.34],[29.87,-2.72],[29.46,-2.81],[29.3,-2.67],[29.06,-2.6],[29.01,-2.72],[28.92,-2.68],[28.88,-2.4],[29.11,-2.23],[29.14,-1.82],[29.35,-1.52],[29.58,-1.39]]]},"properties":{"iso_a3":"RWA"}},{"type":"Feature","geometry":{"type":"Polygon","coordinates":[[[51.98,19],[50.71,18.83],[49.45,18.66],[49.04,18.58],[48.17,18.16],[47.58,17.45],[47.44,17.11],[47.14,16.95],[46.98,16.95],[46.73,17.27],[46.31,17.23],[45.41,17.32],[45.15,17.43],[44.16,17.4],[43.92,17.32],[43.42,17.52],[43.19,17.36],[43.12,16.94],[43.19,16.77],[42.99,16.51],[42.8,16.37],[42.7,16.74],[42.38,17.12],[42.29,17.43],[42.05,17.67],[41.75,17.89],[41.43,18.45],[41.23,18.68],[41.12,19.08],[40.76,19.76],[40.08,20.27],[39.88,20.29],[39.61,20.52],[39.28,20.97],[39.09,21.31],[39.15,21.52],[38.99,21.88],[39.1,22.39],[38.94,22.88],[38.8,23.05],[38.71,23.31],[38.29,23.91],[37.92,24.19],[37.54,24.29],[37.18,24.82],[37.27,24.96],[37.15,25.29],[36.92,25.64],[36.76,25.75],[36.68,26.04],[36.52,26.1],[36.25,26.59],[35.58,27.43],[35.42,27.73],[35.08,28.09],[34.62,28.15],[34.78,28.51],[34.95,29.35],[35.86,29.21],[36.07,29.2],[36.48,29.5],[36.76,29.87],[37.47,30],[37.67,30.35],[37.98,30.5],[37.48,31.01],[36.96,31.49],[38.96,31.99],[39.15,32.12],[40.37,31.94],[42.07,31.08],[43.1,30.32],[44.69,29.2],[46.36,29.06],[46.53,29.1],[47.43,28.99],[47.67,28.53],[48.44,28.54],[48.63,28.13],[48.81,27.9],[48.8,27.72],[49.18,27.44],[49.41,27.18],[49.99,26.83],[50.03,26.53],[50.21,26.31],[50.03,26.11],[50.24,25.62],[50.46,25.42],[50.56,25.09],[50.8,24.79],[50.97,24.57],[51.27,24.61],[51.57,24.29],[51.59,24.08],[52.56,22.93],[54.27,22.72],[55.12,22.62],[55.19,22.7],[55.64,22],[55.28,20.9],[54.98,20],[54.01,19.67],[52.81,19.27],[51.98,19]]]},"properties":{"iso_a3":"SAU"}},{"type":"Feature","geometry":{"type":"Polygon","coordinates":[[[34.08,9.46],[33.89,9.46],[33.87,9.63],[33.96,9.85],[33.89,10.2],[33.17,10.85],[33.07,11.59],[33.12,11.69],[33.2,12.22],[32.72,12.22],[32.74,12.01],[32.07,12.01],[32.34,11.72],[32.35,11.25],[32.4,11.06],[31.93,10.66],[31.65,10.22],[31.22,9.8],[30.74,9.74],[30.47,9.98],[30,10.28],[29.61,10.07],[29.47,9.77],[29,9.61],[28.84,9.46],[28.84,9.33],[28.05,9.33],[27.89,9.6],[27.07,9.61],[26.66,9.48],[26.55,9.53],[26.17,9.97],[25.89,10.2],[25.8,10.42],[25.02,10.24],[24.96,9.99],[24.82,9.84],[24.76,9.49],[24.53,8.89],[24.21,8.77],[24.15,8.67],[23.68,8.73],[23.54,8.82],[23.47,9.11],[23.62,9.34],[23.65,9.82],[23.55,10.03],[23.26,10.46],[22.96,10.75],[22.86,10.92],[22.92,11.34],[22.64,11.52],[22.56,11.67],[22.58,11.99],[22.49,12.04],[22.35,12.66],[22,12.67],[21.84,12.86],[21.99,13.11],[22.23,13.33],[22.11,13.73],[22.17,13.91],[22.54,14.16],[22.38,14.55],[22.67,14.72],[22.76,15],[22.93,15.16],[22.93,15.53],[23.11,15.7],[23.98,15.78],[23.98,17.27],[23.98,18.16],[23.98,19.5],[23.98,20],[24.98,20],[24.98,22],[26.89,22],[28.8,22],[30.71,21.99],[32.61,22],[34.25,22],[35.23,22],[36.87,22],[36.93,21.59],[37.21,21.19],[37.14,20.98],[37.23,20.56],[37.19,20.12],[37.25,19.58],[37.36,19.09],[37.53,18.75],[37.92,18.56],[38.2,18.25],[38.61,18.01],[38.25,17.58],[37.8,17.47],[37.51,17.29],[37.41,17.06],[37.01,17.06],[36.89,16.62],[36.91,16.3],[36.68,15.73],[36.57,15.36],[36.43,15.13],[36.52,14.26],[36.45,13.84],[36.16,13.09],[36.11,12.73],[35.73,12.66],[35.6,12.54],[35.25,11.96],[35.11,11.82],[34.96,11.28],[34.93,10.86],[34.77,10.75],[34.57,10.88],[34.43,10.79],[34.28,10.53],[34.29,10.12],[34.12,9.73],[34.08,9.46]]]},"properties":{"iso_a3":"SDN"}},{"type":"Feature","geometry":{"type":"Polygon","coordinates":[[[-12.28,14.81],[-12.19,14.65],[-12.23,14.46],[-12.02,14.21],[-11.96,13.88],[-12.05,13.63],[-11.89,13.44],[-11.63,13.37],[-11.39,12.94],[-11.45,12.53],[-11.39,12.4],[-11.57,12.43],[-12.04,12.4],[-12.29,12.33],[-13.01,12.48],[-13.14,12.64],[-13.73,12.67],[-15.2,12.68],[-15.57,12.49],[-15.84,12.44],[-16.14,12.46],[-16.52,12.35],[-16.71,12.35],[-16.76,13.06],[-16.65,13.15],[-15.83,13.16],[-15.81,13.33],[-15.29,13.4],[-15.15,13.56],[-14.44,13.27],[-14.25,13.24],[-13.85,13.34],[-13.98,13.54],[-14.41,13.5],[-14.94,13.79],[-15.11,13.81],[-15.43,13.73],[-15.51,13.59],[-16.56,13.59],[-16.75,13.84],[-16.8,14.09],[-16.97,14.4],[-17.17,14.64],[-17.15,14.92],[-16.84,15.29],[-16.54,15.84],[-16.48,16.1],[-16.3,16.45],[-16.17,16.55],[-15.96,16.49],[-14.93,16.65],[-14.53,16.66],[-14.3,16.58],[-13.98,16.31],[-13.93,16.2],[-13.51,16.14],[-13.41,16.06],[-13.26,15.7],[-12.99,15.5],[-12.74,15.13],[-12.54,15.04],[-12.28,14.81]]]},"properties":{"iso_a3":"SEN"}},{"type":"Feature","geometry":{"type":"Polygon","coordinates":[[[103.97,1.33],[103.82,1.27],[103.65,1.33],[103.71,1.42],[103.82,1.45],[103.97,1.33]]]},"properties":{"iso_a3":"SGP"}},{"type":"Feature","geometry":{"type":"Polygon","coordinates":[[[-37.1,-54.07],[-36.7,-54.11],[-36.45,-54.31],[-36.17,-54.38],[-35.91,-54.71],[-36.25,-54.78],[-36.51,-54.51],[-37.69,-54.08],[-37.38,-53.98],[-37.1,-54.07]]]},"properties":{"iso_a3":"SGS"}},{"type":"Feature","geometry":{"type":"Polygon","coordinates":[[[-5.69,-16],[-5.78,-15.96],[-5.71,-15.91],[-5.69,-16]]]},"properties":{"iso_a3":"SHN"}},{"type":"Feature","geometry":{"type":"MultiPolygon","coordinates":[[[[21.61,78.6],[22.04,78.58],[22.3,78.23],[23.45,78.15],[23.12,77.99],[23.88,77.86],[24.13,77.66],[23.74,77.46],[22.43,77.32],[22.06,77.5],[21.05,77.44],[21.61,77.92],[21.04,78.06],[20.23,78.48],[21.61,78.6]]],[[[20.9,80.25],[22.38,80.09],[22.45,80.4],[23.32,80.43],[25.84,80.18],[26.86,80.16],[27.2,79.91],[26.01,79.62],[25.64,79.4],[24.13,79.22],[20.86,79.4],[19.9,79.53],[18.43,79.82],[18.09,80.17],[20.9,80.25]]],[[[16.79,79.91],[17.68,79.86],[18.58,79.57],[18.72,79.28],[20.61,79.11],[20.5,78.98],[21.31,78.8],[21.1,78.68],[19.77,78.62],[19.06,78.32],[19,78.08],[18.44,78.03],[18.23,77.52],[17.62,77.4],[17.15,77.05],[17.06,76.66],[16.7,76.58],[14.49,77.2],[14.05,77.4],[14.92,77.69],[13.79,77.85],[13.68,78.03],[14.99,78.15],[15.66,78.3],[14.64,78.41],[14.11,78.27],[13.15,78.24],[11.77,78.72],[11.37,78.95],[10.74,79.52],[10.69,79.73],[11.7,79.82],[13.04,79.69],[13.38,79.48],[16.79,79.91]]]]},"properties":{"iso_a3":"SJM"}},{"type":"Feature","geometry":{"type":"MultiPolygon","coordinates":[[[[157.76,-8.24],[157.56,-8.27],[157.32,-8.16],[157.43,-7.98],[157.76,-8.24]]],[[[156.69,-7.92],[156.51,-7.71],[156.64,-7.61],[156.79,-7.78],[156.69,-7.92]]],[[[159.75,-9.27],[159.97,-9.43],[160.35,-9.42],[160.63,-9.59],[160.79,-9.77],[160.65,-9.93],[160.32,-9.82],[159.85,-9.79],[159.68,-9.64],[159.61,-9.35],[159.75,-9.27]]],[[[159.88,-8.53],[159.64,-8.37],[159.35,-8.26],[158.94,-8.04],[158.6,-7.76],[158.73,-7.6],[159.11,-7.9],[159.37,-7.99],[159.84,-8.33],[159.88,-8.53]]],[[[157.49,-7.33],[157.44,-7.43],[157.1,-7.32],[156.9,-7.18],[156.7,-6.91],[156.49,-6.76],[156.6,-6.64],[157.03,-6.89],[157.15,-7.11],[157.49,-7.33]]],[[[160.75,-8.31],[161,-8.61],[160.94,-8.8],[161.16,-8.96],[161.26,-9.32],[161.04,-9.31],[160.87,-9.16],[160.59,-8.37],[160.75,-8.31]]],[[[161.72,-10.39],[162.11,-10.45],[162.29,-10.71],[162.12,-10.82],[161.79,-10.72],[161.54,-10.57],[161.72,-10.39]]]]},"properties":{"iso_a3":"SLB"}},{"type":"Feature","geometry":{"type":"Polygon","coordinates":[[[-10.28,8.49],[-10.39,8.16],[-10.57,8.07],[-10.65,7.76],[-11.27,7.23],[-11.51,6.91],[-11.73,7.09],[-12.49,7.39],[-12.51,7.67],[-12.88,7.86],[-12.96,8.15],[-13.15,8.21],[-13.2,8.34],[-12.99,8.53],[-13.23,8.7],[-13.15,8.9],[-13.29,9.05],[-13.03,9.1],[-12.68,9.48],[-12.5,9.86],[-12.28,9.93],[-12.14,9.88],[-11.91,9.99],[-11.27,10],[-11.05,9.79],[-10.68,9.29],[-10.61,8.87],[-10.5,8.66],[-10.63,8.53],[-10.56,8.32],[-10.28,8.49]]]},"properties":{"iso_a3":"SLE"}},{"type":"Feature","geometry":{"type":"Polygon","coordinates":[[[-89.36,14.42],[-89.06,14.33],[-88.71,14.03],[-88.51,13.98],[-88.48,13.85],[-88.15,13.99],[-87.99,13.88],[-87.72,13.81],[-87.81,13.4],[-87.93,13.18],[-88.18,13.16],[-88.87,13.28],[-89.28,13.48],[-89.8,13.56],[-90.1,13.74],[-90.05,13.9],[-89.55,14.24],[-89.36,14.42]]]},"properties":{"iso_a3":"SLV"}},{"type":"Feature","geometry":{"type":"Polygon","coordinates":[[[12.49,43.9],[12.4,43.93],[12.44,43.98],[12.51,43.95],[12.49,43.9]]]},"properties":{"iso_a3":"SMR"}},{"type":"Feature","geometry":{"type":"MultiPolygon","coordinates":[[[[41.53,-1.7],[41.52,-1.57],[40.98,-0.87],[40.97,0.54],[40.97,1.38],[40.96,2.81],[41.34,3.2],[41.88,3.98],[42.02,4.14],[42.79,4.29],[43.02,4.56],[43.54,4.84],[44.03,4.95],[44.94,4.91],[45.93,6],[46.97,7.03],[47.98,8],[48.94,9.45],[48.94,11.26],[49.39,11.34],[49.64,11.45],[50.11,11.53],[50.47,11.73],[50.64,11.94],[50.79,11.98],[51.25,11.83],[51.08,11.34],[51.14,10.66],[51.19,10.55],[50.93,10.34],[50.83,9.71],[50.83,9.43],[50.64,9.11],[50.43,8.85],[50.29,8.51],[50.1,8.2],[49.85,7.96],[49.76,7.66],[49.57,7.3],[49.23,6.78],[49.09,6.41],[49.05,6.17],[48.65,5.49],[48.23,4.95],[47.98,4.5],[47.51,3.97],[46.88,3.29],[46.05,2.48],[45.83,2.31],[44.92,1.81],[44.33,1.39],[43.47,0.62],[42.56,-0.32],[42.22,-0.74],[41.98,-0.97],[41.73,-1.43],[41.53,-1.7]]],[[[48.94,11.26],[48.94,9.45],[47.98,8],[46.98,8],[45.23,8.59],[43.98,9.01],[43.62,9.34],[43.48,9.38],[43.3,9.61],[43.18,9.88],[42.84,10.2],[42.66,10.62],[42.92,11],[43.25,11.5],[43.44,11.35],[43.63,11.04],[43.85,10.78],[44.39,10.43],[44.94,10.44],[45.34,10.65],[45.82,10.84],[46.46,10.73],[46.97,10.93],[47.4,11.17],[47.71,11.11],[48.02,11.14],[48.44,11.29],[48.67,11.32],[48.94,11.26]]]]},"properties":{"iso_a3":"SOM"}},{"type":"Feature","geometry":{"type":"Polygon","coordinates":[[[-56.27,46.84],[-56.38,46.85],[-56.33,46.94],[-56.39,47.07],[-56.28,47.04],[-56.31,46.95],[-56.27,46.84]]]},"properties":{"iso_a3":"SPM"}},{"type":"Feature","geometry":{"type":"MultiPolygon","coordinates":[[[[21.36,44.83],[22.09,44.54],[22.35,44.68],[22.49,44.44],[22.71,44.24],[22.42,44.01],[22.37,43.86],[22.55,43.45],[22.77,43.35],[22.97,43.14],[22.71,42.88],[22.47,42.84],[22.52,42.44],[22.34,42.31],[22.24,42.36],[21.56,42.25],[21.73,42.6],[21.39,42.75],[21.06,43.09],[20.62,43.2],[20.62,43.03],[20.34,42.83],[19.94,43.08],[19.55,43.21],[19.19,43.53],[19.45,43.56],[19.49,43.7],[19.26,43.94],[19.58,44.04],[19.15,44.3],[19.15,44.53],[19.35,44.88],[19.72,44.77],[20.12,44.72],[20.3,44.94],[20.61,44.94],[20.73,44.69],[21.36,44.83]]],[[[21.36,44.83],[20.73,44.69],[20.61,44.94],[20.3,44.94],[20.12,44.72],[19.72,44.77],[19.35,44.88],[19.01,44.87],[19.06,45.53],[18.84,45.84],[18.91,45.93],[19.21,45.98],[19.53,46.16],[20.24,46.11],[20.36,45.98],[20.78,45.75],[20.77,45.48],[21.02,45.32],[21.47,45.17],[21.36,44.83]]],[[[20.34,42.83],[20.62,43.03],[20.62,43.2],[21.06,43.09],[21.39,42.75],[21.73,42.6],[21.56,42.25],[20.78,42.07],[20.57,41.87],[20.49,42.22],[20.24,42.34],[20.06,42.55],[20.34,42.83]]]]},"properties":{"iso_a3":"SRB"}},{"type":"Feature","geometry":{"type":"Polygon","coordinates":[[[33.98,4.22],[33.49,3.76],[33.15,3.77],[33,3.88],[32.84,3.8],[32.34,3.71],[32.1,3.53],[31.94,3.61],[31.8,3.8],[31.48,3.68],[31.15,3.79],[30.84,3.49],[30.76,3.62],[30.56,3.65],[30.51,3.84],[30.19,3.98],[29.68,4.59],[29.55,4.64],[29.22,4.39],[28.94,4.49],[28.73,4.5],[28.43,4.32],[28.19,4.35],[27.79,4.64],[27.66,4.85],[27.4,5.11],[27.26,5.29],[27.23,5.56],[27.08,5.78],[26.73,6],[26.51,6.07],[26.31,6.46],[26.36,6.64],[26.04,6.96],[25.38,7.33],[25.19,7.52],[25.25,7.72],[24.85,8.14],[24.29,8.29],[24.15,8.67],[24.21,8.77],[24.53,8.89],[24.76,9.49],[24.82,9.84],[24.96,9.99],[25.02,10.24],[25.8,10.42],[25.89,10.2],[26.17,9.97],[26.55,9.53],[26.66,9.48],[27.07,9.61],[27.89,9.6],[28.05,9.33],[28.84,9.33],[28.84,9.46],[29,9.61],[29.47,9.77],[29.61,10.07],[30,10.28],[30.47,9.98],[30.74,9.74],[31.22,9.8],[31.65,10.22],[31.93,10.66],[32.4,11.06],[32.35,11.25],[32.34,11.72],[32.07,12.01],[32.74,12.01],[32.72,12.22],[33.2,12.22],[33.12,11.69],[33.07,11.59],[33.17,10.85],[33.89,10.2],[33.96,9.85],[33.87,9.63],[33.89,9.46],[34.08,9.46],[34.09,8.58],[33.95,8.44],[33.41,8.45],[33.23,8.4],[33.01,7.87],[33.23,7.76],[33.67,7.67],[33.9,7.51],[34.06,7.23],[34.28,7],[34.48,6.9],[34.71,6.66],[34.96,6.05],[35.08,5.67],[35.27,5.49],[34.64,4.88],[33.98,4.22]]]},"properties":{"iso_a3":"SSD"}},{"type":"Feature","geometry":{"type":"Polygon","coordinates":[[[6.66,0.12],[6.52,0.34],[6.69,0.4],[6.75,0.24],[6.66,0.12]]]},"properties":{"iso_a3":"STP"}},{"type":"Feature","geometry":{"type":"Polygon","coordinates":[[[-54.16,5.36],[-54.45,5.01],[-54.48,4.84],[-54.4,4.2],[-54.26,3.9],[-53.99,3.59],[-54.01,3.45],[-54.19,3.18],[-54.2,2.82],[-54.4,2.46],[-54.62,2.33],[-54.97,2.55],[-55.19,2.55],[-55.39,2.44],[-55.73,2.41],[-55.94,2.52],[-56.13,2.3],[-55.92,2.04],[-56.02,1.84],[-56.48,1.94],[-56.7,2.04],[-57.2,2.85],[-57.3,3.38],[-57.55,3.35],[-57.83,3.68],[-58.03,4],[-58.05,4.17],[-57.85,4.67],[-57.92,4.82],[-57.65,5],[-57.33,5.02],[-57.21,5.2],[-57.32,5.34],[-57.19,5.55],[-57.06,5.94],[-56.97,5.99],[-56.47,5.94],[-55.94,5.8],[-55.83,5.96],[-55.38,5.95],[-54.83,5.99],[-54.14,5.86],[-54.05,5.61],[-54.16,5.36]]]},"properties":{"iso_a3":"SUR"}},{"type":"Feature","geometry":{"type":"Polygon","coordinates":[[[22.54,49.07],[22.13,48.41],[21.77,48.34],[21.45,48.55],[21.2,48.51],[20.49,48.53],[20.33,48.3],[19.9,48.13],[19.63,48.22],[19.47,48.11],[18.91,48.05],[18.72,47.79],[17.76,47.77],[17.32,47.99],[17.15,48.01],[16.86,48.44],[16.95,48.6],[17.19,48.86],[17.76,48.89],[18.09,49.07],[18.16,49.26],[18.6,49.49],[18.83,49.51],[18.97,49.4],[19.48,49.58],[19.77,49.37],[20.16,49.32],[20.62,49.39],[20.87,49.31],[21.08,49.42],[21.64,49.41],[22.02,49.21],[22.54,49.07]]]},"properties":{"iso_a3":"SVK"}},{"type":"Feature","geometry":{"type":"Polygon","coordinates":[[[16.52,46.5],[16.23,46.37],[15.64,46.2],[15.62,45.83],[15.27,45.72],[15.34,45.47],[14.73,45.51],[13.88,45.43],[13.58,45.52],[13.72,45.59],[13.57,45.83],[13.4,46.32],[13.7,46.52],[14.5,46.42],[14.89,46.61],[15.96,46.68],[16.09,46.86],[16.28,46.86],[16.52,46.5]]]},"properties":{"iso_a3":"SVN"}},{"type":"Feature","geometry":{"type":"MultiPolygon","coordinates":[[[[19.08,57.84],[18.81,57.71],[18.84,57.39],[18.39,57.09],[18.11,57.27],[18.14,57.56],[18.54,57.83],[19.08,57.84]]],[[[11.39,59.04],[11.8,59.29],[11.68,59.59],[11.93,59.86],[12.49,60.11],[12.59,60.45],[12.29,61],[12.68,61.05],[12.88,61.35],[12.16,61.72],[12.3,62.29],[12.11,62.59],[12.22,63],[12,63.29],[12.18,63.6],[12.69,63.96],[13.2,64.08],[13.96,64.01],[14.14,64.17],[14.08,64.46],[13.65,64.58],[14.48,65.3],[14.64,65.85],[14.54,66.13],[14.92,66.15],[15.48,66.31],[15.42,66.49],[16.4,67.05],[16.13,67.43],[16.59,67.63],[16.78,67.9],[17.32,68.1],[17.92,67.96],[18.18,68.2],[18.16,68.53],[18.38,68.56],[19.87,68.36],[20.34,68.9],[20.62,69.04],[22,68.52],[22.78,68.39],[23.64,67.95],[23.5,67.88],[23.47,67.45],[23.77,67.33],[23.62,67.18],[23.99,66.81],[23.67,66.38],[24.16,65.81],[23.69,65.83],[23.1,65.74],[22.75,65.87],[22.29,65.75],[21.51,65.25],[21.57,65.13],[21.14,64.81],[21.47,64.38],[21.02,64.18],[20.76,63.87],[19.72,63.46],[19.35,63.48],[19.03,63.24],[18.61,63.18],[18.46,62.9],[17.95,62.83],[18.01,62.63],[17.83,62.5],[17.37,62.43],[17.54,62.26],[17.37,61.87],[17.42,61.74],[17.13,61.58],[17.25,60.7],[17.96,60.59],[18.25,60.36],[18.56,60.25],[18.93,59.94],[18.97,59.76],[18.64,59.6],[18.29,59.11],[16.79,58.59],[16.65,58.43],[16.77,58.21],[16.56,57.81],[16.65,57.5],[16.48,57.27],[16.53,57.07],[16.35,56.71],[16,56.22],[15.33,56.15],[14.78,56.16],[14.26,55.89],[14.2,55.73],[14.34,55.53],[14.17,55.4],[13.81,55.43],[13.32,55.35],[12.89,55.41],[12.98,55.69],[12.59,56.14],[12.8,56.26],[12.88,56.62],[12.42,56.91],[11.73,57.72],[11.7,57.97],[11.45,58.12],[11.27,58.48],[11.15,58.99],[11.39,59.04]]]]},"properties":{"iso_a3":"SWE"}},{"type":"Feature","geometry":{"type":"Polygon","coordinates":[[[31.95,-25.96],[32.06,-26.02],[32.04,-26.28],[32.11,-26.52],[32.11,-26.84],[31.99,-26.82],[31.96,-27.31],[31.47,-27.3],[31.06,-27.11],[30.88,-26.79],[30.79,-26.76],[30.8,-26.41],[31.21,-25.84],[31.38,-25.74],[31.87,-25.98],[31.95,-25.96]]]},"properties":{"iso_a3":"SWZ"}},{"type":"Feature","geometry":{"type":"Polygon","coordinates":[[[-63.12,18.07],[-63.01,18.07],[-63.02,18.02],[-63.12,18.07]]]},"properties":{"iso_a3":"SXM"}},{"type":"Feature","geometry":{"type":"Polygon","coordinates":[[[55.54,-4.69],[55.48,-4.69],[55.38,-4.61],[55.46,-4.56],[55.54,-4.69]]]},"properties":{"iso_a3":"SYC"}},{"type":"Feature","geometry":{"type":"Polygon","coordinates":[[[35.89,35.92],[36.13,35.83],[36.35,36],[36.38,36.17],[36.64,36.26],[36.54,36.46],[36.66,36.8],[36.94,36.76],[37.07,36.65],[37.44,36.64],[38.19,36.9],[38.38,36.88],[38.77,36.69],[39.36,36.68],[40.02,36.83],[40.71,37.1],[41.52,37.09],[42.27,37.28],[42.36,37.11],[42.24,36.96],[41.79,36.6],[41.42,36.51],[41.26,36.27],[41.25,36.07],[41.35,35.64],[41.22,35.29],[41.19,34.77],[40.99,34.43],[40.69,34.33],[38.77,33.37],[37.58,32.73],[36.82,32.32],[36.37,32.39],[36.06,32.53],[35.79,32.73],[35.89,32.94],[35.79,33.33],[35.84,33.42],[35.94,33.67],[36.09,33.83],[36.28,33.84],[36.35,34.01],[36.58,34.22],[36.5,34.43],[36.26,34.63],[35.98,34.63],[35.9,34.85],[35.94,35.22],[35.76,35.57],[35.89,35.92]]]},"properties":{"iso_a3":"SYR"}},{"type":"Feature","geometry":{"type":"Polygon","coordinates":[[[-71.66,21.77],[-71.83,21.79],[-71.81,21.85],[-71.67,21.83],[-71.66,21.77]]]},"properties":{"iso_a3":"TCA"}},{"type":"Feature","geometry":{"type":"Polygon","coordinates":[[[23.98,19.5],[23.98,18.16],[23.98,17.27],[23.98,15.78],[23.11,15.7],[22.93,15.53],[22.93,15.16],[22.76,15],[22.67,14.72],[22.38,14.55],[22.54,14.16],[22.17,13.91],[22.11,13.73],[22.23,13.33],[21.99,13.11],[21.84,12.86],[22,12.67],[22.35,12.66],[22.49,12.04],[22.58,11.99],[22.56,11.67],[22.64,11.52],[22.92,11.34],[22.86,10.92],[22.49,11],[22.04,10.82],[21.73,10.61],[21.73,10.37],[21.5,10.18],[21.4,10],[21.26,9.97],[20.66,9.32],[20.34,9.13],[20.07,9.13],[19.67,9.02],[19.05,9],[18.89,8.84],[19.11,8.66],[18.59,8.06],[17.76,7.97],[17.65,7.98],[17.25,7.81],[17.12,7.7],[16.78,7.55],[16.59,7.74],[16.03,7.57],[15.85,7.48],[15.48,7.52],[15.55,7.79],[15.44,7.85],[15.12,8.56],[14.33,9.2],[14,9.59],[13.98,9.69],[14.24,9.98],[14.84,9.94],[15.13,9.98],[15.54,9.96],[15.53,10.09],[15.2,10.48],[15.07,10.85],[15.03,11.11],[15.12,11.54],[15.08,11.85],[14.88,12.27],[14.76,12.66],[14.54,12.82],[14.52,12.98],[14.06,13.08],[13.61,13.7],[13.45,14.38],[13.64,14.63],[13.81,14.97],[14.37,15.75],[15.47,16.91],[15.6,18.34],[15.74,19.9],[15.95,20.3],[15.93,20.4],[15.59,20.73],[15.61,20.95],[15.18,21.52],[15.17,21.92],[14.98,23],[15.98,23.45],[17.75,22.57],[19.19,21.86],[20.63,21.15],[22.06,20.44],[23.5,19.73],[23.98,19.5]]]},"properties":{"iso_a3":"TCD"}},{"type":"Feature","geometry":{"type":"Polygon","coordinates":[[[0.9,10.99],[0.79,10.71],[0.79,10.35],[1.33,10],[1.35,9.57],[1.42,9.29],[1.6,9.05],[1.62,8.27],[1.62,7],[1.58,6.69],[1.78,6.29],[1.62,6.22],[1.19,6.09],[0.98,6.32],[0.74,6.45],[0.53,6.85],[0.63,7.35],[0.5,7.55],[0.61,7.73],[0.58,8.15],[0.69,8.3],[0.62,8.48],[0.37,8.76],[0.49,8.85],[0.47,9.12],[0.53,9.4],[0.32,9.69],[0.36,10.24],[-0.06,10.63],[0.01,11.02],[-0.07,11.12],[0.48,10.99],[0.9,10.99]]]},"properties":{"iso_a3":"TGO"}},{"type":"Feature","geometry":{"type":"Polygon","coordinates":[[[100.12,20.32],[100.32,20.39],[100.54,20.09],[100.4,19.76],[100.42,19.64],[100.63,19.5],[100.97,19.61],[101.15,19.58],[101.29,18.98],[101.05,18.41],[101.14,18.29],[101.11,18.03],[100.91,17.58],[101.11,17.48],[101.69,17.89],[101.77,18.03],[102.1,18.21],[102.68,17.85],[103.05,18.03],[103.29,18.41],[103.49,18.42],[103.95,18.32],[104.32,17.82],[104.66,17.55],[104.82,17.3],[104.76,17.08],[104.75,16.65],[104.82,16.47],[105.15,16.09],[105.62,15.7],[105.62,15.49],[105.51,15.36],[105.55,14.93],[105.48,14.53],[105.18,14.35],[104.78,14.43],[104.41,14.37],[103.74,14.37],[103.6,14.42],[103.2,14.33],[102.91,14.14],[102.73,13.84],[102.32,13.54],[102.33,13.29],[102.46,13.02],[102.5,12.67],[102.76,12.43],[102.74,12.09],[102.93,11.71],[102.76,12.01],[102.23,12.33],[102.03,12.53],[101.72,12.69],[101.44,12.62],[100.86,12.71],[100.96,13.43],[100.66,13.52],[100.24,13.48],[100.02,13.35],[100.09,13.05],[99.96,12.69],[99.99,12.17],[99.84,11.94],[99.8,11.75],[99.63,11.46],[99.51,11.1],[99.49,10.89],[99.28,10.57],[99.19,10.18],[99.16,9.73],[99.39,9.21],[99.72,9.31],[99.9,9.11],[99.96,8.67],[100.28,8.27],[100.32,7.72],[100.2,7.5],[100.42,7.19],[100.59,7.18],[100.79,6.99],[101.02,6.86],[101.3,6.91],[101.5,6.87],[101.8,6.47],[102.1,6.24],[101.87,5.83],[101.72,5.77],[101.56,5.91],[101.26,5.79],[101.11,5.64],[100.98,5.77],[101.08,5.96],[101.05,6.24],[100.87,6.25],[100.79,6.43],[100.63,6.45],[100.16,6.64],[100.12,6.44],[99.87,6.75],[99.7,6.88],[99.72,7.11],[99.53,7.33],[99.36,7.37],[99.3,7.56],[99.05,7.89],[98.79,8.06],[98.7,8.26],[98.5,8.32],[98.31,8.23],[98.24,8.42],[98.24,8.77],[98.33,8.97],[98.37,9.29],[98.49,9.56],[98.7,10.19],[98.79,10.71],[99.19,11.11],[99.44,11.55],[99.61,11.75],[99.39,12.47],[99.22,12.74],[99.11,13.1],[99.18,13.23],[99.14,13.72],[98.93,14.05],[98.57,14.36],[98.25,14.81],[98.18,15.15],[98.23,15.24],[98.57,15.4],[98.59,16.05],[98.82,16.18],[98.69,16.31],[98.48,16.73],[98.44,16.98],[98.17,17.24],[97.7,17.83],[97.72,18.04],[97.48,18.49],[97.75,18.62],[97.71,19],[97.8,19.13],[97.82,19.46],[98.11,19.76],[98.45,19.69],[98.92,19.77],[99.02,20.04],[99.2,20.12],[99.4,20.09],[99.49,20.26],[99.95,20.42],[100.12,20.32]]]},"properties":{"iso_a3":"THA"}},{"type":"Feature","geometry":{"type":"Polygon","coordinates":[[[67.76,37.17],[67.81,37.49],[68.17,37.93],[68.35,38.21],[68.14,38.38],[68.05,38.67],[68.15,38.89],[67.96,38.99],[67.69,38.99],[67.62,39.15],[67.35,39.24],[67.43,39.47],[67.72,39.62],[68.4,39.53],[68.59,39.63],[68.64,39.84],[68.95,40.22],[69.27,40.2],[69.21,40.57],[69.41,40.8],[69.71,40.66],[70.29,40.89],[70.44,41.02],[70.75,40.74],[70.38,40.45],[70.65,40.2],[70.96,40.24],[70.45,40.05],[69.97,40.2],[69.53,40.1],[69.23,39.76],[69.3,39.52],[69.6,39.57],[70.24,39.54],[70.5,39.59],[70.73,39.41],[71.4,39.6],[71.55,39.45],[71.99,39.35],[72.23,39.21],[72.36,39.34],[72.64,39.39],[73.23,39.37],[73.63,39.45],[73.61,39.23],[73.8,39],[73.7,38.85],[73.8,38.61],[74.03,38.54],[74.28,38.66],[74.75,38.51],[74.84,38.4],[74.79,38.1],[74.94,37.77],[74.89,37.6],[75.12,37.39],[74.89,37.23],[74.66,37.39],[74.26,37.42],[74.17,37.33],[73.75,37.23],[73.72,37.42],[73.48,37.47],[72.9,37.27],[72.66,37.03],[72.15,36.9],[71.8,36.69],[71.6,36.73],[71.43,37.13],[71.55,37.8],[71.28,38.01],[71.26,38.31],[70.88,38.46],[70.62,38.33],[70.2,37.89],[70.25,37.66],[69.63,37.59],[69.42,37.49],[69.41,37.21],[69.26,37.11],[68.96,37.33],[68.67,37.26],[68.07,36.95],[67.76,37.17]]]},"properties":{"iso_a3":"TJK"}},{"type":"Feature","geometry":{"type":"Polygon","coordinates":[[[-172.49,-8.56],[-172.48,-8.57],[-172.49,-8.57],[-172.49,-8.56]]]},"properties":{"iso_a3":"TKL"}},{"type":"Feature","geometry":{"type":"Polygon","coordinates":[[[55.98,41.32],[57.02,41.26],[56.96,41.86],[57.38,42.16],[57.86,42.23],[57.95,42.42],[58.26,42.69],[58.59,42.78],[58.88,42.56],[59.12,42.52],[59.45,42.3],[59.86,42.3],[60.01,42.19],[60.11,41.91],[60.09,41.4],[60.45,41.22],[60.75,41.25],[61.33,41.2],[61.5,41.28],[61.95,41.03],[62.1,40.68],[62.38,40.33],[62.44,40.04],[62.65,39.86],[63.51,39.38],[63.76,39.16],[64.16,38.95],[64.31,38.98],[64.62,38.76],[65.61,38.24],[65.86,38.27],[66.57,38.01],[66.52,37.35],[66.11,37.41],[65.77,37.57],[65.55,37.25],[65.09,37.24],[64.82,37.13],[64.51,36.34],[64.36,36.23],[63.86,36.01],[63.11,35.82],[63.17,35.68],[63.06,35.45],[62.61,35.23],[62.31,35.17],[61.94,35.45],[61.54,35.46],[61.26,35.62],[61.25,35.87],[61.12,36.64],[60.34,36.64],[59.95,37.04],[59.56,37.18],[59.33,37.48],[58.82,37.68],[58.44,37.64],[57.71,37.91],[57.35,37.97],[57.19,38.22],[56.44,38.25],[56.23,38.07],[55.58,38.1],[55.22,37.98],[54.9,37.78],[54.75,37.5],[54.19,37.33],[53.91,37.34],[53.82,37.93],[53.89,38.86],[53.7,39.21],[53.48,39.31],[53.2,39.32],[53.12,39.43],[53.47,39.67],[53.49,39.91],[52.8,40.05],[52.73,40.4],[52.85,40.69],[53.15,40.82],[53.62,40.82],[53.87,40.65],[54.19,40.72],[54.37,40.87],[54.55,40.83],[54.72,41.01],[54.59,41.19],[54.09,41.52],[53.85,42.09],[53.62,42.14],[53.16,42.09],[52.97,41.98],[52.81,41.71],[52.49,41.78],[52.87,42.06],[53.25,42.21],[54.12,42.34],[54.85,41.97],[55.25,41.46],[55.55,41.26],[55.98,41.32]]]},"properties":{"iso_a3":"TKM"}},{"type":"Feature","geometry":{"type":"MultiPolygon","coordinates":[[[[125.07,-9.51],[124.97,-9.29],[124.92,-8.94],[125.18,-8.65],[125.8,-8.49],[126.62,-8.46],[126.97,-8.32],[127.3,-8.42],[126.92,-8.72],[126.67,-8.78],[126.49,-8.91],[125.41,-9.28],[125.07,-9.51]]],[[[124.04,-9.34],[124.44,-9.19],[124.28,-9.43],[124.04,-9.34]]]]},"properties":{"iso_a3":"TLS"}},{"type":"Feature","geometry":{"type":"Polygon","coordinates":[[[-175.16,-21.17],[-175.2,-21.22],[-175.34,-21.16],[-175.32,-21.1],[-175.16,-21.17]]]},"properties":{"iso_a3":"TON"}},{"type":"Feature","geometry":{"type":"Polygon","coordinates":[[[-61.01,10.13],[-61.17,10.08],[-61.6,10.06],[-61.5,10.27],[-61.46,10.76],[-61.17,10.8],[-61.03,10.67],[-60.97,10.32],[-61.01,10.13]]]},"properties":{"iso_a3":"TTO"}},{"type":"Feature","geometry":{"type":"Polygon","coordinates":[[[11.5,33.18],[11.45,32.64],[11.5,32.41],[10.83,32.08],[10.61,31.93],[10.48,31.74],[10.27,31.68],[10.11,31.46],[10.24,31.03],[10.22,30.78],[9.9,30.39],[9.52,30.23],[9.04,32.07],[8.33,32.54],[8.21,32.93],[8.08,33.09],[7.76,33.23],[7.5,33.83],[7.51,34.08],[7.75,34.25],[7.84,34.41],[8.12,34.56],[8.25,34.73],[8.39,35.2],[8.25,35.8],[8.35,36.37],[8.23,36.55],[8.58,36.94],[8.82,37],[9.06,37.16],[9.69,37.34],[10.2,37.21],[10.19,37.03],[10.41,36.73],[10.57,36.88],[11.05,37.07],[11.13,36.87],[10.8,36.49],[10.53,36.32],[10.48,36.18],[10.59,35.89],[11,35.63],[11.12,35.24],[10.87,34.88],[10.53,34.54],[10.2,34.35],[10.05,34.06],[10.16,33.85],[10.45,33.66],[10.71,33.69],[10.72,33.51],[11.08,33.56],[11.15,33.37],[11.5,33.18]]]},"properties":{"iso_a3":"TUN"}},{"type":"Feature","geometry":{"type":"MultiPolygon","coordinates":[[[[41.51,41.52],[41.82,41.43],[41.93,41.5],[42.47,41.44],[42.79,41.56],[43.44,41.11],[43.63,40.93],[43.72,40.72],[43.57,40.48],[43.79,40.07],[44.29,40.04],[44.77,39.7],[44.82,39.65],[44.59,39.77],[44.46,39.67],[44.39,39.42],[44.02,39.38],[44.18,39.14],[44.38,38.25],[44.21,37.91],[44.56,37.74],[44.57,37.44],[44.8,37.27],[44.77,37.14],[44.61,37.18],[44.28,36.98],[44.21,37.2],[44.01,37.31],[43.84,37.22],[43.52,37.24],[43.09,37.37],[42.77,37.37],[42.36,37.11],[42.27,37.28],[41.52,37.09],[40.71,37.1],[40.02,36.83],[39.36,36.68],[38.77,36.69],[38.38,36.88],[38.19,36.9],[37.44,36.64],[37.07,36.65],[36.94,36.76],[36.66,36.8],[36.54,36.46],[36.64,36.26],[36.38,36.17],[36.35,36],[36.13,35.83],[35.89,35.92],[35.96,36],[35.81,36.31],[36.19,36.66],[36.05,36.91],[35.66,36.72],[35.54,36.6],[35.18,36.63],[34.81,36.8],[34.6,36.78],[34.3,36.6],[34.02,36.34],[33.69,36.18],[32.79,36.04],[32.38,36.18],[32.02,36.54],[31.35,36.8],[30.64,36.87],[30.48,36.31],[30.23,36.31],[29.69,36.16],[29.35,36.26],[29.14,36.4],[29.04,36.69],[28.72,36.7],[28.3,36.81],[28.13,37.03],[27.67,37.01],[27.52,37.25],[27.22,37.39],[27.15,37.6],[27.23,37.98],[26.68,38.2],[26.33,38.24],[26.34,38.37],[26.97,38.45],[26.76,38.71],[26.85,39.12],[26.68,39.29],[26.83,39.56],[26.11,39.47],[26.18,39.99],[26.31,40.03],[26.74,40.4],[27.28,40.46],[27.48,40.32],[28.29,40.4],[29.01,40.39],[28.96,40.63],[29.51,40.71],[29.08,40.96],[29.09,41.18],[29.32,41.23],[29.92,41.15],[30.34,41.2],[30.81,41.08],[31.25,41.11],[31.46,41.32],[32.09,41.59],[32.31,41.73],[33.38,42.02],[34.19,41.96],[34.75,41.96],[35.01,42.06],[35.3,41.73],[35.56,41.63],[36.05,41.68],[36.18,41.43],[36.41,41.27],[36.78,41.36],[37.07,41.18],[37.77,41.08],[37.91,41],[38.38,40.92],[39.43,41.11],[39.81,40.98],[40.27,40.96],[40.96,41.21],[41.41,41.42],[41.51,41.52]]],[[[28.01,41.97],[27.99,41.85],[28.2,41.55],[28.95,41.25],[28.96,41.01],[28.78,40.97],[28.17,41.08],[27.93,40.99],[27.5,40.97],[27.26,40.69],[26.77,40.5],[26.33,40.12],[26.25,40.31],[26.45,40.45],[26.11,40.61],[26.04,40.73],[26.33,40.95],[26.33,41.24],[26.62,41.4],[26.58,41.6],[26.32,41.72],[26.58,41.95],[27.29,42.08],[27.53,41.92],[28.01,41.97]]]]},"properties":{"iso_a3":"TUR"}},{"type":"Feature","geometry":{"type":"Polygon","coordinates":[[[179.21,-8.52],[179.2,-8.53],[179.2,-8.47],[179.22,-8.51],[179.21,-8.52]]]},"properties":{"iso_a3":"TUV"}},{"type":"Feature","geometry":{"type":"Polygon","coordinates":[[[121.01,22.62],[120.9,22.38],[120.84,21.93],[120.69,22.03],[120.58,22.36],[120.27,22.63],[120.07,23.15],[120.14,23.4],[120.13,23.65],[120.63,24.48],[121.1,25.07],[121.59,25.28],[121.91,25.06],[121.81,24.75],[121.83,24.53],[121.61,24.05],[121.48,23.42],[121.3,22.97],[121.01,22.62]]]},"properties":{"iso_a3":"TWN"}},{"type":"Feature","geometry":{"type":"MultiPolygon","coordinates":[[[[39.5,-6.17],[39.24,-6.27],[39.19,-5.93],[39.37,-5.95],[39.5,-6.17]]],[[[32.92,-9.41],[32.43,-9.16],[31.94,-9.05],[31.92,-8.94],[31.67,-8.91],[31.53,-8.71],[31.35,-8.61],[31.03,-8.6],[30.83,-8.39],[30.75,-8.19],[30.31,-7.2],[30.11,-6.92],[29.71,-6.62],[29.54,-6.31],[29.48,-6.02],[29.61,-5.72],[29.32,-4.9],[29.4,-4.45],[29.72,-4.46],[29.95,-4.31],[30.15,-4.09],[30.43,-3.59],[30.79,-3.27],[30.78,-2.98],[30.52,-2.92],[30.42,-2.64],[30.55,-2.4],[30.83,-2.34],[30.88,-2.14],[30.82,-1.97],[30.81,-1.56],[30.47,-1.13],[30.51,-1.07],[30.82,-1],[32.55,-1],[33.9,-1],[33.98,-1],[35.2,-1.68],[36.48,-2.39],[37.66,-3.07],[37.69,-3.25],[37.61,-3.46],[37.76,-3.64],[38.19,-3.96],[39.22,-4.69],[38.98,-5.52],[38.82,-5.88],[38.8,-6.07],[38.87,-6.33],[39.07,-6.5],[39.29,-6.81],[39.47,-6.88],[39.55,-7.02],[39.29,-7.52],[39.44,-8.01],[39.3,-8.44],[39.45,-8.94],[39.64,-9.19],[39.63,-9.41],[39.78,-9.91],[39.98,-10.16],[40.08,-10.16],[40.39,-10.35],[40.46,-10.46],[39.99,-10.82],[39.44,-11.03],[39.17,-11.17],[38.79,-11.23],[38.49,-11.41],[38.18,-11.28],[37.92,-11.29],[37.83,-11.48],[37.54,-11.68],[37.37,-11.71],[36.87,-11.57],[36.52,-11.72],[36.31,-11.71],[35.91,-11.45],[35.5,-11.6],[34.96,-11.58],[34.6,-11.04],[34.67,-10.79],[34.58,-10.53],[34.57,-10.24],[34.48,-9.95],[34.32,-9.73],[34.09,-9.54],[33.94,-9.67],[33.7,-9.6],[33.42,-9.61],[33.33,-9.52],[32.92,-9.41]]]]},"properties":{"iso_a3":"TZA"}},{"type":"Feature","geometry":{"type":"Polygon","coordinates":[[[33.9,-1],[32.55,-1],[30.82,-1],[30.51,-1.07],[30.36,-1.07],[30.1,-1.37],[29.83,-1.34],[29.58,-1.39],[29.56,-0.98],[29.72,0.1],[29.93,0.5],[29.94,0.82],[30.18,0.97],[30.32,1.19],[30.48,1.24],[30.94,1.68],[31.25,2.04],[31.18,2.27],[30.73,2.46],[30.85,2.85],[30.75,3.04],[30.91,3.41],[30.84,3.49],[31.15,3.79],[31.48,3.68],[31.8,3.8],[31.94,3.61],[32.1,3.53],[32.34,3.71],[32.84,3.8],[33,3.88],[33.15,3.77],[33.49,3.76],[33.98,4.22],[34.17,3.81],[34.44,3.65],[34.4,3.41],[34.45,3.16],[34.59,2.92],[34.74,2.82],[34.88,2.42],[34.96,2.06],[34.97,1.64],[34.78,1.38],[34.79,1.23],[34.6,1.16],[34.41,0.87],[34.16,0.61],[33.94,0.17],[33.9,-1]]]},"properties":{"iso_a3":"UGA"}},{"type":"Feature","geometry":{"type":"Polygon","coordinates":[[[38.21,47.09],[37.54,47.07],[37.22,46.92],[36.28,46.66],[35.83,46.62],[35.4,46.38],[35.23,46.44],[34.84,46.07],[35,45.73],[34.8,45.79],[34.69,45.98],[34.03,46.11],[33.81,46.21],[33.59,46.1],[33.2,46.18],[32.48,46.08],[31.93,46.29],[32.13,46.6],[31.53,46.66],[30.8,46.55],[30.66,46.27],[30.22,45.87],[29.6,45.68],[29.71,45.26],[29.4,45.42],[28.76,45.23],[28.45,45.29],[28.21,45.45],[28.5,45.52],[28.49,45.67],[28.95,46.05],[28.96,46.46],[29.15,46.53],[29.84,46.35],[29.92,46.54],[29.88,46.83],[29.57,46.96],[29.55,47.25],[29.16,47.46],[29.19,47.88],[28.92,47.95],[28.77,48.12],[28.33,48.16],[27.82,48.42],[27.55,48.48],[27.23,48.37],[26.85,48.39],[26.62,48.26],[26.31,48.2],[26.16,47.99],[25.46,47.91],[24.89,47.72],[24.58,47.93],[24.18,47.91],[23.14,48.09],[22.88,47.95],[22.13,48.41],[22.54,49.07],[22.71,49.17],[22.65,49.54],[22.95,49.83],[23.71,50.38],[24.09,50.53],[24.1,50.87],[23.66,51.31],[23.61,51.52],[23.98,51.59],[24.36,51.87],[25.27,51.94],[25.93,51.91],[26.45,51.81],[27.14,51.75],[27.27,51.61],[28.18,51.61],[28.6,51.54],[29.14,51.62],[29.35,51.38],[30.16,51.48],[30.33,51.33],[30.63,51.36],[30.53,51.6],[30.67,51.81],[30.98,52.05],[31.76,52.1],[32.12,52.05],[32.51,52.31],[32.81,52.25],[33.15,52.34],[33.74,52.34],[34.02,52.16],[34.11,51.98],[34.4,51.78],[34.12,51.68],[34.28,51.31],[34.71,51.17],[35.06,51.2],[35.44,50.73],[35.41,50.54],[35.67,50.35],[35.89,50.44],[36.24,50.31],[36.76,50.29],[37.42,50.41],[37.7,50.11],[37.95,49.96],[38.65,49.95],[38.92,49.82],[39.17,49.86],[39.78,49.57],[40.08,49.58],[40.11,49.25],[39.89,49.06],[39.64,48.59],[39.84,48.54],[39.96,48.24],[39.74,47.84],[38.9,47.86],[38.72,47.71],[38.29,47.56],[38.21,47.09]]]},"properties":{"iso_a3":"UKR"}},{"type":"Feature","geometry":{"type":"Polygon","coordinates":[[[-53.37,-33.74],[-53.79,-34.38],[-54.17,-34.67],[-54.9,-34.93],[-55.24,-34.9],[-55.37,-34.81],[-55.67,-34.78],[-56.12,-34.91],[-56.86,-34.68],[-57.17,-34.45],[-57.83,-34.48],[-57.96,-34.31],[-58.4,-33.91],[-58.44,-33.72],[-58.35,-33.26],[-58.09,-32.97],[-58.2,-32.47],[-58.12,-32.32],[-58.17,-31.87],[-57.99,-31.62],[-58.05,-31.49],[-57.89,-31.2],[-57.81,-30.86],[-57.87,-30.59],[-57.61,-30.19],[-57.21,-30.28],[-57.12,-30.14],[-56.83,-30.11],[-56.18,-30.63],[-55.81,-31.04],[-55.6,-30.85],[-55.25,-31.23],[-54.59,-31.49],[-54.22,-31.86],[-53.76,-32.06],[-53.6,-32.4],[-53.13,-32.74],[-53.53,-33.17],[-53.52,-33.68],[-53.37,-33.74]]]},"properties":{"iso_a3":"URY"}},{"type":"Feature","geometry":{"type":"MultiPolygon","coordinates":[[[[-171.46,63.64],[-170.87,63.59],[-170.43,63.7],[-170.02,63.49],[-169.43,63.35],[-168.72,63.31],[-168.85,63.17],[-169.86,63.14],[-170.42,63.35],[-171.06,63.45],[-171.4,63.34],[-171.79,63.42],[-171.46,63.64]]],[[[-166.14,60.38],[-165.7,60.28],[-165.59,59.91],[-166.34,59.83],[-167.14,60.01],[-166.48,60.38],[-166.14,60.38]]],[[[-152.9,57.82],[-152.62,57.85],[-152.41,57.65],[-152.41,57.45],[-153.05,57.24],[-153.27,57.23],[-153.79,56.99],[-154,57.05],[-154.34,56.92],[-154.71,57.34],[-154.54,57.56],[-154.28,57.64],[-153.84,57.64],[-153.57,57.76],[-152.9,57.82]]],[[[-130.03,55.89],[-130.14,55.72],[-130.04,55.3],[-130.21,55.03],[-130.58,54.77],[-130.85,54.81],[-131.05,55.16],[-130.84,55.33],[-130.92,55.74],[-131.29,56.01],[-131.64,55.93],[-131.95,55.55],[-132.22,55.72],[-131.84,56.16],[-132.18,56.42],[-132.49,56.77],[-132.7,56.82],[-132.91,57.05],[-133.47,57.17],[-133.44,57.34],[-133.66,57.84],[-134.21,58.23],[-134.78,58.45],[-135.3,58.26],[-135.86,58.58],[-136.13,58.35],[-136.61,58.24],[-137.54,58.58],[-138.03,58.94],[-138.35,59.09],[-139.71,59.5],[-139.51,59.7],[-139.57,59.91],[-140.22,59.73],[-140.84,59.75],[-141.67,59.97],[-142.55,60.09],[-142.95,60.1],[-143.81,60.01],[-144.9,60.34],[-145.72,60.47],[-145.67,60.65],[-146.15,60.66],[-146.87,61],[-147.36,60.91],[-148.34,60.85],[-147.98,60.52],[-148.18,60.39],[-148.2,60.17],[-148.43,59.99],[-148.75,59.95],[-149.43,60],[-149.78,59.75],[-150.2,59.57],[-150.62,59.48],[-150.96,59.24],[-151.74,59.19],[-151.85,59.41],[-151.51,59.48],[-151.51,59.65],[-151.82,59.72],[-151.73,59.99],[-151.45,60.2],[-151.31,60.47],[-151.32,60.74],[-150.44,61.02],[-150.11,60.93],[-149.95,61.29],[-150.95,61.2],[-151.59,60.98],[-151.75,60.75],[-152.27,60.53],[-152.26,60.41],[-152.75,60.18],[-152.76,59.92],[-153.05,59.73],[-153.62,59.6],[-154.07,59.34],[-154.13,59.12],[-153.66,59.04],[-153.33,58.86],[-153.86,58.59],[-154.25,58.16],[-155.01,58.02],[-155.81,57.56],[-156.48,57.33],[-156.4,57.2],[-156.63,57.01],[-157.58,56.63],[-158.41,56.44],[-158.29,56.2],[-158.48,56.08],[-159.67,55.79],[-160.37,55.64],[-160.5,55.54],[-160.9,55.51],[-161.18,55.39],[-161.74,55.39],[-162.07,55.14],[-162.39,55.05],[-162.96,55.18],[-162.16,55.72],[-161.7,55.91],[-161.22,56.02],[-160.85,55.77],[-160.53,55.97],[-160.38,56.24],[-159.79,56.56],[-159.28,56.69],[-158.68,57],[-158.32,57.3],[-157.85,57.53],[-157.7,57.68],[-157.46,58.5],[-157.01,58.74],[-157.14,58.88],[-158.02,58.64],[-158.86,58.72],[-158.77,58.52],[-159.08,58.47],[-159.67,58.91],[-159.92,58.82],[-160.36,59.05],[-160.82,58.87],[-161.72,58.79],[-161.79,59.11],[-162.02,59.28],[-161.83,59.59],[-162.14,59.98],[-162.57,59.99],[-163.22,59.85],[-163.91,59.81],[-164.66,60.3],[-165.35,60.54],[-164.81,60.89],[-163.73,60.59],[-163.42,60.76],[-163.99,60.86],[-164.44,60.87],[-165.18,60.97],[-165.57,61.1],[-165.85,61.54],[-166.17,61.65],[-165.71,61.93],[-165.71,62.1],[-165.12,62.51],[-164.79,62.62],[-164.8,62.92],[-164.41,63.22],[-163.94,63.25],[-163.36,63.05],[-162.95,63.11],[-162.28,63.53],[-161.97,63.45],[-161.1,63.56],[-160.78,63.82],[-161.05,64.53],[-160.84,64.68],[-161.19,64.92],[-161.76,64.82],[-162.88,64.52],[-164.3,64.58],[-164.98,64.45],[-166.14,64.58],[-166.48,64.73],[-166.42,64.93],[-166.67,65.34],[-167.4,65.42],[-167.99,65.57],[-167.41,65.86],[-167,65.9],[-166.75,66.05],[-165.45,66.41],[-164.46,66.59],[-163.84,66.56],[-163.89,66.29],[-163.7,66.08],[-162.89,66.1],[-161.82,66.05],[-161.56,66.25],[-160.23,66.42],[-160.26,66.57],[-160.86,66.67],[-161.4,66.55],[-161.86,66.7],[-161.62,66.98],[-161.97,67.05],[-163,67.03],[-163.53,67.1],[-164.13,67.61],[-165.39,68.05],[-165.96,68.16],[-166.38,68.43],[-166.21,68.89],[-165.04,68.88],[-164.15,68.96],[-163.54,69.17],[-163.16,69.39],[-162.95,69.76],[-161.88,70.33],[-161.64,70.23],[-161,70.3],[-159.96,70.63],[-159.31,70.88],[-159,70.8],[-157.91,70.86],[-157.2,71.09],[-156.78,71.32],[-155.65,71.18],[-154.67,70.99],[-154.2,70.8],[-153.23,70.93],[-152.49,70.88],[-152.47,70.65],[-151.94,70.45],[-151.22,70.42],[-150.66,70.51],[-150.15,70.44],[-149.27,70.5],[-147.06,70.17],[-145.82,70.16],[-145.2,70.01],[-143.22,70.12],[-141.41,69.65],[-141,69.65],[-141,68.19],[-141,67.31],[-141,66.14],[-141,64.98],[-141,63.51],[-141,62.35],[-141,61.47],[-141,60.3],[-139.97,60.18],[-139.68,60.33],[-139.08,60.34],[-139.19,60.08],[-138.71,59.9],[-138.63,59.78],[-137.59,59.23],[-137.28,58.99],[-136.81,59.15],[-136.58,59.15],[-136.32,59.6],[-135.48,59.79],[-135.05,59.58],[-134.94,59.29],[-134.44,59.09],[-134.22,58.85],[-133.82,58.71],[-132.55,57.5],[-132.03,57.03],[-132.1,56.86],[-131.08,56.4],[-130.74,56.34],[-130.41,56.12],[-130.02,56.01],[-130.03,55.89]]],[[[-163.48,54.98],[-163.36,54.74],[-163.58,54.63],[-164.07,54.62],[-164.59,54.4],[-164.89,54.61],[-164.48,54.91],[-164.27,54.9],[-163.87,55.04],[-163.48,54.98]]],[[[-132.11,56.11],[-132.37,55.94],[-132.6,56.24],[-132.32,56.49],[-132.07,56.24],[-132.11,56.11]]],[[[-130.98,55.49],[-131.19,55.21],[-131.85,55.42],[-131.65,55.59],[-131.62,55.83],[-131.27,55.96],[-130.97,55.67],[-130.98,55.49]]],[[[-133.37,57],[-132.95,56.88],[-133,56.62],[-133.21,56.46],[-133.6,56.46],[-133.68,56.8],[-133.37,57]]],[[[-134.97,57.35],[-134.63,56.76],[-135.02,56.66],[-135.33,56.82],[-135.34,57.08],[-135.77,57.1],[-135.79,57.32],[-135.35,57.53],[-134.97,57.35]]],[[[-134.68,58.16],[-134.24,58.14],[-134.27,57.88],[-133.96,57.61],[-133.93,57.34],[-134.44,57.06],[-134.59,57.09],[-134.49,57.48],[-134.66,57.64],[-134.75,58],[-134.68,58.16]]],[[[-135.73,58.24],[-135.59,58.15],[-134.95,58.02],[-135.08,57.51],[-135.5,57.66],[-135.62,57.48],[-135.91,57.45],[-136.08,57.67],[-136.57,57.97],[-136.51,58.1],[-135.73,58.24]]],[[[-133.57,56.34],[-133.2,56.32],[-133.1,56.09],[-132.76,56],[-132.43,55.69],[-132.42,55.48],[-131.98,55.21],[-131.98,54.8],[-132.78,55.05],[-133.1,55.36],[-133.03,55.59],[-133.3,55.61],[-133.45,55.8],[-133.24,55.92],[-133.53,56.15],[-133.57,56.34]]],[[[-133.99,56.84],[-133.86,56.58],[-133.95,56.13],[-134.25,56.2],[-134.2,56.41],[-134.38,56.72],[-133.99,56.84]]],[[[-152.42,58.36],[-152.45,58.13],[-152.93,57.99],[-153.38,58.09],[-152.67,58.45],[-152.42,58.36]]],[[[-166.62,53.9],[-166.44,53.65],[-166.85,53.45],[-167.2,53.49],[-167.02,53.7],[-166.98,53.96],[-166.62,53.9]]],[[[-174.68,52.04],[-174.67,52.13],[-174.17,52.42],[-174.12,52.14],[-174.68,52.04]]],[[[-155.58,19.01],[-155.68,18.97],[-155.91,19.13],[-155.89,19.38],[-156.05,19.75],[-155.62,20.16],[-155.2,19.99],[-155.07,19.75],[-154.8,19.52],[-155.05,19.32],[-155.31,19.26],[-155.58,19.01]]],[[[-156.49,20.93],[-156.28,20.95],[-155.99,20.76],[-156.11,20.64],[-156.44,20.62],[-156.49,20.93]]],[[[-157.8,21.46],[-158.08,21.31],[-158.24,21.49],[-157.96,21.7],[-157.8,21.46]]],[[[-159.37,21.93],[-159.61,21.91],[-159.79,22.04],[-159.58,22.22],[-159.3,22.15],[-159.37,21.93]]],[[[-74.71,45],[-72.77,45.01],[-71.52,45.01],[-71.33,45.29],[-71.13,45.26],[-70.71,45.41],[-70.7,45.55],[-70.42,45.74],[-70.29,45.94],[-70.25,46.25],[-70.07,46.44],[-70.01,46.71],[-69.24,47.46],[-69.05,47.27],[-68.83,47.2],[-68.24,47.35],[-67.81,47.08],[-67.78,45.7],[-67.43,45.6],[-67.47,45.28],[-67.12,45.17],[-67.11,44.89],[-67.36,44.7],[-67.91,44.45],[-68.28,44.51],[-68.52,44.38],[-68.96,44.35],[-69.07,44.1],[-69.23,43.99],[-69.79,43.81],[-70.18,43.77],[-70.2,43.63],[-70.52,43.35],[-70.83,42.83],[-70.74,42.67],[-71,42.3],[-70.74,42.23],[-70.4,41.63],[-70.66,41.53],[-71.43,41.63],[-71.52,41.38],[-71.77,41.33],[-72.85,41.27],[-73.58,41.02],[-74.19,40.65],[-74.24,40.46],[-73.97,40.4],[-73.97,40.25],[-74.18,39.73],[-74.58,39.32],[-74.9,39.15],[-75.41,39.28],[-75.39,39.09],[-75.09,38.78],[-75.12,38.41],[-75.6,37.63],[-75.89,37.62],[-75.66,37.95],[-75.86,38.26],[-76.21,38.36],[-76.29,38.49],[-76.17,38.71],[-76.52,38.9],[-76.5,38.53],[-76.39,38.37],[-76.45,38.17],[-76.26,37.85],[-76.34,37.68],[-76.25,37.43],[-76.4,37.21],[-76.24,36.95],[-76,36.91],[-75.89,36.66],[-75.99,36.47],[-75.87,36.27],[-76.21,35.99],[-75.77,35.9],[-75.77,35.65],[-76.17,35.35],[-76.51,35.27],[-76.63,35.07],[-76.36,34.94],[-76.52,34.78],[-76.8,34.7],[-77.13,34.71],[-77.7,34.33],[-78.01,33.91],[-78.41,33.92],[-78.92,33.66],[-79.14,33.41],[-79.19,33.24],[-79.42,33.04],[-80.02,32.62],[-80.23,32.58],[-80.47,32.42],[-80.92,31.94],[-81.2,31.7],[-81.18,31.53],[-81.29,31.26],[-81.45,31.09],[-81.52,30.8],[-81.25,29.79],[-80.9,29.05],[-80.56,28.56],[-80.75,28.38],[-80.05,26.81],[-80.04,26.57],[-80.14,25.87],[-80.3,25.62],[-80.37,25.33],[-80.74,25.16],[-81.11,25.14],[-81.11,25.37],[-81.35,25.73],[-81.36,25.83],[-81.72,25.98],[-81.87,26.44],[-82.04,26.55],[-82.18,26.84],[-82.44,27.06],[-82.64,27.52],[-82.66,27.72],[-82.84,27.85],[-82.66,28.49],[-82.65,28.89],[-82.77,29.05],[-83.29,29.45],[-83.69,29.93],[-84.04,30.1],[-84.31,30.06],[-84.8,29.77],[-85.32,29.68],[-85.35,29.88],[-85.66,30.19],[-86.18,30.33],[-86.26,30.49],[-86.68,30.4],[-87.28,30.34],[-87.62,30.26],[-87.79,30.29],[-87.92,30.45],[-88.14,30.37],[-88.69,30.36],[-88.91,30.42],[-89.59,30.17],[-90.23,30.38],[-90.41,30.14],[-90.18,30.03],[-89.89,30.13],[-89.63,29.9],[-89.72,29.62],[-89.51,29.42],[-89.02,29.2],[-89.35,29.07],[-89.44,29.19],[-89.88,29.46],[-90.05,29.43],[-90.1,29.18],[-90.38,29.3],[-90.59,29.27],[-90.75,29.13],[-91,29.19],[-91.24,29.46],[-91.51,29.56],[-91.67,29.75],[-91.89,29.84],[-92.26,29.56],[-92.67,29.6],[-93.28,29.79],[-93.69,29.77],[-94.1,29.67],[-94.57,29.48],[-94.89,29.68],[-94.99,29.53],[-94.89,29.37],[-95.14,29.17],[-95.27,28.96],[-95.85,28.64],[-96.02,28.59],[-96.28,28.66],[-96.45,28.59],[-96.56,28.37],[-96.81,28.22],[-97.16,28.14],[-97.07,27.99],[-97.29,27.67],[-97.49,27.24],[-97.55,26.97],[-97.44,26.49],[-97.15,25.96],[-97.38,25.87],[-97.8,26.04],[-98.08,26.06],[-99.11,26.45],[-99.23,26.76],[-99.44,27.04],[-99.48,27.47],[-99.6,27.64],[-99.89,27.87],[-100,28.05],[-100.3,28.33],[-100.33,28.5],[-100.75,29.18],[-101.3,29.63],[-101.44,29.78],[-101.99,29.8],[-102.27,29.87],[-102.61,29.75],[-102.73,29.64],[-102.88,29.32],[-103.09,29.04],[-103.26,29],[-103.66,29.21],[-103.99,29.32],[-104.4,29.57],[-104.62,29.85],[-104.68,30.13],[-104.98,30.65],[-105.28,30.81],[-106.02,31.4],[-106.26,31.54],[-106.45,31.77],[-108.21,31.78],[-108.21,31.33],[-109.63,31.33],[-111.04,31.32],[-111.99,31.62],[-113.89,32.21],[-114.84,32.51],[-114.84,32.7],[-117.13,32.53],[-117.24,32.66],[-117.26,32.94],[-117.47,33.3],[-118.08,33.72],[-118.26,33.76],[-118.51,34.02],[-118.83,34.02],[-119.24,34.16],[-119.27,34.26],[-119.61,34.42],[-120.48,34.47],[-120.64,34.58],[-120.63,35.08],[-120.86,35.21],[-120.86,35.37],[-121.34,35.79],[-121.88,36.33],[-121.92,36.57],[-121.79,36.73],[-121.88,36.94],[-122.16,36.99],[-122.39,37.21],[-122.5,37.54],[-122.47,37.84],[-122.68,37.9],[-122.97,38.1],[-122.99,38.28],[-123.7,38.91],[-123.82,39.37],[-123.78,39.62],[-123.88,39.86],[-124.32,40.25],[-124.37,40.49],[-124.13,40.97],[-124.07,41.46],[-124.24,41.79],[-124.21,41.98],[-124.36,42.12],[-124.41,42.58],[-124.54,42.81],[-124.35,43.34],[-124.15,43.69],[-124.06,44.78],[-123.93,45.58],[-123.95,46.43],[-123.89,46.66],[-124.07,46.74],[-124.38,47.66],[-124.62,47.9],[-124.7,48.15],[-124.63,48.38],[-123.98,48.17],[-122.77,48.08],[-122.66,47.88],[-122.55,47.4],[-122.83,47.34],[-122.73,47.11],[-122.35,47.37],[-122.39,47.82],[-122.24,48.01],[-122.52,48.16],[-122.41,48.29],[-122.56,48.78],[-122.79,48.99],[-120.98,48.99],[-119.7,48.99],[-117.14,48.99],[-115.44,48.99],[-113.73,48.99],[-112.45,48.99],[-110.32,48.99],[-108.62,48.99],[-106.48,48.99],[-104.78,48.99],[-103.5,48.99],[-101.79,48.99],[-100.09,48.99],[-98.81,48.99],[-96.68,48.99],[-95.16,48.99],[-95.16,49.37],[-94.85,49.3],[-94.68,48.77],[-93.85,48.61],[-93.71,48.53],[-93.38,48.62],[-93.05,48.62],[-92.17,48.34],[-91.52,48.06],[-90.84,48.2],[-90.74,48.1],[-90.09,48.12],[-89.99,48.02],[-89.27,48.02],[-88.61,48.26],[-88.38,48.3],[-86.92,47.74],[-84.88,46.9],[-84.78,46.64],[-84.56,46.46],[-84.19,46.55],[-83.98,46.08],[-83.62,46.12],[-83.47,45.99],[-83.59,45.82],[-82.55,45.35],[-82.14,43.57],[-82.41,43.07],[-82.55,42.62],[-83.07,42.3],[-83.14,41.98],[-83.03,41.83],[-82.69,41.68],[-82.44,41.67],[-81.28,42.21],[-80.25,42.37],[-79.04,42.8],[-78.92,42.94],[-79.07,43.11],[-79.17,43.47],[-78.72,43.62],[-76.82,43.63],[-76.46,44.06],[-76.15,44.3],[-75.88,44.42],[-75.18,44.9],[-74.71,45]]],[[[-72.51,40.99],[-72.43,40.88],[-73.19,40.65],[-73.93,40.6],[-73.88,40.79],[-73.61,40.91],[-72.51,40.99]]]]},"properties":{"iso_a3":"USA"}},{"type":"Feature","geometry":{"type":"Polygon","coordinates":[[[70.95,42.25],[70.84,42.02],[70.18,41.57],[70.47,41.41],[70.65,41.46],[70.78,41.26],[71.11,41.15],[71.41,41.14],[71.42,41.34],[71.79,41.41],[71.88,41.2],[72.16,41.17],[72.62,40.88],[72.93,40.84],[72.68,40.56],[72.36,40.4],[72.13,40.44],[71.96,40.26],[71.69,40.15],[71.38,40.28],[70.96,40.24],[70.65,40.2],[70.38,40.45],[70.75,40.74],[70.44,41.02],[70.29,40.89],[69.71,40.66],[69.41,40.8],[69.21,40.57],[69.27,40.2],[68.95,40.22],[68.64,39.84],[68.59,39.63],[68.4,39.53],[67.72,39.62],[67.43,39.47],[67.35,39.24],[67.62,39.15],[67.69,38.99],[67.96,38.99],[68.15,38.89],[68.05,38.67],[68.14,38.38],[68.35,38.21],[68.17,37.93],[67.81,37.49],[67.76,37.17],[67.52,37.27],[67.32,37.21],[67.07,37.33],[66.52,37.35],[66.57,38.01],[65.86,38.27],[65.61,38.24],[64.62,38.76],[64.31,38.98],[64.16,38.95],[63.76,39.16],[63.51,39.38],[62.65,39.86],[62.44,40.04],[62.38,40.33],[62.1,40.68],[61.95,41.03],[61.5,41.28],[61.33,41.2],[60.75,41.25],[60.45,41.22],[60.09,41.4],[60.11,41.91],[60.01,42.19],[59.86,42.3],[59.45,42.3],[59.12,42.52],[58.88,42.56],[58.59,42.78],[58.26,42.69],[57.95,42.42],[57.86,42.23],[57.38,42.16],[56.96,41.86],[57.02,41.26],[55.98,41.32],[55.98,42.7],[55.98,43.62],[55.98,44.99],[57.48,45.34],[58.56,45.56],[59.22,45.24],[61.07,44.35],[61.16,44.17],[61.99,43.49],[63.21,43.63],[64.44,43.55],[64.91,43.71],[65.27,43.42],[65.5,43.31],[65.8,42.88],[66.1,42.99],[66.01,42],[66.5,41.99],[66.6,41.49],[66.81,41.14],[67.94,41.2],[68.11,41.03],[68.05,40.81],[68.42,40.62],[68.58,40.88],[69.04,41.26],[69.06,41.37],[69.66,41.67],[70.1,41.82],[70.42,42.08],[70.61,42.05],[70.95,42.25]]]},"properties":{"iso_a3":"UZB"}},{"type":"Feature","geometry":{"type":"Polygon","coordinates":[[[12.44,41.9],[12.43,41.9],[12.43,41.91],[12.44,41.91],[12.44,41.9]]]},"properties":{"iso_a3":"VAT"}},{"type":"Feature","geometry":{"type":"Polygon","coordinates":[[[-61.17,13.16],[-61.28,13.21],[-61.27,13.29],[-61.12,13.29],[-61.17,13.16]]]},"properties":{"iso_a3":"VCT"}},{"type":"Feature","geometry":{"type":"Polygon","coordinates":[[[-60.02,8.55],[-59.83,8.31],[-60.03,8.05],[-60.38,7.83],[-60.51,7.81],[-60.72,7.54],[-60.58,7.16],[-60.35,7.15],[-60.4,6.95],[-60.72,6.77],[-61.15,6.69],[-61.2,6.59],[-61.13,6.21],[-61.38,5.91],[-60.74,5.2],[-60.6,4.99],[-60.74,4.77],[-61.1,4.5],[-61.28,4.52],[-61.55,4.29],[-62.15,4.1],[-62.41,4.16],[-62.74,3.94],[-62.76,3.67],[-62.97,3.59],[-63.29,3.92],[-64.02,3.93],[-64.19,4.13],[-64.58,4.14],[-64.57,3.9],[-64.22,3.59],[-64.22,3.2],[-64.04,2.8],[-64.05,2.5],[-63.92,2.45],[-63.39,2.41],[-63.39,2.22],[-64.04,1.9],[-64.11,1.62],[-64.3,1.46],[-64.49,1.45],[-64.73,1.25],[-65.1,1.11],[-65.36,0.87],[-65.72,0.98],[-66,0.81],[-66.3,0.75],[-66.43,0.82],[-66.88,1.22],[-67.21,2.39],[-67.62,2.79],[-67.86,2.86],[-67.35,3.32],[-67.31,3.42],[-67.66,3.86],[-67.8,4.28],[-67.86,4.67],[-67.81,4.93],[-67.82,5.27],[-67.69,5.45],[-67.58,5.83],[-67.44,6.03],[-67.57,6.24],[-67.94,6.24],[-68.47,6.16],[-68.94,6.2],[-69.27,6.1],[-69.43,6.12],[-70.1,6.94],[-70.39,6.97],[-70.66,7.08],[-71.01,6.99],[-71.62,7.03],[-71.89,6.99],[-72.08,7.1],[-72.21,7.37],[-72.44,7.45],[-72.48,7.61],[-72.45,7.97],[-72.36,8.09],[-72.42,8.38],[-72.67,8.63],[-72.8,9.11],[-73.36,9.23],[-73.01,9.79],[-72.87,10.49],[-72.69,10.84],[-72.45,11.11],[-72.25,11.2],[-71.96,11.67],[-71.32,11.86],[-71.49,11.72],[-71.87,11.63],[-71.95,11.41],[-71.59,10.66],[-71.66,10.44],[-71.96,10.11],[-72.11,9.82],[-71.98,9.55],[-71.76,9.34],[-71.69,9.07],[-71.54,9.05],[-71.24,9.16],[-71.09,9.35],[-71.05,9.71],[-71.26,10.14],[-71.39,10.26],[-71.54,10.78],[-71.47,10.96],[-71.26,11],[-70.82,11.21],[-70.23,11.37],[-70.1,11.52],[-69.89,11.44],[-69.82,11.67],[-70.19,11.62],[-70.29,11.89],[-70.2,12.1],[-70,12.18],[-69.83,12],[-69.71,11.56],[-69.63,11.48],[-69.23,11.52],[-68.83,11.43],[-68.4,11.16],[-68.27,10.88],[-68.3,10.69],[-68.14,10.49],[-67.87,10.47],[-66.99,10.61],[-66.25,10.63],[-65.85,10.26],[-65.13,10.07],[-64.85,10.1],[-64.19,10.46],[-63.83,10.45],[-63.87,10.66],[-63.5,10.64],[-63.19,10.71],[-62.7,10.75],[-62.69,10.56],[-62.84,10.42],[-62.66,10.2],[-62.52,10.18],[-62.32,9.78],[-62.08,9.98],[-61.84,9.78],[-61.51,9.85],[-61.31,9.63],[-61.01,9.56],[-60.79,9.36],[-61.05,9.1],[-61.25,8.6],[-61.04,8.49],[-60.8,8.59],[-60.48,8.55],[-60.34,8.63],[-60.02,8.55]]]},"properties":{"iso_a3":"VEN"}},{"type":"Feature","geometry":{"type":"Polygon","coordinates":[[[-64.59,18.4],[-64.67,18.4],[-64.65,18.44],[-64.57,18.45],[-64.59,18.4]]]},"properties":{"iso_a3":"VGB"}},{"type":"Feature","geometry":{"type":"Polygon","coordinates":[[[-64.77,17.79],[-64.69,17.71],[-64.89,17.7],[-64.88,17.77],[-64.77,17.79]]]},"properties":{"iso_a3":"VIR"}},{"type":"Feature","geometry":{"type":"Polygon","coordinates":[[[107.97,21.51],[107.41,21.28],[107.35,21.06],[107.16,20.95],[106.68,20.96],[106.75,20.74],[106.55,20.53],[106.57,20.39],[106.17,19.99],[105.98,19.94],[105.81,19.59],[105.79,19.29],[105.62,18.97],[105.89,18.5],[106.24,18.22],[106.5,17.95],[106.48,17.72],[106.74,17.37],[107.12,17.06],[107.18,16.9],[107.72,16.49],[107.83,16.32],[108.03,16.33],[108.67,15.48],[108.82,15.38],[108.94,15],[109.08,14.72],[109.19,14.27],[109.25,13.85],[109.27,13.28],[109.42,12.96],[109.22,12.65],[109.2,11.72],[109.04,11.59],[108.99,11.34],[108.82,11.32],[108.27,10.93],[108.09,10.9],[108,10.72],[107.85,10.7],[107.26,10.4],[107.09,10.5],[106.76,10.3],[106.79,10.12],[106.56,9.87],[106.57,9.64],[106.21,9.5],[106.17,9.4],[105.5,9.09],[105.32,8.8],[105.11,8.63],[104.89,8.58],[104.82,8.8],[104.81,9.19],[104.9,9.82],[105.09,9.9],[105.03,10.07],[104.8,10.2],[104.66,10.17],[104.43,10.41],[104.56,10.52],[104.82,10.52],[105.06,10.73],[105.39,10.94],[105.76,10.99],[105.85,10.86],[106.13,10.92],[106.16,11.04],[105.89,11.24],[105.84,11.56],[106.01,11.76],[106.4,11.69],[106.42,11.91],[106.93,12.08],[107.16,12.28],[107.51,12.36],[107.56,12.54],[107.48,13.03],[107.61,13.44],[107.33,14.13],[107.36,14.37],[107.52,14.71],[107.48,14.98],[107.65,15.26],[107.23,15.68],[107.19,15.84],[107.3,16.08],[106.93,16.35],[106.85,16.52],[106.66,16.49],[106.55,16.65],[106.53,16.88],[106.27,17.22],[105.97,17.45],[105.69,17.74],[105.46,18.15],[105.33,18.19],[105.09,18.45],[105.12,18.68],[104.72,18.8],[104.11,19.2],[103.92,19.27],[104.06,19.48],[104.03,19.68],[104.26,19.69],[104.55,19.61],[104.74,19.75],[104.93,20.02],[104.89,20.17],[104.68,20.22],[104.5,20.41],[104.58,20.65],[104.2,20.91],[104.05,20.94],[103.64,20.7],[103.1,20.89],[102.85,21.27],[102.95,21.68],[102.7,21.66],[102.61,21.85],[102.13,22.38],[102.41,22.71],[102.52,22.74],[103.01,22.45],[103.27,22.71],[103.47,22.6],[103.64,22.77],[103.92,22.54],[104.05,22.75],[104.21,22.81],[104.37,22.7],[104.8,22.91],[104.86,23.14],[105.28,23.35],[105.55,23.07],[105.84,22.92],[106.18,22.96],[106.34,22.86],[106.54,22.91],[106.78,22.78],[106.58,22.57],[106.73,22],[107.01,21.89],[107.06,21.79],[107.35,21.61],[107.8,21.65],[107.97,21.51]]]},"properties":{"iso_a3":"VNM"}},{"type":"Feature","geometry":{"type":"MultiPolygon","coordinates":[[[[166.75,-14.83],[166.81,-15.16],[166.97,-15.06],[167.13,-15.14],[167.2,-15.49],[166.83,-15.63],[166.63,-15.41],[166.65,-15.21],[166.53,-14.85],[166.75,-14.83]]],[[[167.41,-16.1],[167.84,-16.45],[167.45,-16.55],[167.32,-16.12],[167.41,-16.1]]]]},"properties":{"iso_a3":"VUT"}},{"type":"Feature","geometry":{"type":"Polygon","coordinates":[[[-178.05,-14.32],[-178.16,-14.31],[-178.14,-14.24],[-178.05,-14.32]]]},"properties":{"iso_a3":"WLF"}},{"type":"Feature","geometry":{"type":"MultiPolygon","coordinates":[[[[-172.33,-13.47],[-172.18,-13.68],[-172.54,-13.79],[-172.67,-13.52],[-172.33,-13.47]]],[[[-171.45,-14.05],[-171.91,-14],[-171.86,-13.81],[-171.6,-13.88],[-171.45,-14.05]]]]},"properties":{"iso_a3":"WSM"}},{"type":"Feature","geometry":{"type":"MultiPolygon","coordinates":[[[[53.09,16.65],[52.58,16.47],[52.33,16.29],[52.17,15.96],[52.22,15.66],[51.6,15.34],[51.02,15.14],[50.53,15.04],[50.17,14.85],[49.91,14.83],[49.35,14.64],[49.05,14.46],[48.93,14.27],[48.67,14.05],[48.28,14],[47.99,14.05],[47.63,13.86],[47.41,13.66],[46.66,13.43],[46.2,13.42],[45.66,13.34],[45.39,13.07],[45.16,13],[45.04,12.82],[44.76,12.76],[44.62,12.82],[44.36,12.67],[44.01,12.61],[43.63,12.74],[43.48,12.84],[43.23,13.27],[43.28,13.64],[43.23,13.86],[43.09,14.01],[43.02,14.55],[42.72,15.65],[42.84,16.03],[42.8,16.37],[42.99,16.51],[43.19,16.77],[43.12,16.94],[43.19,17.36],[43.42,17.52],[43.92,17.32],[44.16,17.4],[45.15,17.43],[45.41,17.32],[46.31,17.23],[46.73,17.27],[46.98,16.95],[47.14,16.95],[47.44,17.11],[47.58,17.45],[48.17,18.16],[49.04,18.58],[49.45,18.66],[50.71,18.83],[51.98,19],[52.73,17.3],[52.8,17.27],[53.09,16.65]]],[[[53.76,12.64],[54.19,12.66],[54.13,12.36],[53.6,12.34],[53.32,12.53],[53.53,12.72],[53.76,12.64]]]]},"properties":{"iso_a3":"YEM"}},{"type":"Feature","geometry":{"type":"Polygon","coordinates":[[[29.36,-22.19],[29.66,-22.15],[30.46,-22.33],[30.92,-22.29],[31.29,-22.4],[31.53,-23.28],[31.53,-23.43],[31.8,-23.89],[31.99,-24.46],[31.98,-25.63],[31.95,-25.96],[31.87,-25.98],[31.38,-25.74],[31.21,-25.84],[30.8,-26.41],[30.79,-26.76],[30.88,-26.79],[31.06,-27.11],[31.47,-27.3],[31.96,-27.31],[31.99,-26.82],[32.11,-26.84],[32.89,-26.85],[32.85,-27.08],[32.66,-27.61],[32.53,-28.2],[32.29,-28.62],[32.03,-28.84],[31.78,-28.94],[31.17,-29.59],[31.02,-29.9],[30.29,-30.97],[29.97,-31.32],[29.48,-31.67],[28.86,-32.29],[27.86,-33.05],[27.08,-33.52],[26.43,-33.76],[25.99,-33.71],[25.65,-33.85],[25.48,-34.03],[25,-33.97],[24.83,-34.17],[24.6,-34.17],[24.18,-34.06],[23.59,-33.99],[23.27,-34.08],[22.55,-34.01],[22.25,-34.07],[21.79,-34.37],[21.25,-34.41],[21.06,-34.36],[20.53,-34.46],[20.02,-34.79],[19.63,-34.75],[19.39,-34.61],[19.1,-34.35],[18.83,-34.36],[18.81,-34.11],[18.53,-34.09],[18.43,-33.72],[18.26,-33.42],[17.99,-33.15],[17.85,-32.83],[18.25,-32.65],[18.33,-32.5],[18.31,-32.12],[18.21,-31.74],[17.68,-31.02],[17.19,-30.1],[16.95,-29.4],[16.74,-29.01],[16.45,-28.62],[16.76,-28.45],[16.93,-28.07],[17.06,-28.03],[17.39,-28.35],[17.34,-28.45],[17.45,-28.7],[18.31,-28.89],[18.84,-28.87],[19.25,-28.9],[19.67,-28.5],[19.98,-28.45],[19.98,-26.53],[19.98,-24.78],[20.35,-25.03],[20.61,-25.49],[20.79,-25.92],[20.82,-26.16],[20.63,-26.44],[20.64,-26.74],[20.74,-26.85],[21.65,-26.85],[21.83,-26.68],[22.01,-26.64],[22.22,-26.39],[22.64,-26.07],[22.88,-25.46],[23.02,-25.32],[23.27,-25.27],[23.52,-25.34],[23.89,-25.6],[24.19,-25.63],[24.33,-25.74],[24.75,-25.82],[25,-25.75],[25.44,-25.71],[25.58,-25.61],[25.91,-24.75],[26.4,-24.61],[26.84,-24.24],[26.99,-23.7],[27.15,-23.52],[27.5,-23.37],[27.89,-23.07],[28.21,-22.69],[28.38,-22.59],[28.7,-22.54],[28.95,-22.4],[29.13,-22.21],[29.36,-22.19]],[[28.74,-30.1],[29.1,-29.92],[29.39,-29.27],[29.18,-29.04],[28.63,-28.58],[28.23,-28.7],[27.74,-28.94],[27.29,-29.52],[27.05,-29.66],[27.24,-30.02],[27.49,-30.36],[27.75,-30.6],[28.02,-30.64],[28.39,-30.15],[28.74,-30.1]]]},"properties":{"iso_a3":"ZAF"}},{"type":"Feature","geometry":{"type":"Polygon","coordinates":[[[30.4,-15.64],[29.73,-15.64],[29.29,-15.78],[28.91,-15.99],[28.86,-16.31],[28.76,-16.53],[28.4,-16.66],[27.93,-16.9],[27.76,-17.06],[27.44,-17.51],[27.02,-17.96],[26.78,-18.04],[26.14,-17.91],[25.86,-17.95],[25.64,-17.82],[25.26,-17.79],[24.93,-17.54],[24.27,-17.48],[23.38,-17.64],[22.72,-17.08],[22.31,-16.69],[22.15,-16.6],[21.98,-15.96],[21.98,-14.76],[21.98,-13],[23.9,-13],[23.88,-12.8],[24,-12.35],[23.96,-12.12],[23.97,-11.64],[24.03,-11.32],[23.97,-10.87],[24.14,-11.03],[24.32,-11.07],[24.52,-11.44],[24.67,-11.35],[25.18,-11.24],[25.35,-11.62],[26.03,-11.89],[26.73,-11.98],[26.95,-11.9],[27.05,-11.62],[27.42,-11.94],[27.53,-12.2],[27.86,-12.28],[28.36,-12.48],[28.55,-12.84],[28.67,-12.86],[29.01,-13.37],[29.2,-13.4],[29.55,-13.25],[29.65,-13.41],[29.8,-13.39],[29.8,-12.16],[29.51,-12.23],[29.49,-12.42],[29.06,-12.35],[28.85,-12.12],[28.48,-11.81],[28.36,-11.48],[28.54,-10.8],[28.64,-10.67],[28.61,-10.4],[28.63,-9.83],[28.54,-9.51],[28.4,-9.22],[28.76,-8.93],[28.92,-8.7],[28.9,-8.49],[29.77,-8.34],[30.75,-8.19],[30.83,-8.39],[31.03,-8.6],[31.35,-8.61],[31.53,-8.71],[31.67,-8.91],[31.92,-8.94],[31.94,-9.05],[32.43,-9.16],[32.92,-9.41],[33,-9.62],[33.2,-9.63],[33.35,-9.86],[33.31,-10.04],[33.53,-10.23],[33.66,-10.59],[33.26,-10.89],[33.38,-11.16],[33.23,-11.53],[33.31,-11.8],[33.25,-12.11],[33.4,-12.49],[33.02,-12.63],[32.98,-13.16],[32.85,-13.46],[32.67,-13.61],[32.98,-14.01],[33.2,-14.01],[31.98,-14.41],[31.54,-14.58],[30.67,-14.82],[30.23,-14.99],[30.4,-15.64]]]},"properties":{"iso_a3":"ZMB"}},{"type":"Feature","geometry":{"type":"Polygon","coordinates":[[[31.29,-22.4],[30.92,-22.29],[30.46,-22.33],[29.66,-22.15],[29.36,-22.19],[29.04,-22.02],[29.04,-21.81],[28.53,-21.65],[28.05,-21.57],[27.67,-21.06],[27.7,-20.53],[27.28,-20.48],[27.18,-20.1],[26.68,-19.89],[26.17,-19.54],[25.95,-19.08],[25.94,-18.94],[25.76,-18.65],[25.49,-18.35],[25.22,-17.92],[25.26,-17.79],[25.64,-17.82],[25.86,-17.95],[26.14,-17.91],[26.78,-18.04],[27.02,-17.96],[27.44,-17.51],[27.76,-17.06],[27.93,-16.9],[28.4,-16.66],[28.76,-16.53],[28.86,-16.31],[28.91,-15.99],[29.29,-15.78],[29.73,-15.64],[30.4,-15.64],[30.41,-15.98],[31.24,-16.02],[31.49,-16.18],[31.69,-16.21],[31.94,-16.43],[32.24,-16.45],[32.95,-16.71],[32.88,-17.04],[32.97,-17.25],[32.96,-18.2],[33,-18.31],[32.85,-18.76],[32.72,-19],[32.85,-19.15],[32.78,-19.39],[33.01,-19.87],[32.87,-20.22],[32.67,-20.52],[32.48,-20.71],[32.48,-20.95],[32.35,-21.14],[32.37,-21.33],[31.43,-22.3],[31.29,-22.4]]]},"properties":{"iso_a3":"ZWE"}}]}